home_country,source_currency,dest_currency,channel,amount_src,amount_usd,fee,exchange_rate_src_to_dest,location_mismatch,kyc_tier,account_age_days,device_trust_score,risk_score_internal,txn_velocity_24h,corridor_risk,day_of_week,year,is_fraud
US,USD,CAD,ATM,278.19,278.19,4.25,1.351351,FALSE,standard,263,0.522,0.223,0,0,Monday,2022,0
CA,CAD,MXN,web,208.51,154.29,4.24,12.758621,FALSE,standard,947,0.475,0.268,1,0,Monday,2022,0
US,USD,CNY,mobile,160.33,160.33,2.7,7.142857,FALSE,enhanced,367,0.939,0.176,0,0,Monday,2022,0
US,USD,EUR,mobile,59.41,59.41,2.22,0.925926,FALSE,standard,147,0.551,0.391,0,0,Tuesday,2022,0
US,USD,INR,mobile,200.96,200.96,3.61,83.333333,FALSE,enhanced,257,0.894,0.257,0,0,Tuesday,2022,0
US,USD,GBP,mobile,526.9,526.9,8.75,0.8,FALSE,low,616,0.702,0.361,0,0,Tuesday,2022,0
CA,CAD,GBP,mobile,149.24,110.44,2.33,0.592,FALSE,standard,947,0.625,0.268,0,0,Tuesday,2022,0
CA,CAD,INR,web,276.51,204.62,5.59,61.666667,FALSE,standard,1041,0.867,0.245,1,0.12,Tuesday,2022,0
US,USD,EUR,mobile,99.52,99.52,2.41,0.925926,FALSE,enhanced,367,0.939,0.176,0,0,Tuesday,2022,0
US,USD,PHP,web,302.55,302.55,5.26,58.823529,FALSE,standard,1016,0.944,0.247,0,0.1,Tuesday,2022,1
US,USD,NGN,mobile,187.84,187.84,3.14,1111.111111,FALSE,enhanced,257,0.894,0.257,0,0.25,Tuesday,2022,0
US,USD,USD,mobile,9998.43,9998.43,151.63,1,FALSE,standard,1018,0.934,0.087,0,0,Tuesday,2022,0
US,USD,CNY,WEB,171.86,171.86,2.96,7.142857,FALSE,standard,298,0.336,0.166,0,0,Wednesday,2022,0
UK,GBP,EUR,mobile,322.24,410.97,110.92,1.157407,FALSE,unknown,4,0.68,0.407,0,0.05,Wednesday,2022,0
US,USD,INR,ATM,87.81,87.81,2.4,83.333333,FALSE,standard,147,0.401,0.391,1,0,Wednesday,2022,0
US,USD,CAD,web,9991.85,9991.85,151.39,1.351351,FALSE,enhanced,257,0.894,0.257,0,0,Wednesday,2022,0
US,USD,GBP,mobile,309.39,309.39,5.54,0.8,FALSE,standard,1016,0.944,0.247,0,0,Wednesday,2022,0
US,USD,MXN,web,260.49,260.49,4.85,17.241379,FALSE,enhanced,367,0.939,0.176,0,0.2,Wednesday,2022,0
US,USD,GBP,mobile,87.5,87.5,2.31,0.8,FALSE,standard,1018,0.784,0.087,0,0,Wednesday,2022,0
US,USD,NGN,mobile,254.76,254.76,4.75,1111.111111,TRUE,standard,298,0.336,0.166,0,0.25,Thursday,2022,0
US,USD,CAD,mobile,326.05,326.05,5.85,1.351351,FALSE,standard,263,0.522,0.223,0,0,Thursday,2022,0
CA,CAD,NGN,ATM,293.42,217.13,5.81,822.222222,FALSE,standard,853,0.68,0.29,0,0,Thursday,2022,0
US,USD,NGN,web,208.25,208.25,4.3,1111.111111,TRUE,enhanced,367,0.939,0.176,0,0.25,Thursday,2022,0
US,USD,NGN,web,121.71,121.71,3.06,1111.111111,FALSE,standard,298,0.186,0.166,0,0.25,Thursday,2022,0
US,USD,GBP,mobile,39.5,39.5,1.3,0.8,FALSE,standard,1018,0.934,0.087,0,0,Thursday,2022,0
US,USD,USD,mobile,121.06,121.06,3.04,1,FALSE,standard,147,0.551,0.391,0,0,Thursday,2022,0
US,USD,CAD,mobile,204.53,204.53,4.61,1.351351,FALSE,standard,263,0.522,0.223,0,0,Thursday,2022,0
CA,CAD,CNY,web,76.26,56.43,3.89,5.285714,FALSE,standard,1041,0.867,0.245,0,0,Thursday,2022,0
CA,CAD,MXN,mobile,149.15,110.37,3.63,12.758621,FALSE,standard,366,0.662,0.225,0,0,Thursday,2022,0
US,USD,GBP,web,46.16,46.16,1,0.8,FALSE,standard,1018,0.934,0.087,0,0,Thursday,2022,0
US,USD,NGN,mobile,97.81,97.81,3.11,1111.111111,FALSE,standard,147,0.551,0.391,0,0.25,Thursday,2022,0
US,USD,CAD,mobile,150.59,150.59,3.38,1.351351,TRUE,standard,1016,0.944,0.247,0,0,Friday,2022,0
US,USD,USD,mobile,232.66,232.66,4.31,1,FALSE,standard,263,0.522,0.223,0,0,Friday,2022,0
US,USD,GBP,ATM,91.61,91.61,1.63,0.8,FALSE,standard,263,0.522,0.223,0,0,Friday,2022,0
US,USD,USD,mobile,61.27,61.27,1.79,1,FALSE,enhanced,367,0.939,0.176,0,0,Friday,2022,0
CA,CAD,CNY,web,146.2,108.19,2.67,5.285714,FALSE,standard,172,0.881,0.199,0,0,Friday,2022,0
UK,GBP,GBP,mobile,291.49,364.36,4.34,1,FALSE,standard,4,0.892,0.407,0,0,Friday,2022,0
US,USD,EUR,mobile,307.68,307.68,5.25,0.925926,FALSE,standard,263,0.522,0.223,0,0,Friday,2022,0
UK,GBP,PHP,web,93.99,117.49,2.15,73.529412,FALSE,standard,4,0.892,0.407,0,0,Friday,2022,0
UK,GBP,EUR,mobile,126.01,157.51,3.4,1.157407,FALSE,standard,4,0.892,0.407,0,0.05,Saturday,2022,0
US,USD,PHP,mobile,165.91,165.91,3.46,58.823529,FALSE,enhanced,367,0.939,0.176,0,0.1,-1,0,0
CA,CAD,GBP,ATM,115.49,85.46,3.2,0.592,FALSE,standard,853,0.83,0.29,0,0,Saturday,2022,0
 UK  ,GBP,USD,WEB,46.51,58.14,1.72,1.25,FALSE,standard,4,0.892,0.407,1,0,Saturday,2022,0
US,USD,EUR,mobile,179.75,179.75,3.7,0.925926,FALSE,standard,1016,0.944,0.247,0,0,Saturday,2022,0
US,USD,USD,web,254.28,254.28,4.22,1,FALSE,standard,1018,0.784,0.087,0,0,Saturday,2022,0
US,USD,USD,mobile,102.54,102.54,2.65,1,TRUE,enhanced,367,0.939,0.176,0,0,Saturday,2022,0
UK,GBP,EUR,web,146.41,183.02,3.23,1.157407,TRUE,standard,4,0.892,0.407,0,0.05,Saturday,2022,1
US,USD,CNY,mobile,400.46,400.46,6.69,7.142857,FALSE,standard,147,0.551,0.391,1,0,Saturday,2022,0
US,USD,PHP,mobile,240.72,240.72,4.18,58.823529,FALSE,standard,147,0.551,0.391,0,0.1,Saturday,2022,0
US,USD,INR,mobile,255.06,410.97,110.92,83.333333,FALSE,unknown,263,0.68,0.223,0,0,Saturday,2022,0
UK,GBP,CAD,web,93.5,116.87,3.36,1.689189,FALSE,standard,4,0.892,0.407,0,0,Saturday,2022,0
US,USD,EUR,web,67.19,67.19,-1,0.925926,TRUE,standard,263,-0.1,0.223,0,0,Sunday,2022,0
US,USD,EUR,mobile,1071.92,1071.92,17.53,0.925926,FALSE,standard,298,0.336,0.166,0,0,Sunday,2022,0
CA,CAD,CNY,web,9997.3,7398,151.89,5.285714,FALSE,enhanced,63,0.853,0.13,0,0,Sunday,2022,0
CA,CAD,USD,web,314.46,232.7,5.88,0.74,FALSE,standard,947,0.625,0.268,0,0,Sunday,2022,0
UK,GBP,GBP,mobile,925.39,1156.74,14.22,1,FALSE,standard,4,0.892,0.407,0,0,Sunday,2022,0
CA,CAD,PHP,web,115.25,85.28,3,43.529412,FALSE,low,615,0.515,0.355,0,0,Sunday,2022,0
US,USD,GBP,mobile,152.75,152.75,3.35,0.8,FALSE,standard,263,0.522,0.223,5,0,Sunday,2022,0
US,USD,USD,web,71.62,71.62,2.69,1,FALSE,standard,1016,0.944,0.247,0,0,Monday,2022,0
US,USD,NGN,mobile,509.65,509.65,9.13,1111.111111,FALSE,standard,147,0.551,0.391,0,0.25,Monday,2022,0
US,USD,USD,mobile,190.42,190.42,-1,1,FALSE,standard,298,-0.1,0.166,0,0,Monday,2022,0
UK,GBP,CAD,ATM,111.18,138.97,2.66,1.689189,FALSE,standard,4,0.742,0.407,0,0,Monday,2022,0
UK,GBP,MXN,mobile,499.76,624.7,7.42,21.551724,FALSE,standard,4,0.892,0.407,7,0,Tuesday,2022,0
US,USD,CAD,web,442.22,442.22,7.36,1.351351,FALSE,standard,830,0.799,0.102,0,0,Tuesday,2022,0
US,USD,EUR,web,158.26,158.26,2.85,0.925926,FALSE,standard,263,0.522,0.223,0,0,Tuesday,2022,0
UK,GBP,EUR,mobile,168.22,210.28,3.54,1.157407,FALSE,standard,4,0.742,0.407,0,0.05,Tuesday,2022,0
US,USD,CNY,mobile,147.9,147.9,2.07,7.142857,FALSE,standard,263,0.522,0.223,0,0,Tuesday,2022,0
US,USD,GBP,mobile,42.13,42.13,2.02,0.8,FALSE,standard,1016,0.944,0.247,0,0,Tuesday,2022,0
US,USD,INR,mobile,144.6,144.6,3.6,83.333333,FALSE,standard,1018,0.934,0.087,0,0,Tuesday,2022,0
CA,CAD,CNY,mobile,300.19,222.14,5.1,5.285714,FALSE,low,615,0.515,0.355,0,0,Saturday,2023,0
US,USD,PHP,web,103.83,103.83,1.67,58.823529,FALSE,standard,298,0.336,0.166,0,0.1,Tuesday,2022,0
US,USD,CAD,mobile,117.63,117.63,3.7,1.351351,FALSE,standard,298,0.336,0.166,0,0,Tuesday,2022,0
CA,CAD,GBP,web,232.19,171.82,4.54,0.592,FALSE,standard,564,0.658,0.4,0,0,Tuesday,2022,0
US,USD,GBP,mobile,183.95,183.95,3.2,0.8,FALSE,enhanced,367,0.939,0.176,0,0,Tuesday,2022,0
US,USD,USD,ATM,125.6,125.6,3.24,1,FALSE,enhanced,257,0.894,0.257,0,0,Tuesday,2022,0
US,USD,PHP,mobile,147.99,147.99,3.82,58.823529,TRUE,enhanced,257,0.894,0.257,0,0.1,Tuesday,2022,0
UK,GBP,PHP,web,193.57,241.96,3.76,73.529412,FALSE,standard,4,0.742,0.407,0,0,Wednesday,2022,0
US,USD,CNY,web,57.84,57.84,2.75,7.142857,FALSE,enhanced,257,0.744,0.257,1,0,Wednesday,2022,0
US,USD,INR,web,130.13,130.13,-1,83.333333,FALSE,enhanced,257,-0.1,0.257,0,0,Wednesday,2022,0
US,USD,MXN,ATM,55.96,55.96,1.7,17.241379,FALSE,standard,830,0.799,0.102,0,0.2,Wednesday,2022,0
CA,CAD,GBP,web,72.1,53.35,1.14,0.592,FALSE,low,615,0.515,0.355,0,0,Wednesday,2022,0
US,USD,CNY,mobile,121.49,121.49,2.31,7.142857,FALSE,standard,147,0.551,0.391,0,0,Wednesday,2022,0
US,USD,PHP,web,238.54,238.54,5.12,58.823529,TRUE,low,616,0.702,0.361,0,0.1,Thursday,2022,0
US,USD,CNY,ATM,385.27,385.27,7.05,7.142857,FALSE,enhanced,367,0.939,0.176,0,0,Thursday,2022,0
US,USD,EUR,mobile,92.88,92.88,1.62,0.925926,FALSE,standard,298,0.336,0.166,0,0,Thursday,2022,0
US,USD,CAD,web,191.16,191.16,3.9,1.351351,FALSE,low,415,0.568,0.304,0,0,Thursday,2022,0
CA,CAD,INR,mobile,113.48,83.97,1.99,61.666667,FALSE,low,824,0.607,0.282,0,0.12,Friday,2022,0
US,USD,PHP,mobile,17.54,17.54,1.04,58.823529,FALSE,standard,263,0.522,0.223,0,0.1,Friday,2022,0
US,USD,PHP,mobile,9993.4,9993.4,150.43,58.823529,FALSE,standard,298,0.336,0.166,0,0.1,Friday,2022,0
UK,GBP,GBP,mobile,155.05,193.81,3.33,1,FALSE,standard,4,0.892,0.407,0,0,Friday,2022,0
US,USD,INR,mobile,1218.1,1218.1,19.59,83.333333,FALSE,low,616,0.702,0.361,0,0,Friday,2022,0
US,USD,PHP,web,90.3,90.3,2.01,58.823529,FALSE,enhanced,367,0.939,0.176,1,0.1,Friday,2022,0
CA,CAD,CNY,web,506.98,375.17,8.93,5.285714,FALSE,standard,272,0.792,0.048,0,0,Saturday,2022,1
US,USD,USD,mobile,246.2,246.2,3.7,1,FALSE,standard,263,0.522,0.223,0,0,Saturday,2022,0
US,USD,NGN,web,33.26,33.26,1.52,1111.111111,FALSE,standard,1016,0.944,0.247,0,0.25,Saturday,2022,0
US,USD,PHP,mobile,176.05,176.05,3.88,58.823529,FALSE,enhanced,367,0.939,0.176,0,0.1,Saturday,2022,0
US,USD,USD,web,43.66,43.66,1.68,1,FALSE,standard,263,0.522,0.223,0,0,Saturday,2022,0
US,USD,USD,web,208.98,208.98,5.02,1,FALSE,standard,298,0.336,0.166,0,0,Saturday,2022,0
US,USD,CAD,web,75.74,75.74,2.78,1.351351,FALSE,standard,263,0.372,0.223,0,0,Saturday,2022,0
US,USD,PHP,mobile,766.16,766.16,12.43,58.823529,TRUE,enhanced,257,0.744,0.257,0,0.1,Saturday,2022,0
UK,GBP,GBP,web,224.27,280.34,5.04,1,FALSE,low,454,0.71,0.238,3,0,Saturday,2022,0
US,USD,MXN,mobile,86.49,86.49,1.56,17.241379,FALSE,standard,298,0.336,0.166,0,0.2,Saturday,2022,0
US,USD,GBP,mobile,110.58,110.58,2.57,0.8,FALSE,standard,298,0.336,0.166,0,0,Saturday,2022,0
US,USD,EUR,web,22.9,22.9,1.21,0.925926,FALSE,standard,263,0.522,0.223,0,0,Sunday,2022,0
US,USD,PHP,mobile,260.98,260.98,5.08,58.823529,FALSE,standard,298,0.336,0.166,0,0.1,Sunday,2022,0
CA,CAD,NGN,mobile,224.97,166.48,4.64,822.222222,FALSE,standard,385,0.75,0.229,0,0,Sunday,2022,0
US,USD,CAD,mobile,137.33,137.33,3.38,1.351351,FALSE,enhanced,661,0.92,0.259,0,0,Sunday,2022,0
CA,CAD,INR,ATM,151.84,112.36,2.92,61.666667,FALSE,standard,725,0.824,0.212,0,0.12,Sunday,2022,0
CA,CAD,CAD,web,54.01,39.97,1.97,1,FALSE,low,615,0.515,0.355,0,0,Sunday,2022,0
US,USD,PHP,ATM,49.11,49.11,2.3,58.823529,FALSE,standard,1016,0.794,0.247,0,0.1,Sunday,2022,0
US,USD,MXN,web,106,106,2.98,17.241379,FALSE,standard,147,0.551,0.391,0,0.2,Sunday,2022,0
UK,GBP,CNY,ATM,44.2,55.25,1.28,8.928571,TRUE,standard,4,0.892,0.407,1,0,Monday,2022,0
US,USD,PHP,mobile,445.23,445.23,7.77,58.823529,FALSE,standard,298,0.336,0.166,0,0.1,Monday,2022,0
US,USD,EUR,mobile,182.78,182.78,3.95,0.925926,FALSE,enhanced,367,0.939,0.176,0,0,Monday,2022,0
UK,GBP,PHP,mobile,137.67,172.08,3.03,73.529412,FALSE,standard,4,0.892,0.407,0,0,Monday,2022,0
US,USD,INR,mobile,350.66,350.66,5.96,83.333333,FALSE,standard,147,0.551,0.391,0,0,Monday,2022,0
UK,GBP,PHP,mobile,1233.87,1542.34,19.43,73.529412,FALSE,standard,4,0.892,0.407,0,0,Monday,2022,0
US,USD,CAD,mobile,150.01,150.01,3.28,1.351351,FALSE,standard,263,0.522,0.223,0,0,Monday,2022,0
US,USD,CAD,mobile,180.94,180.94,4.13,1.351351,FALSE,standard,298,0.186,0.166,0,0,Monday,2022,0
US,USD,USD,mobile,60.84,60.84,1.63,1,FALSE,standard,298,0.336,0.166,0,0,Monday,2022,0
US,USD,CNY,mobile,293.31,293.31,4.71,7.142857,FALSE,enhanced,367,0.939,0.176,0,0,Monday,2022,0
US,USD,USD,web,155.98,155.98,2.53,1,FALSE,standard,298,0.336,0.166,0,0,Monday,2022,0
CA,CAD,NGN,mobile,227.02,168,5.53,822.222222,FALSE,standard,947,0.625,0.268,0,0,Monday,2022,0
US,USD,GBP,mobile,188.31,188.31,3.59,0.8,FALSE,enhanced,367,0.939,0.176,0,0,Monday,2022,0
US,USD,CAD,mobile,735.01,735.01,11.92,1.351351,FALSE,standard,147,0.551,0.391,1,0,Tuesday,2022,0
US,USD,INR,mobile,49.44,49.44,1.05,83.333333,FALSE,standard,263,0.522,0.223,0,0,Tuesday,2022,0
UK,GBP,CAD,mobile,70.98,88.72,2.69,1.689189,FALSE,standard,4,0.892,0.407,0,0,Tuesday,2022,0
US,USD,PHP,web,82.83,82.83,2.46,58.823529,FALSE,standard,34,0.427,0.068,0,0.1,Tuesday,2022,0
UK,GBP,PHP,web,158.26,197.82,3.48,73.529412,FALSE,standard,718,0.953,0.169,2,0,Tuesday,2022,0
UK,GBP,INR,mobile,181.04,226.3,4.32,104.166667,FALSE,standard,4,0.892,0.407,1,0,Tuesday,2022,0
US,USD,GBP,ATM,100.06,100.06,2.84,0.8,FALSE,enhanced,257,0.894,0.257,0,0,Tuesday,2022,0
UK,GBP,INR,mobile,132.77,165.96,2.32,104.166667,FALSE,standard,4,0.892,0.407,0,0,Tuesday,2022,0
US,USD,PHP,web,164.91,164.91,2.36,58.823529,FALSE,standard,1018,0.934,0.087,2,0.1,Tuesday,2022,0
US,USD,INR,mobile,66.54,66.54,2.32,83.333333,FALSE,standard,298,0.336,0.166,0,0,Tuesday,2022,0
US,USD,PHP,web,269.05,269.05,5.72,58.823529,FALSE,standard,805,0.6,0.21,0,0.1,Wednesday,2022,0
US,USD,PHP,mobile,97.95,97.95,1.41,58.823529,TRUE,standard,147,0.401,0.391,0,0.1,Wednesday,2022,0
US,USD,GBP,ATM,38.97,38.97,2.1,0.8,FALSE,enhanced,257,0.894,0.257,0,0,Wednesday,2022,0
US,USD,CAD,mobile,418.73,418.73,7.3,1.351351,FALSE,enhanced,367,0.939,0.176,0,0,Wednesday,2022,0
US,USD,EUR,mobile,462.29,462.29,7.94,0.925926,TRUE,enhanced,367,0.939,0.176,0,0,Wednesday,2022,0
US,USD,MXN,ATM,452.7,452.7,7.82,17.241379,FALSE,standard,263,0.522,0.223,0,0.2,Wednesday,2022,0
CA,CAD,USD,mobile,430.55,318.61,7.92,0.74,FALSE,standard,947,0.475,0.268,0,0,Wednesday,2022,0
CA,CAD,PHP,web,116.17,85.97,3.74,43.529412,FALSE,standard,947,0.625,0.268,0,0,Wednesday,2022,0
UK,GBP,GBP,mobile,156.65,195.81,4.77,1,FALSE,standard,4,0.892,0.407,0,0,Thursday,2022,0
CA,CAD,USD,web,164.92,122.04,2.95,0.74,TRUE,standard,172,0.881,0.199,1,0,Thursday,2022,0
US,USD,NGN,mobile,123.12,123.12,1.92,1111.111111,TRUE,standard,859,0.96,0.363,0,0.25,Thursday,2022,0
US,USD,INR,mobile,229.34,229.34,4.53,83.333333,FALSE,enhanced,257,0.894,0.257,0,0,Thursday,2022,0
US,USD,USD,mobile,71.8,71.8,2.16,1,FALSE,enhanced,661,0.92,0.259,0,0,Thursday,2022,0
CA,CAD,PHP,mobile,9993.58,7395.25,150.5,43.529412,TRUE,standard,564,0.658,0.4,0,0,Thursday,2022,1
US,USD,INR,mobile,102.29,102.29,1.47,83.333333,FALSE,standard,147,0.401,0.391,0,0,Thursday,2022,0
US,USD,PHP,mobile,234.36,234.36,3.9,58.823529,FALSE,enhanced,257,0.894,0.257,0,0.1,Thursday,2022,0
US,USD,INR,mobile,431.4,431.4,7.89,83.333333,FALSE,standard,1018,0.934,0.087,0,0,Thursday,2022,0
US,USD,MXN,mobile,502.97,410.97,110.92,17.241379,FALSE,unknown,1018,0.68,0.087,0,0.2,Thursday,2022,0
US,USD,PHP,web,111.4,111.4,4,58.823529,FALSE,standard,1016,0.944,0.247,0,0.1,Friday,2022,0
US,USD,GBP,mobile,59.24,59.24,1.85,0.8,TRUE,enhanced,257,0.894,0.257,0,0,Friday,2022,0
CA,CAD,CNY,mobile,187.32,138.62,3.14,5.285714,FALSE,low,615,0.515,0.355,0,0,Friday,2022,0
US,USD,INR,mobile,156.01,156.01,2.81,83.333333,TRUE,standard,298,0.336,0.166,0,0,Friday,2022,0
US,USD,GBP,web,65.62,65.62,1.96,0.8,FALSE,enhanced,367,0.939,0.176,0,0,Friday,2022,0
US,USD,EUR,web,416.89,416.89,6.7,0.925926,FALSE,standard,263,0.522,0.223,0,0,Friday,2022,0
US,USD,PHP,mobile,248.92,248.92,5.56,58.823529,FALSE,enhanced,367,0.939,0.176,0,0.1,-1,0,0
US,USD,PHP,mobile,144.04,144.04,2.17,58.823529,FALSE,standard,263,0.522,0.223,0,0.1,Friday,2022,0
US,USD,CNY,web,75.44,75.44,1.31,7.142857,FALSE,standard,298,0.336,0.166,0,0,-1,0,0
US,USD,CAD,mobile,141.72,141.72,2.93,1.351351,FALSE,standard,263,0.522,0.223,0,0,Saturday,2022,0
US,USD,INR,web,217.23,217.23,4.43,83.333333,FALSE,standard,263,0.522,0.223,0,0,Saturday,2022,0
CA,CAD,USD,web,100.87,410.97,110.92,0.74,FALSE,unknown,947,0.68,0.268,7,0,Saturday,2022,0
UK,GBP,CNY,web,81.35,101.69,2.34,8.928571,FALSE,standard,718,0.953,0.169,0,0,Saturday,2022,0
US,USD,PHP,mobile,165.91,165.91,4.44,58.823529,FALSE,enhanced,367,0.939,0.176,0,0.1,Saturday,2022,0
US,USD,EUR,web,288.18,288.18,5.71,0.925926,FALSE,standard,147,0.551,0.391,0,0,Saturday,2022,0
US,USD,CNY,mobile,76.27,76.27,3.33,7.142857,FALSE,enhanced,367,0.939,0.176,0,0,Saturday,2022,0
US,USD,MXN,mobile,265.3,410.97,110.92,17.241379,TRUE,unknown,367,0.68,0.176,0,0.2,Saturday,2022,0
US,USD,CNY,web,562.16,562.16,9.11,7.142857,FALSE,standard,263,0.522,0.223,0,0,Saturday,2022,0
US,USD,EUR,web,73,73,2.28,0.925926,TRUE,standard,298,0.336,0.166,0,0,Saturday,2022,0
US,USD,CAD,mobile,48.36,48.36,0.85,1.351351,FALSE,enhanced,367,0.939,0.176,0,0,Saturday,2022,0
US,USD,CAD,mobile,311.32,311.32,5.04,1.351351,FALSE,standard,830,0.799,0.102,0,0,Saturday,2022,0
US,USD,NGN,web,162.56,162.56,2.71,1111.111111,FALSE,standard,1018,0.934,0.087,0,0.25,Sunday,2022,0
US,USD,GBP,mobile,180.63,180.63,3.68,0.8,FALSE,standard,298,0.336,0.166,0,0,Sunday,2022,0
US,USD,PHP,mobile,74.47,74.47,2.41,58.823529,FALSE,standard,147,0.551,0.391,0,0.1,Sunday,2022,0
US,USD,NGN,mobile,381.62,381.62,6.86,1111.111111,FALSE,standard,147,0.551,0.391,1,0.25,Sunday,2022,0
US,USD,MXN,mobile,55.72,55.72,1.57,17.241379,FALSE,standard,263,0.522,0.223,0,0.2,Sunday,2022,0
US,USD,MXN,web,86.6,86.6,1.96,17.241379,FALSE,standard,298,0.336,0.166,0,0.2,Sunday,2022,0
US,USD,PHP,mobile,47.25,47.25,2.25,58.823529,FALSE,standard,147,0.551,0.391,0,0.1,Sunday,2022,0
US,USD,CAD,web,9994.89,410.97,110.92,1.351351,FALSE,unknown,34,0.68,0.068,0,0,Sunday,2022,0
US,USD,NGN,web,135.29,135.29,3.62,1111.111111,FALSE,standard,1018,0.784,0.087,1,0.25,Sunday,2022,0
UK,GBP,CNY,web,217.1,271.37,4.44,8.928571,FALSE,standard,4,0.892,0.407,0,0,Sunday,2022,0
US,USD,CNY,mobile,236.64,236.64,4.24,7.142857,FALSE,enhanced,257,0.894,0.257,0,0,Monday,2022,0
US,USD,NGN,mobile,94.6,94.6,2.99,1111.111111,FALSE,standard,1018,0.934,0.087,0,0.25,Monday,2022,0
US,USD,PHP,web,106.95,106.95,2.56,58.823529,FALSE,enhanced,367,0.939,0.176,0,0.1,Monday,2022,0
US,USD,NGN,web,99.87,99.87,1.44,1111.111111,FALSE,standard,1018,0.934,0.087,0,0.25,Monday,2022,0
US,USD,CAD,ATM,174.19,174.19,2.88,1.351351,TRUE,standard,298,0.336,0.166,0,0,Monday,2022,0
UK,GBP,GBP,web,246.56,308.2,4.99,1,FALSE,standard,4,0.892,0.407,0,0,Monday,2022,0
UK,GBP,PHP,web,71.29,89.11,1.62,73.529412,FALSE,standard,4,0.892,0.407,0,0,Monday,2022,0
US,USD,CNY,ATM,126.78,126.78,2.85,7.142857,FALSE,standard,830,0.799,0.102,0,0,Monday,2022,0
US,USD,GBP,mobile,126.18,126.18,2.77,0.8,FALSE,enhanced,257,0.894,0.257,0,0,Monday,2022,0
US,USD,INR,mobile,76.91,76.91,1.58,83.333333,FALSE,standard,147,0.551,0.391,1,0,Monday,2022,0
UK,GBP,CNY,mobile,152.48,190.6,3.03,8.928571,FALSE,standard,4,0.892,0.407,0,0,Monday,2022,0
US,USD,EUR,mobile,222.04,222.04,4.5,0.925926,FALSE,standard,147,0.551,0.391,1,0,Monday,2022,0
US,USD,USD,mobile,521.57,521.57,8.69,1,FALSE,standard,1018,0.934,0.087,0,0,Monday,2022,0
US,USD,USD,web,9995.32,9995.32,150.43,1,FALSE,enhanced,367,0.939,0.176,0,0,Tuesday,2022,0
US,USD,USD,web,138.93,138.93,3.5,1,FALSE,standard,1018,0.934,0.087,0,0,Tuesday,2022,0
UK,GBP,INR,web,234.85,293.56,4.92,104.166667,FALSE,standard,4,0.892,0.407,0,0,Tuesday,2022,0
CA,CAD,CNY,mobile,255.18,410.97,110.92,5.285714,FALSE,unknown,615,0.68,0.355,0,0,Tuesday,2022,0
US,USD,USD,web,47.29,47.29,2.4,1,FALSE,standard,263,0.522,0.223,0,0,Tuesday,2022,0
UK,GBP,NGN,web,203.62,254.53,4.24,1388.888889,FALSE,standard,4,0.892,0.407,0,0.22,Tuesday,2022,0
US,USD,NGN,mobile,71.56,71.56,2.76,1111.111111,FALSE,standard,147,0.551,0.391,0,0.25,Tuesday,2022,0
US,USD,GBP,mobile,151.76,151.76,3.38,0.8,TRUE,standard,147,0.551,0.391,0,0,Tuesday,2022,0
UK,GBP,CNY,ATM,157.07,196.33,3.34,8.928571,FALSE,standard,4,0.892,0.407,0,0,Wednesday,2022,0
US,USD,CAD,mobile,219.13,219.13,4.51,1.351351,FALSE,standard,298,0.336,0.166,0,0,Wednesday,2022,0
UK,GBP,GBP,mobile,165.16,206.45,3.47,1,FALSE,standard,684,0.833,0.241,0,0,Wednesday,2022,0
US,USD,MXN,web,365.25,365.25,6.4,17.241379,FALSE,enhanced,257,0.894,0.257,0,0.2,Wednesday,2022,0
US,USD,USD,mobile,9995.31,9995.31,150.84,1,FALSE,standard,147,0.551,0.391,0,0,Wednesday,2022,0
US,USD,EUR,ATM,562.2,562.2,9.87,0.925926,FALSE,standard,298,0.336,0.166,0,0,Wednesday,2022,0
CA,CAD,USD,mobile,23.02,17.04,0.5,0.74,FALSE,low,824,0.607,0.282,0,0,-1,0,0
US,USD,EUR,web,196.52,196.52,3.73,0.925926,FALSE,enhanced,367,0.939,0.176,0,0,Thursday,2022,0
US,USD,CNY,mobile,187.11,187.11,4.09,7.142857,FALSE,standard,1018,0.934,0.087,0,0,Thursday,2022,0
US,USD,PHP,mobile,227.77,227.77,4.88,58.823529,FALSE,enhanced,367,0.939,0.176,1,0.1,Thursday,2022,0
US,USD,NGN,ATM,425.41,410.97,110.92,1111.111111,FALSE,unknown,298,0.68,0.166,0,0.25,Thursday,2022,0
US,USD,CNY,mobile,205.44,205.44,4.22,7.142857,TRUE,enhanced,257,0.894,0.257,0,0,Thursday,2022,0
US,USD,INR,ATM,466.88,466.88,7.31,83.333333,FALSE,enhanced,257,0.894,0.257,0,0,Thursday,2022,0
UK,GBP,EUR,web,255.83,319.79,3.96,1.157407,FALSE,standard,4,0.742,0.407,0,0.05,Thursday,2022,0
UK,GBP,CNY,mobile,247.95,309.94,4.35,8.928571,FALSE,standard,4,0.892,0.407,0,0,Friday,2022,0
US,USD,PHP,web,669.38,669.38,10.36,58.823529,FALSE,standard,263,0.522,0.223,0,0.1,Friday,2022,0
US,USD,MXN,mobile,168.63,168.63,4.14,17.241379,FALSE,standard,1018,0.934,0.087,0,0.2,Friday,2022,0
CA,CAD,CAD,mobile,93.62,69.28,2.53,1,FALSE,standard,947,0.625,0.268,1,0,Friday,2022,0
US,USD,INR,ATM,136.47,136.47,3.23,83.333333,FALSE,standard,1016,0.944,0.247,0,0,Friday,2022,0
US,USD,INR,mobile,226.48,226.48,4.67,83.333333,FALSE,standard,298,0.336,0.166,0,0,Friday,2022,0
US,USD,NGN,mobile,115.29,115.29,2.78,1111.111111,FALSE,standard,1016,0.944,0.247,0,0.25,Friday,2022,0
US,USD,GBP,ATM,81.19,81.19,-1,0.8,FALSE,standard,147,-0.1,0.391,1,0,Friday,2022,0
US,USD,GBP,ATM,839.36,839.36,13.05,0.8,FALSE,standard,147,0.551,0.391,0,0,Friday,2022,0
US,USD,EUR,mobile,139.59,139.59,2.7,0.925926,FALSE,standard,859,0.96,0.363,4,0,Saturday,2022,0
US,USD,CNY,mobile,201.78,201.78,4.86,7.142857,FALSE,standard,147,0.551,0.391,3,0,Saturday,2022,0
US,USD,PHP,web,141.7,141.7,2.02,58.823529,FALSE,standard,263,0.522,0.223,0,0.1,Saturday,2022,0
US,USD,GBP,mobile,76.2,410.97,110.92,0.8,FALSE,unknown,298,0.68,0.166,0,0,Saturday,2022,0
CA,CAD,MXN,mobile,196.31,145.27,4.56,12.758621,FALSE,standard,947,0.625,0.268,0,0,Saturday,2022,0
US,USD,CAD,web,110.68,110.68,2.57,1.351351,FALSE,enhanced,367,0.939,0.176,0,0,Saturday,2022,0
US,USD,GBP,mobile,155.17,155.17,3.06,0.8,FALSE,enhanced,367,0.939,0.176,0,0,Saturday,2022,0
US,USD,USD,ATM,107.4,107.4,1.97,1,FALSE,standard,34,0.427,0.068,1,0,Saturday,2022,0
US,USD,USD,mobile,272.72,272.72,5.91,1,FALSE,standard,298,0.336,0.166,0,0,Saturday,2022,0
US,USD,MXN,web,89.6,89.6,2.12,17.241379,FALSE,enhanced,367,0.939,0.176,1,0.2,Saturday,2022,0
US,USD,GBP,mobile,186.87,186.87,3.48,0.8,FALSE,standard,298,0.336,0.166,4,0,Saturday,2022,0
US,USD,PHP,ATM,271.86,271.86,5.82,58.823529,FALSE,standard,263,0.522,0.223,0,0.1,Saturday,2022,0
US,USD,GBP,web,155.02,155.02,3.28,0.8,FALSE,standard,298,0.336,0.166,0,0,Sunday,2022,0
US,USD,INR,mobile,110.85,110.85,2.57,83.333333,FALSE,standard,263,0.522,0.223,0,0,Sunday,2022,0
US,USD,PHP,mobile,106.16,106.16,2.8,58.823529,TRUE,standard,263,0.522,0.223,0,0.1,Sunday,2022,0
US,USD,CNY,mobile,289.09,289.09,5.79,7.142857,FALSE,standard,298,0.336,0.166,0,0,Monday,2023,0
UK,GBP,EUR,mobile,160.85,201.07,3.55,1.157407,FALSE,standard,718,0.953,0.169,0,0.05,Sunday,2022,0
US,USD,USD,mobile,86.21,86.21,2.47,1,FALSE,standard,1018,0.934,0.087,0,0,Sunday,2022,0
UK,GBP,EUR,web,165.39,206.73,4.07,1.157407,FALSE,standard,281,0.704,0.522,0,0.05,Sunday,2022,0
UK,GBP,USD,web,221.21,276.52,3.89,1.25,FALSE,standard,718,0.953,0.169,0,0,Sunday,2022,0
US,USD,NGN,mobile,194.39,194.39,4.44,1111.111111,FALSE,enhanced,367,0.939,0.176,0,0.25,Monday,2022,0
US,USD,USD,mobile,81.55,81.55,1.99,1,FALSE,standard,1018,0.934,0.087,0,0,Monday,2022,0
US,USD,USD,web,111.09,111.09,2.16,1,FALSE,low,954,0.576,0.332,0,0,Monday,2022,0
UK,GBP,MXN,mobile,20.39,410.97,110.92,21.551724,FALSE,unknown,4,0.68,0.407,1,0,Monday,2022,0
US,USD,GBP,mobile,67.39,67.39,1.8,0.8,FALSE,enhanced,367,0.939,0.176,0,0,Monday,2022,0
UK,GBP,CAD,mobile,313.53,391.92,5.53,1.689189,FALSE,standard,4,0.892,0.407,0,0,Monday,2022,0
US,USD,CAD,ATM,34.08,34.08,2.03,1.351351,FALSE,standard,147,0.401,0.391,1,0,Monday,2022,0
US,USD,INR,mobile,130.95,130.95,3.53,83.333333,FALSE,standard,1016,0.944,0.247,0,0,Tuesday,2022,0
US,USD,USD,mobile,51.74,51.74,2.17,1,FALSE,low,242,0.333,0.263,0,0,Tuesday,2022,0
US,USD,GBP,mobile,229.39,229.39,4.45,0.8,TRUE,standard,263,0.522,0.223,0,0,Tuesday,2022,0
US,USD,GBP,mobile,441.49,441.49,8.11,0.8,FALSE,enhanced,257,0.744,0.257,0,0,Tuesday,2022,0
US,USD,CAD,web,76.99,76.99,2.36,1.351351,FALSE,enhanced,257,0.894,0.257,0,0,Tuesday,2022,0
US,USD,MXN,mobile,299.69,299.69,6.22,17.241379,FALSE,enhanced,257,0.894,0.257,0,0.2,Tuesday,2022,0
US,USD,CNY,mobile,164,164,4.02,7.142857,FALSE,standard,263,0.522,0.223,0,0,Tuesday,2022,0
US,USD,EUR,web,172.15,172.15,3.26,0.925926,FALSE,standard,263,0.372,0.223,0,0,Tuesday,2022,0
CA,CAD,CAD,mobile,277.4,205.28,5.51,1,FALSE,low,824,0.607,0.282,0,0,Wednesday,2022,0
US,USD,GBP,web,169.99,169.99,2.99,0.8,FALSE,standard,1018,0.934,0.087,0,0,Wednesday,2022,0
UK,GBP,GBP,ATM,131.38,164.22,2.29,1,FALSE,standard,4,0.892,0.407,0,0,Wednesday,2022,0
UK,GBP,NGN,web,182.25,227.81,3.65,1388.888889,FALSE,standard,718,0.953,0.169,0,0.22,Wednesday,2022,0
US,USD,PHP,ATM,240.24,240.24,4.18,58.823529,FALSE,enhanced,367,0.939,0.176,0,0.1,Wednesday,2022,0
UK,GBP,MXN,web,79.31,410.97,110.92,21.551724,FALSE,unknown,4,0.68,0.407,0,0,Wednesday,2022,0
UK,GBP,PHP,mobile,97.9,122.38,2.43,73.529412,TRUE,standard,4,0.892,0.407,0,0,Wednesday,2022,0
US,USD,EUR,web,378.87,378.87,7.34,0.925926,FALSE,standard,298,0.336,0.166,0,0,Wednesday,2022,0
US,USD,NGN,web,79.06,79.06,2.19,1111.111111,FALSE,standard,1018,0.934,0.087,1,0.25,Wednesday,2022,0
US,USD,GBP,mobile,155.95,155.95,3.7,0.8,FALSE,standard,263,0.522,0.223,0,0,Thursday,2022,0
US,USD,CNY,mobile,142.08,142.08,4.22,7.142857,FALSE,standard,298,0.336,0.166,0,0,Thursday,2022,0
US,USD,USD,mobile,152.42,152.42,3.14,1,FALSE,standard,1018,0.934,0.087,0,0,Thursday,2022,0
US,USD,EUR,mobile,302.23,410.97,110.92,0.925926,FALSE,unknown,147,0.68,0.391,0,0,Thursday,2022,0
US,USD,NGN,ATM,96.33,96.33,2.85,1111.111111,FALSE,enhanced,257,0.744,0.257,0,0.25,Thursday,2022,0
CA,CAD,EUR,mobile,281.77,208.51,4.89,0.685185,TRUE,standard,172,0.881,0.199,0,0,Thursday,2022,0
UK,GBP,EUR,mobile,137.43,171.79,2.78,1.157407,FALSE,standard,969,0.75,0.258,0,0.05,Thursday,2022,0
US,USD,GBP, web  ,282.93,282.93,5.44,0.8,FALSE,enhanced,257,0.894,0.257,0,0,Thursday,2022,0
US,USD,USD,mobile,148.51,148.51,3.6,1,FALSE,standard,716,0.912,0.029,4,0,Friday,2022,0
US,USD,GBP,mobile,256.37,256.37,4.72,0.8,FALSE,standard,147,0.551,0.391,0,0,Friday,2022,0
US,USD,PHP,mobile,200.57,200.57,4.6,58.823529,FALSE,standard,1016,0.944,0.247,0,0.1,Friday,2022,0
UK,GBP,CAD,mobile,171.35,214.19,3.64,1.689189,FALSE,standard,4,0.892,0.407,1,0,Friday,2022,0
CA,CAD,NGN,mobile,81.76,60.5,2.99,822.222222,FALSE,standard,947,0.625,0.268,0,0,Friday,2022,0
US,USD,INR,mobile,137.33,137.33,3.1,83.333333,FALSE,standard,1018,0.934,0.087,0,0,Friday,2022,0
US,USD,CNY,web,9990.28,9990.28,150.45,7.142857,FALSE,enhanced,257,0.894,0.257,0,0,Friday,2022,0
UK,GBP,CNY,mobile,155.16,193.95,3.31,8.928571,FALSE,standard,718,0.953,0.169,0,0,Friday,2022,0
US,USD,USD,web,214.84,214.84,4.08,1,FALSE,standard,1018,0.784,0.087,0,0,Friday,2022,0
US,USD,USD,mobile,720.19,720.19,11.68,1,FALSE,enhanced,367,0.939,0.176,0,0,Friday,2022,0
US,USD,CNY,mobile,78.23,78.23,2.26,7.142857,FALSE,standard,263,0.522,0.223,0,0,Friday,2022,0
US,USD,NGN,mobile,561.54,561.54,8.95,1111.111111,FALSE,standard,147,0.401,0.391,0,0.25,Friday,2022,0
US,USD,CAD,ATM,151.03,151.03,2.97,1.351351,FALSE,standard,859,0.96,0.363,0,0,Saturday,2022,0
US,USD,CNY,mobile,313.92,313.92,5.98,7.142857,FALSE,standard,298,0.336,0.166,0,0,Saturday,2022,0
US,USD,MXN,ATM,137.35,137.35,3.18,17.241379,FALSE,enhanced,367,0.939,0.176,0,0.2,Saturday,2022,0
US,USD,CNY,mobile,78.53,78.53,3.03,7.142857,FALSE,standard,263,0.522,0.223,0,0,Saturday,2022,0
CA,CAD,CAD,mobile,249,184.26,5.61,1,FALSE,standard,947,0.625,0.268,0,0,Saturday,2022,0
US,USD,MXN,ATM,159.57,159.57,4.21,17.241379,FALSE,enhanced,367,0.939,0.176,0,0.2,Saturday,2022,0
US,USD,NGN,web,81.35,81.35,2.44,1111.111111,TRUE,enhanced,257,0.894,0.257,3,0.25,Sunday,2022,0
CA,CAD,PHP,mobile,279.77,207.03,5.14,43.529412,FALSE,standard,172,0.881,0.199,0,0,Sunday,2022,0
US,USD,CAD,mobile,450.53,450.53,8.3,1.351351,FALSE,standard,263,0.522,0.223,0,0,Sunday,2022,0
US,USD,CNY,mobile,285.43,285.43,4.86,7.142857,FALSE,standard,263,0.522,0.223,0,0,Sunday,2022,0
UK,GBP,GBP,mobile,178.77,223.46,3.44,1,FALSE,standard,4,0.892,0.407,0,0,Sunday,2022,0
US,USD,CAD,web,425.18,425.18,7.71,1.351351,TRUE,standard,1016,0.944,0.247,0,0,Sunday,2022,0
US,USD,CNY,web,187.71,187.71,4.4,7.142857,FALSE,enhanced,367,0.939,0.176,0,0,Sunday,2022,0
US,USD,USD,ATM,159.14,159.14,3.32,1,FALSE,standard,298,0.336,0.166,0,0,Sunday,2022,0
US,USD,CAD,mobile,118.08,118.08,2.28,1.351351,FALSE,enhanced,367,0.939,0.176,0,0,Monday,2022,0
CA,CAD,USD,mobile,444.39,328.85,8.33,0.74,FALSE,standard,947,0.625,0.268,0,0,Monday,2022,0
US,USD,USD,mobile,45.11,45.11,1.6,1,FALSE,standard,298,0.336,0.166,0,0,Monday,2022,0
US,USD,GBP,mobile,246.86,246.86,5.06,0.8,FALSE,enhanced,367,0.939,0.176,0,0,Monday,2022,0
US,USD,CNY,mobile,150.64,150.64,3.49,7.142857,FALSE,standard,147,0.401,0.391,1,0,Monday,2022,0
UK,GBP,MXN,mobile,490.95,613.69,9.27,21.551724,TRUE,standard,718,0.953,0.169,0,0,Monday,2022,0
US,USD,CNY,mobile,113.76,113.76,3.1,7.142857,FALSE,enhanced,585,0.883,0.554,0,0,Monday,2022,0
CA,CAD,PHP,web,9996.39,7397.33,150.81,43.529412,FALSE,standard,564,0.658,0.4,0,0,Tuesday,2022,0
US,USD,GBP,web,152.88,152.88,4.05,0.8,FALSE,standard,263,0.522,0.223,0,0,Tuesday,2022,0
UK,GBP,PHP,mobile,59.85,74.81,2.51,73.529412,FALSE,standard,718,0.953,0.169,0,0,Tuesday,2022,0
US,USD,CAD,web,460.01,460.01,7.97,1.351351,FALSE,enhanced,367,0.939,0.176,0,0,Tuesday,2022,0
CA,CAD,USD,web,77.97,57.7,2.25,0.74,FALSE,standard,1041,0.867,0.245,0,0,Tuesday,2022,0
US,USD,CAD,web,101.92,101.92,1.62,1.351351,FALSE,standard,147,0.551,0.391,0,0,Tuesday,2022,0
UK,GBP,CNY,mobile,148.84,186.05,3.8,8.928571,FALSE,standard,4,0.892,0.407,0,0,Tuesday,2022,0
US,USD,CAD,mobile,179.26,179.26,3.21,1.351351,FALSE,standard,298,0.336,0.166,0,0,Tuesday,2022,0
US,USD,NGN,ATM,127.76,127.76,3.04,1111.111111,FALSE,standard,1018,0.934,0.087,0,0.25,Tuesday,2022,0
US,USD,CAD,mobile,155.54,155.54,3.27,1.351351,FALSE,standard,263,0.522,0.223,1,0,Wednesday,2022,0
US,USD,PHP,ATM,698.2,698.2,11.06,58.823529,TRUE,standard,298,0.336,0.166,0,0.1,Wednesday,2022,0
US,USD,USD,mobile,60.4,60.4,2.15,1,TRUE,enhanced,367,0.939,0.176,0,0,Wednesday,2022,0
US,USD,NGN,web,273.62,273.62,5.19,1111.111111,FALSE,standard,1018,0.934,0.087,0,0.25,Wednesday,2022,0
US,USD,GBP,mobile,47.18,47.18,2.35,0.8,FALSE,enhanced,367,0.939,0.176,1,0,Wednesday,2022,0
US,USD,INR,mobile,57.57,57.57,2.83,83.333333,FALSE,enhanced,367,0.789,0.176,0,0,Wednesday,2022,0
UK,GBP,GBP,mobile,117.68,147.09,2.51,1,FALSE,standard,4,0.742,0.407,0,0,Wednesday,2022,0
US,USD,NGN,mobile,-37.08,37.08,9999.99,1111.111111,FALSE,standard,298,-0.1,0.166,0,0.25,Thursday,2022,0
US,USD,CAD,mobile,81.24,81.24,2.08,1.351351,TRUE,standard,263,0.522,0.223,0,0,Thursday,2022,0
CA,CAD,CAD,mobile,90.67,67.1,2.72,1,FALSE,low,824,0.607,0.282,0,0,Thursday,2022,0
US,USD,GBP,web,592.01,592.01,10.48,0.8,FALSE,enhanced,367,0.939,0.176,0,0,Thursday,2022,0
US,USD,USD,ATM,346.63,346.63,5.84,1,FALSE,enhanced,257,0.894,0.257,0,0,Thursday,2022,0
US,USD,CAD,mobile,157.68,157.68,3.5,1.351351,TRUE,enhanced,367,0.939,0.176,1,0,Thursday,2022,0
CA,CAD,CAD,ATM,76.29,56.46,2.37,1,FALSE,standard,172,0.881,0.199,0,0,Friday,2022,0
US,USD,CNY,MOBILE,103.38,103.38,2.8,7.142857,TRUE,standard,263,0.372,0.223,0,0,Friday,2022,0
UK,GBP,USD,web,230.38,287.97,4.8,1.25,FALSE,standard,4,0.892,0.407,0,0,Friday,2022,0
US,USD,USD,mobile,181.32,181.32,3.9,1,FALSE,standard,263,0.372,0.223,0,0,Friday,2022,0
US,USD,NGN,mobile,123.15,410.97,110.92,1111.111111,FALSE,unknown,298,0.68,0.166,0,0.25,Friday,2022,1
US,USD,CNY,mobile,117.41,117.41,2.71,7.142857,FALSE,standard,1018,0.784,0.087,0,0,Friday,2022,0
US,USD,USD,web,106.26,106.26,2.69,1,FALSE,standard,263,0.522,0.223,0,0,Friday,2022,0
UK,GBP,INR,mobile,212.48,265.6,4.25,104.166667,FALSE,standard,4,0.892,0.407,7,0,Saturday,2022,1
 US  ,USD,MXN,WEB,72.86,72.86,1.79,17.241379,FALSE,standard,298,0.336,0.166,1,0.2,Saturday,2022,0
UK,GBP,MXN,web,160.06,200.07,3.83,21.551724,FALSE,standard,4,0.892,0.407,0,0,Saturday,2022,0
US,USD,NGN,ATM,387.56,387.56,6.86,1111.111111,FALSE,standard,298,0.336,0.166,0,0.25,Saturday,2022,0
US,USD,USD,mobile,52.37,52.37,1.39,1,FALSE,standard,648,0.62,0.24,1,0,Saturday,2022,0
US,USD,CAD,mobile,285.78,285.78,5.53,1.351351,FALSE,standard,1018,0.934,0.087,0,0,Saturday,2022,0
US,USD,EUR,mobile,390.41,390.41,6.99,0.925926,FALSE,enhanced,367,0.939,0.176,0,0,Saturday,2022,0
US,USD,USD,mobile,9995.91,9995.91,150.92,1,FALSE,standard,1018,0.934,0.087,0,0,Saturday,2022,0
UK,GBP,EUR,mobile,102.09,410.97,110.92,1.157407,FALSE,unknown,4,0.68,0.407,1,0.05,Saturday,2022,0
US,USD,CAD,web,316.74,316.74,-1,1.351351,FALSE,standard,298,-0.1,0.166,0,0,Saturday,2022,0
CA,CAD,CNY,mobile,107.44,79.51,2.1,5.285714,FALSE,low,615,0.515,0.355,0,0,Sunday,2022,0
US,USD,CNY,web,85.68,85.68,1.91,7.142857,FALSE,standard,263,0.522,0.223,0,0,Sunday,2022,0
US,USD,NGN,mobile,473.89,473.89,-1,1111.111111,FALSE,enhanced,257,-0.1,0.257,0,0.25,Sunday,2022,0
UK,GBP,EUR,web,177.46,221.82,3.52,1.157407,FALSE,low,969,0.398,0.365,0,0.05,Sunday,2022,0
US,USD,GBP,mobile,299.98,299.98,4.88,0.8,FALSE,standard,298,0.336,0.166,0,0,Sunday,2022,0
UK,GBP,CNY,mobile,402.75,503.44,7.37,8.928571,FALSE,standard,4,0.892,0.407,1,0,Sunday,2022,0
UK,GBP,CNY,mobile,629.11,410.97,110.92,8.928571,FALSE,unknown,4,0.68,0.407,0,0,Sunday,2022,0
US,USD,GBP,web,141.6,141.6,3.57,0.8,FALSE,standard,298,0.336,0.166,0,0,Sunday,2022,0
US,USD,USD,mobile,245.96,245.96,4.16,1,FALSE,standard,298,0.336,0.166,0,0,Sunday,2022,0
UK,GBP,EUR,web,80.14,100.18,1.98,1.157407,FALSE,standard,4,0.892,0.407,0,0.05,Sunday,2022,0
US,USD,PHP,web,342.58,342.58,6.53,58.823529,FALSE,standard,147,0.551,0.391,0,0.1,Sunday,2022,0
US,USD,PHP,mobile,76.97,76.97,2.7,58.823529,FALSE,low,616,0.702,0.361,0,0.1,Monday,2022,0
US,USD,INR,ATM,86.53,86.53,2.65,83.333333,FALSE,standard,298,0.336,0.166,0,0,Monday,2022,0
 US  ,USD,EUR,mobille,83.49,410.97,110.92,0.925926,TRUE,unknown,298,0.68,0.166,0,0,Monday,2022,0
US,USD,GBP,mobile,122.19,122.19,2.54,0.8,FALSE,standard,1016,0.944,0.247,0,0,Monday,2022,0
US,USD,CNY,mobile,343.29,343.29,6.01,7.142857,FALSE,standard,1016,0.944,0.247,0,0,Monday,2022,0
US,USD,USD,web,92.69,92.69,2.83,1,TRUE,enhanced,661,0.92,0.259,7,0,Monday,2022,0
US,USD,GBP,web,95.61,95.61,1.89,0.8,TRUE,standard,1018,0.934,0.087,0,0,Monday,2022,0
US,USD,USD,mobile,187.85,187.85,4.13,1,TRUE,standard,298,0.336,0.166,0,0,Monday,2022,0
CA,CAD,CAD,mobile,83.83,62.04,2.06,1,FALSE,standard,947,0.625,0.268,0,0,Tuesday,2022,0
US,USD,USD,mobile,148.58,148.58,3.49,1,FALSE,enhanced,257,0.894,0.257,0,0,Tuesday,2022,0
CA,CAD,GBP,mobile,128.26,94.91,3.09,0.592,FALSE,standard,947,0.625,0.268,0,0,Tuesday,2022,0
US,USD,EUR,ATM,164.48,164.48,3.06,0.925926,FALSE,enhanced,367,0.789,0.176,0,0,Tuesday,2022,0
CA,CAD,NGN,web,55.36,40.97,1.72,822.222222,FALSE,standard,172,0.881,0.199,0,0,Tuesday,2022,0
US,USD,PHP,mobile,208.21,208.21,4.11,58.823529,FALSE,standard,1016,0.944,0.247,0,0.1,Tuesday,2022,0
US,USD,INR,mobile,109.27,109.27,2.37,83.333333,FALSE,standard,298,0.336,0.166,0,0,Tuesday,2022,0
US,USD,CAD,mobile,221.36,410.97,110.92,1.351351,FALSE,unknown,263,0.68,0.223,0,0,Tuesday,2022,0
US,USD,PHP,mobile,170.91,170.91,3.78,58.823529,FALSE,standard,34,0.427,0.068,0,0.1,Tuesday,2022,0
US,USD,CAD,mobile,80.42,80.42,1.62,1.351351,FALSE,standard,1018,0.934,0.087,0,0,Tuesday,2022,0
US,USD,CAD,ATM,64.38,64.38,2.87,1.351351,FALSE,standard,298,0.186,0.166,0,0,Tuesday,2022,0
US,USD,CAD,mobile,97.35,97.35,2.35,1.351351,FALSE,standard,147,0.551,0.391,0,0,Tuesday,2022,0
US,USD,EUR,web,41.83,410.97,110.92,0.925926,FALSE,unknown,298,0.68,0.166,0,0,Tuesday,2022,0
US,USD,GBP,mobile,140.62,140.62,3.3,0.8,TRUE,standard,298,0.336,0.166,0,0,Wednesday,2022,0
UK,GBP,GBP,mobile,107.92,134.9,2.85,1,FALSE,low,704,0.515,0.283,0,0,Wednesday,2022,0
US,USD,USD,mobile,83.27,83.27,2.54,1,FALSE,standard,298,0.336,0.166,0,0,Wednesday,2022,0
US,USD,PHP,ATM,53.25,53.25,1.53,58.823529,FALSE,enhanced,367,0.789,0.176,0,0.1,Wednesday,2022,0
US,USD,EUR,web,139.47,139.47,3.46,0.925926,FALSE,standard,298,0.336,0.166,0,0,Wednesday,2022,0
US,USD,PHP,mobile,628.88,628.88,10.43,58.823529,FALSE,standard,263,0.522,0.223,0,0.1,Wednesday,2022,0
CA,CAD,USD,ATM,114.43,84.68,2.76,0.74,TRUE,low,214,0.596,0.233,1,0,Wednesday,2022,0
US,USD,CAD,web,355.33,355.33,6.28,1.351351,FALSE,standard,298,0.336,0.166,0,0,Thursday,2022,0
US,USD,EUR,MOBILE,73.03,73.03,1.91,0.925926,FALSE,unknown,263,0.522,0.223,1,0,Thursday,2022,0
US,USD,GBP,mobile,542.15,542.15,9.28,0.8,FALSE,standard,298,0.336,0.166,1,0,Thursday,2022,0
US,USD,NGN,web,127.18,127.18,2.97,1111.111111,FALSE,standard,1018,0.934,0.087,0,0.25,Thursday,2022,0
US,USD,CNY,mobile,250.58,250.58,4.97,7.142857,TRUE,standard,263,0.522,0.223,0,0,Thursday,2022,0
US,USD,USD,mobile,117.31,117.31,3.13,1,FALSE,standard,1018,0.934,0.087,0,0,Thursday,2022,0
CA,CAD,MXN,mobile,207.23,153.35,3.73,12.758621,FALSE,standard,947,0.625,0.268,0,0,Thursday,2022,0
US,USD,EUR,ATM,179.14,179.14,3.1,0.925926,FALSE,standard,147,0.401,0.391,0,0,Friday,2022,0
UK,GBP,INR,mobile,153.76,192.2,2.87,104.166667,FALSE,standard,4,0.892,0.407,0,0,Friday,2022,0
US,USD,PHP,web,52.12,52.12,1.95,58.823529,FALSE,standard,147,0.551,0.391,0,0.1,Friday,2022,0
US,USD,CNY,web,125.62,125.62,2.7,7.142857,FALSE,standard,263,0.522,0.223,0,0,Friday,2022,0
US,USD,NGN,web,231.09,231.09,3.69,1111.111111,FALSE,enhanced,367,0.939,0.176,0,0.25,Friday,2022,0
US,USD,PHP,mobile,159.06,159.06,3.32,58.823529,FALSE,standard,298,0.336,0.166,0,0.1,Friday,2022,0
US,USD,USD,web,280.09,280.09,4.65,1,FALSE,standard,263,0.522,0.223,0,0,Saturday,2022,0
US,USD,CNY,mobile,9992.29,9992.29,151.16,7.142857,FALSE,standard,263,0.522,0.223,0,0,Saturday,2022,0
US,USD,EUR,mobile,46.1,46.1,1.57,0.925926,FALSE,enhanced,257,0.894,0.257,0,0,Saturday,2022,0
US,USD,CNY,mobile,108.41,108.41,2.75,7.142857,FALSE,standard,263,0.522,0.223,1,0,Sunday,2022,0
US,USD,INR,mobile,348.46,348.46,6.63,83.333333,FALSE,standard,1018,0.934,0.087,0,0,Sunday,2022,0
UK,GBP,USD,mobile,215.15,268.94,4.74,1.25,FALSE,standard,684,0.833,0.241,1,0,Sunday,2022,0
UK,GBP,MXN,web,45.28,56.59,2.22,21.551724,TRUE,standard,4,0.892,0.407,1,0,Sunday,2022,1
US,USD,MXN,mobile,91.51,91.51,2.65,17.241379,FALSE,standard,147,0.551,0.391,0,0.2,Sunday,2022,1
US,USD,CNY,mobile,162.93,162.93,3.01,7.142857,FALSE,standard,147,0.551,0.391,0,0,Sunday,2022,0
US,USD,PHP,mobile,109.26,109.26,2.43,58.823529,FALSE,standard,1018,0.934,0.087,0,0.1,Sunday,2022,0
US,USD,EUR,mobile,206.2,206.2,3.84,0.925926,FALSE,standard,263,0.522,0.223,6,0,Sunday,2022,0
UK,GBP,USD,mobile,1576.87,1971.09,25.82,1.25,FALSE,standard,4,0.892,0.407,0,0,Sunday,2022,0
US,USD,CNY,mobile,187.89,187.89,3.38,7.142857,FALSE,standard,263,0.522,0.223,0,0,Sunday,2022,0
UK,GBP,CNY,ATM,412.59,515.74,7.6,8.928571,FALSE,standard,4,0.892,0.407,0,0,Monday,2022,0
US,USD,USD,ATM,120.78,120.78,1.85,1,FALSE,standard,147,0.551,0.391,0,0,Monday,2022,0
CA,CAD,USD,web,272.36,201.55,4.81,0.74,TRUE,standard,1035,0.497,0.236,0,0,Monday,2022,0
US,USD,USD,mobile,124.38,124.38,2.13,1,FALSE,enhanced,257,0.894,0.257,1,0,Monday,2022,0
US,USD,USD,mobile,1744.47,1744.47,26.89,1,FALSE,enhanced,257,0.894,0.257,0,0,Monday,2022,0
UK,GBP,PHP,web,393.67,492.09,6.07,73.529412,FALSE,standard,4,0.892,0.407,0,0,Monday,2022,0
US,USD,GBP,mobile,58.13,58.13,2.47,0.8,FALSE,standard,147,0.551,0.391,0,0,Monday,2022,0
CA,CAD,CNY,mobile,145.41,107.6,2.81,5.285714,FALSE,standard,947,0.625,0.268,0,0,Monday,2022,0
US,USD,PHP,mobile,306.71,306.71,5.47,58.823529,FALSE,standard,298,0.336,0.166,0,0.1,Tuesday,2022,0
UK,GBP,CNY,web,93.18,116.48,2.6,8.928571,FALSE,standard,4,0.892,0.407,0,0,Tuesday,2022,0
UK,GBP,CNY,web,140.75,175.94,2.88,8.928571,FALSE,standard,718,0.953,0.169,0,0,Tuesday,2022,0
US,USD,INR,ATM,433.34,433.34,6.93,83.333333,FALSE,standard,263,0.522,0.223,0,0,Thursday,2023,0
US,USD,CAD,mobile,190.3,190.3,3.06,1.351351,FALSE,enhanced,367,0.939,0.176,0,0,Tuesday,2022,0
US,USD,EUR,web,101.14,101.14,2.52,0.925926,FALSE,standard,147,0.551,0.391,0,0,Tuesday,2022,0
US,USD,EUR,mobile,9996.81,9996.81,150.6,0.925926,FALSE,standard,147,0.551,0.391,0,0,Tuesday,2022,0
US,USD,INR,mobile,254.39,254.39,4.39,83.333333,FALSE,enhanced,367,0.939,0.176,0,0,Tuesday,2022,0
US,USD,NGN,mobile,672.58,672.58,11.33,1111.111111,FALSE,standard,298,0.186,0.166,0,0.25,Tuesday,2022,0
UK,GBP,USD,mobile,307.37,384.21,6.1,1.25,TRUE,standard,4,0.892,0.407,0,0,Tuesday,2022,0
US,USD,MXN,mobile,107.89,107.89,3.67,17.241379,FALSE,standard,298,0.336,0.166,0,0.2,Tuesday,2022,0
US,USD,CNY,web,142.01,142.01,3.15,7.142857,FALSE,standard,263,0.522,0.223,0,0,Tuesday,2022,0
US,USD,EUR,mobile,189.83,189.83,3.02,0.925926,FALSE,standard,263,0.522,0.223,0,0,Tuesday,2022,0
US,USD,GBP,web,835.55,835.55,13.73,0.8,FALSE,enhanced,257,0.894,0.257,0,0,Wednesday,2022,0
UK,GBP,INR,mobile,147.13,183.91,2.71,104.166667,FALSE,standard,4,0.892,0.407,0,0,Wednesday,2022,0
US,USD,PHP,mobile,29.41,29.41,1.12,58.823529,FALSE,standard,298,0.336,0.166,0,0.1,Wednesday,2022,0
US,USD,CAD,web,32.08,32.08,1.29,1.351351,FALSE,standard,1018,0.934,0.087,4,0,Wednesday,2022,0
UK,GBP,USD,mobile,56.76,70.95,2.06,1.25,FALSE,standard,4,0.892,0.407,0,0,Wednesday,2022,0
US,USD,GBP,ATM,263.2,263.2,4.46,0.8,FALSE,standard,1016,0.944,0.247,0,0,Wednesday,2022,0
UK,GBP,USD,mobile,57.04,71.3,1.08,1.25,FALSE,low,704,0.515,0.283,0,0,Wednesday,2022,0
US,USD,USD,mobile,96.07,96.07,2.51,1,FALSE,standard,1018,0.934,0.087,0,0,Wednesday,2022,0
US,USD,NGN,mobile,91.25,91.25,2.71,1111.111111,FALSE,enhanced,367,0.939,0.176,0,0.25,Wednesday,2022,0
US,USD,EUR,mobile,56.61,56.61,2.48,0.925926,FALSE,standard,1018,0.934,0.087,0,0,Wednesday,2022,0
UK,GBP,PHP,web,989.32,1236.65,16.8,73.529412,FALSE,standard,4,0.892,0.407,0,0,Wednesday,2022,0
UK,GBP,INR,mobile,33.14,41.43,0.68,104.166667,FALSE,standard,718,0.953,0.169,0,0,Wednesday,2022,0
US,USD,CNY,mobile,107.58,107.58,2.83,7.142857,TRUE,standard,1016,0.944,0.247,0,0,Wednesday,2022,0
CA,CAD,EUR,mobile,222.13,164.38,4.25,0.685185,FALSE,low,824,0.607,0.282,0,0,Thursday,2022,0
CA,CAD,MXN,mobile,98.05,72.56,2.25,12.758621,FALSE,standard,1041,0.867,0.245,0,0,Thursday,2022,0
US,USD,CNY,web,975.35,975.35,15.54,7.142857,FALSE,standard,298,0.336,0.166,0,0,Thursday,2022,0
US,USD,USD,mobile,86.77,86.77,2.91,1,FALSE,standard,263,0.522,0.223,0,0,Thursday,2022,0
US,USD,INR,ATM,76.56,76.56,3.11,83.333333,TRUE,enhanced,257,0.894,0.257,0,0,Thursday,2022,0
US,USD,USD,mobile,45.56,45.56,1.1,1,FALSE,enhanced,367,0.939,0.176,0,0,Friday,2022,0
US,USD,MXN,web,53.51,53.51,0.5,17.241379,FALSE,enhanced,367,0.939,0.176,0,0.2,Friday,2022,0
US,USD,EUR,ATM,117.89,117.89,1.99,0.925926,FALSE,standard,859,0.96,0.363,0,0,Friday,2022,0
US,USD,NGN,mobile,28.02,28.02,1.63,1111.111111,FALSE,standard,263,0.522,0.223,0,0.25,Friday,2022,0
US,USD,CNY,mobile,38.88,38.88,1.55,7.142857,TRUE,standard,1018,0.934,0.087,0,0,Friday,2022,0
CA,CAD,CNY,mobile,123.91,91.69,2.92,5.285714,FALSE,standard,725,0.824,0.212,0,0,Friday,2022,0
US,USD,INR,mobile,67.43,67.43,1.26,83.333333,FALSE,standard,147,0.551,0.391,0,0,Friday,2022,0
US,USD,GBP,mobile,127.91,127.91,2.97,0.8,FALSE,standard,1018,0.934,0.087,0,0,Friday,2022,0
US,USD,CNY,web,111.73,111.73,3.68,7.142857,FALSE,standard,1016,0.944,0.247,0,0,Friday,2022,0
US,USD,USD,web,237.21,237.21,3.55,1,FALSE,enhanced,257,0.894,0.257,0,0,Friday,2022,0
US,USD,INR,mobile,275.32,275.32,4.97,83.333333,FALSE,standard,298,0.336,0.166,0,0,Friday,2022,0
US,USD,CNY,ATM,480.46,480.46,8.1,7.142857,FALSE,enhanced,367,0.939,0.176,0,0,Friday,2022,0
US,USD,CAD,web,315.36,315.36,5.72,1.351351,FALSE,standard,263,0.522,0.223,0,0,Saturday,2022,0
CA,CAD,USD,web,135.82,100.51,3.31,0.74,TRUE,low,824,0.607,0.282,0,0,Saturday,2022,0
US,USD,CAD,ATM,55.24,55.24,1.61,1.351351,TRUE,standard,263,0.372,0.223,0,0,Saturday,2022,0
US,USD,CNY,mobile,1089.2,1089.2,16.88,7.142857,FALSE,standard,1018,0.934,0.087,1,0,Saturday,2022,0
US,USD,CAD,web,486.37,486.37,7.73,1.351351,FALSE,enhanced,367,0.939,0.176,0,0,Wednesday,2023,0
UK,GBP,CNY,web,153.93,192.41,4.04,8.928571,FALSE,standard,4,0.892,0.407,0,0,Saturday,2022,0
UK,GBP,CAD,mobile,129.63,162.03,2.12,1.689189,FALSE,standard,4,0.892,0.407,0,0,Saturday,2022,0
US,USD,CAD,mobile,310.32,310.32,5.6,1.351351,FALSE,standard,147,0.551,0.391,1,0,Saturday,2022,0
US,USD,USD,web,234.81,410.97,110.92,1,TRUE,unknown,298,0.68,0.166,0,0,Sunday,2022,0
US,USD,GBP,mobile,62.11,62.11,2.38,0.8,FALSE,low,790,0.43,0.28,0,0,Sunday,2022,0
US,USD,INR,mobile,386.87,386.87,6.96,83.333333,FALSE,standard,263,0.522,0.223,0,0,Sunday,2022,0
US,USD,EUR,web,78.88,78.88,2.19,0.925926,FALSE,standard,263,0.372,0.223,0,0,Sunday,2022,0
US,USD,USD,ATM,404.85,404.85,6.77,1,FALSE,standard,263,0.522,0.223,0,0,Sunday,2022,0
US,USD,GBP,web,196.06,196.06,4.07,0.8,FALSE,enhanced,367,0.939,0.176,1,0,Monday,2022,0
US,USD,INR,unknown,138.86,138.86,3.38,83.333333,FALSE,unknown,34,0.427,0.068,0,0,Monday,2022,0
CA,CAD,MXN,mobile,9991.06,7393.38,150.67,12.758621,FALSE,standard,947,0.625,0.268,0,0,Monday,2022,0
UK,GBP,GBP,mobile,304.44,380.55,5.64,1,FALSE,standard,4,0.892,0.407,0,0,Monday,2022,0
US,USD,MXN,mobile,156.36,156.36,3.61,17.241379,FALSE,enhanced,367,0.939,0.176,0,0.2,Monday,2022,0
CA,CAD,USD,ATM,121.94,90.23,1.98,0.74,FALSE,low,615,0.515,0.355,0,0,Monday,2023,0
US,USD,CNY,web,474.33,474.33,7.93,7.142857,FALSE,standard,263,0.522,0.223,1,0,Monday,2022,0
US,USD,PHP,web,37.33,37.33,1.43,58.823529,FALSE,standard,1018,0.934,0.087,0,0.1,Tuesday,2022,0
US,USD,CAD,web,156.41,156.41,2.69,1.351351,FALSE,enhanced,257,0.894,0.257,0,0,Tuesday,2022,0
UK,GBP,INR,mobile,358.73,448.41,6.05,104.166667,FALSE,standard,4,0.892,0.407,1,0,Tuesday,2022,0
UK,GBP,INR,mobile,181.82,227.28,3.31,104.166667,FALSE,low,969,0.398,0.365,1,0,Tuesday,2022,0
US,USD,CAD,mobile,191.92,191.92,4.45,1.351351,FALSE,standard,298,0.336,0.166,0,0,Wednesday,2022,0
UK,GBP,EUR,web,59.13,73.91,1.89,1.157407,FALSE,standard,718,0.953,0.169,0,0.05,Wednesday,2022,0
UK,GBP,INR,web,140.35,175.43,2.55,104.166667,FALSE,standard,4,0.892,0.407,0,0,Wednesday,2022,0
US,USD,PHP,mobile,359.39,359.39,6.13,58.823529,FALSE,enhanced,257,0.894,0.257,0,0.1,Wednesday,2022,0
UK,GBP,CAD,mobile,55.98,69.98,3.18,1.689189,FALSE,standard,4,0.892,0.407,0,0,Wednesday,2022,0
US,USD,CNY,web,73.87,73.87,2.67,7.142857,FALSE,enhanced,367,0.939,0.176,0,0,Wednesday,2022,0
US,USD,EUR,mobile,91.16,91.16,2.59,0.925926,FALSE,standard,147,0.551,0.391,0,0,Wednesday,2022,0
US,USD,MXN,mobile,46.82,46.82,2,17.241379,FALSE,standard,298,0.336,0.166,0,0.2,Wednesday,2022,0
UK,GBP,INR,mobile,91.09,113.87,2.82,104.166667,TRUE,standard,985,0.718,0.22,0,0,Wednesday,2022,0
US,USD,CNY,web,128.67,128.67,2.74,7.142857,FALSE,standard,147,0.401,0.391,0,0,Wednesday,2022,0
US,USD,GBP,mobile,172.2,410.97,110.92,0.8,FALSE,unknown,263,0.68,0.223,0,0,Wednesday,2022,0
UK,GBP,CAD,mobile,49.65,62.06,1.6,1.689189,FALSE,standard,4,0.892,0.407,0,0,Wednesday,2022,0
CA,CAD,USD,mobile,299.82,410.97,110.92,0.74,FALSE,unknown,947,0.68,0.268,0,0,Wednesday,2022,0
US,USD,GBP,web,619.96,619.96,10.33,0.8,FALSE,standard,263,0.522,0.223,0,0,Wednesday,2022,1
US,USD,GBP,ATM,97.51,97.51,2.43,0.8,FALSE,standard,298,0.186,0.166,0,0,Wednesday,2022,0
US,USD,NGN,mobile,238.16,238.16,4.81,1111.111111,FALSE,standard,147,0.551,0.391,0,0.25,Thursday,2022,0
US,USD,PHP,mobile,68.32,68.32,2.5,58.823529,FALSE,standard,298,0.336,0.166,0,0.1,Thursday,2022,0
US,USD,CNY,mobile,24.02,24.02,1.5,7.142857,FALSE,standard,147,0.551,0.391,0,0,Thursday,2022,0
US,USD,NGN,web,107.64,107.64,3.55,1111.111111,FALSE,standard,263,0.522,0.223,1,0.25,Thursday,2022,0
UK,GBP,PHP,mobile,120.66,150.82,3.15,73.529412,FALSE,standard,718,0.953,0.169,1,0,Thursday,2022,0
US,USD,CNY,web,106.35,106.35,2.46,7.142857,TRUE,standard,298,0.336,0.166,0,0,Thursday,2022,0
US,USD,EUR,web,343.97,410.97,110.92,0.925926,FALSE,unknown,1016,0.68,0.247,0,0,Thursday,2022,0
UK,GBP,USD,mobile,394.81,493.52,7.59,1.25,FALSE,standard,4,0.892,0.407,0,0,Thursday,2022,1
US,USD,CNY,mobile,85.16,85.16,2.47,7.142857,FALSE,standard,147,0.551,0.391,0,0,Friday,2022,1
US,USD,PHP,mobile,105.99,105.99,2.62,58.823529,FALSE,enhanced,367,0.939,0.176,0,0.1,Wednesday,2023,0
US,USD,GBP,mobile,176.77,176.77,4.47,0.8,FALSE,standard,298,0.336,0.166,0,0,Friday,2022,0
UK,GBP,PHP,mobile,423.83,529.79,7.14,73.529412,FALSE,standard,4,0.892,0.407,0,0,Friday,2022,0
US,USD,INR,mobile,1117.37,1117.37,16.85,83.333333,FALSE,standard,298,0.336,0.166,0,0,Friday,2022,0
US,USD,CAD,mobile,101.41,101.41,3.95,1.351351,FALSE,enhanced,367,0.939,0.176,0,0,Friday,2022,0
UK,GBP,EUR,mobile,173.01,216.26,3.13,1.157407,FALSE,standard,4,0.892,0.407,0,0.05,Friday,2022,0
CA,CAD,EUR,web,775.55,573.91,12.54,0.685185,FALSE,standard,1041,0.717,0.245,1,0,Saturday,2022,0
US,USD,GBP,mobile,546.67,546.67,8.64,0.8,FALSE,standard,147,0.551,0.391,0,0,Saturday,2022,0
US,USD,EUR,mobile,302.68,302.68,6.24,0.925926,TRUE,standard,1018,0.934,0.087,0,0,Saturday,2022,0
US,USD,USD,ATM,39.73,39.73,2.22,1,FALSE,enhanced,367,0.939,0.176,0,0,Saturday,2022,0
US,USD,PHP,mobile,92.1,92.1,2.26,58.823529,FALSE,low,616,0.702,0.361,0,0.1,Saturday,2022,0
CA,CAD,GBP,mobile,67.3,49.8,2.27,0.592,FALSE,standard,947,0.625,0.268,0,0,Saturday,2022,0
US,USD,USD,web,108.1,108.1,3.12,1,FALSE,enhanced,257,0.894,0.257,0,0,Saturday,2022,0
US,USD,NGN,mobile,165.86,165.86,2.69,1111.111111,FALSE,enhanced,661,0.92,0.259,0,0.25,Saturday,2022,0
CA,CAD,USD,mobile,259.08,191.72,4.87,0.74,FALSE,low,824,0.607,0.282,0,0,Saturday,2022,0
UK,GBP,INR,mobile,205.2,256.5,4.04,104.166667,FALSE,standard,4,0.892,0.407,0,0,Saturday,2022,0
UK,GBP,USD,web,509.38,636.73,8.56,1.25,FALSE,standard,718,0.953,0.169,0,0,Sunday,2022,0
CA,CAD,CAD,web,85.96,63.61,1.69,1,FALSE,standard,1041,0.867,0.245,6,0,Sunday,2022,0
US,USD,CNY,mobile,219.57,410.97,110.92,7.142857,FALSE,unknown,147,0.68,0.391,0,0,Sunday,2022,0
US,USD,CAD,mobile,147.92,147.92,3.02,1.351351,FALSE,enhanced,367,0.939,0.176,0,0,Sunday,2022,0
US,USD,INR,mobile,260.18,260.18,4.91,83.333333,FALSE,standard,34,0.427,0.068,0,0,Monday,2022,0
UK,GBP,CNY,web,280.18,410.97,110.92,8.928571,FALSE,unknown,208,0.68,0.294,0,0,Monday,2022,0
US,USD,EUR,web,131.39,131.39,3.19,0.925926,FALSE,standard,298,0.336,0.166,0,0,Monday,2022,0
UK,GBP,CAD,mobile,44.4,55.51,1.96,1.689189,TRUE,standard,4,0.892,0.407,0,0,Monday,2022,0
US,USD,GBP,mobile,96.27,96.27,2.79,0.8,FALSE,standard,298,0.336,0.166,0,0,Monday,2022,0
CA,CAD,CNY,mobile,587.14,434.48,9.46,5.285714,FALSE,standard,947,0.625,0.268,0,0,Monday,2022,0
US,USD,GBP,web,9996.29,9996.29,151.43,0.8,FALSE,standard,298,0.336,0.166,0,0,Monday,2022,0
US,USD,EUR,mobile,135.34,135.34,3.9,0.925926,FALSE,standard,263,0.522,0.223,0,0,Tuesday,2022,0
US,USD,GBP,ATM,368.48,368.48,6.53,0.8,FALSE,standard,34,0.427,0.068,0,0,Tuesday,2022,0
CA,CAD,CAD,web,214.63,158.82,4.05,1,FALSE,low,824,0.607,0.282,1,0,Tuesday,2022,0
US,USD,MXN,web,53.51,53.51,2.59,17.241379,FALSE,standard,263,0.372,0.223,0,0.2,Tuesday,2022,0
UK,GBP,PHP,mobile,89.61,112.01,1.41,73.529412,FALSE,standard,4,0.892,0.407,0,0,Tuesday,2022,0
CA,CAD,CNY,web,233.88,173.07,5.3,5.285714,FALSE,standard,1041,0.867,0.245,0,0,Tuesday,2022,0
US,USD,NGN,mobile,275.4,275.4,5.27,1111.111111,FALSE,standard,263,0.522,0.223,0,0.25,Tuesday,2022,0
US,USD,GBP,mobile,54.88,54.88,1.84,0.8,FALSE,enhanced,367,0.939,0.176,0,0,Tuesday,2022,0
CA,CAD,MXN,mobile,136.41,100.95,2.51,12.758621,FALSE,standard,172,0.881,0.199,0,0,Tuesday,2022,0
UK,GBP,CNY,mobile,163.03,203.79,3.62,8.928571,FALSE,standard,4,0.742,0.407,0,0,Tuesday,2022,0
US,USD,PHP,web,291.85,291.85,4.69,58.823529,FALSE,standard,298,0.336,0.166,0,0.1,Tuesday,2022,0
CA,CAD,PHP,ATM,30.94,22.89,1.34,43.529412,TRUE,standard,947,0.625,0.268,1,0,Tuesday,2022,0
US,USD,NGN,mobile,79.34,79.34,2.36,1111.111111,FALSE,enhanced,367,0.939,0.176,1,0.25,Wednesday,2022,0
US,USD,USD,web,58.19,410.97,110.92,1,FALSE,unknown,819,0.68,0.107,0,0,Wednesday,2022,0
US,USD,CAD,web,9990.98,9990.98,150.54,1.351351,FALSE,standard,1018,0.934,0.087,0,0,Wednesday,2022,0
UK,GBP,CNY,mobile,342.95,428.68,6.25,8.928571,FALSE,standard,718,0.803,0.169,0,0,Wednesday,2022,0
US,USD,CNY,web,55.11,55.11,1.65,7.142857,FALSE,standard,263,0.522,0.223,0,0,Wednesday,2022,0
US,USD,EUR,mobile,154.01,154.01,2.97,0.925926,FALSE,standard,263,0.522,0.223,0,0,Wednesday,2022,0
US,USD,INR,web,110.58,110.58,3.45,83.333333,FALSE,standard,147,0.551,0.391,0,0,Wednesday,2022,0
UK,GBP,MXN,web,108.99,136.24,-1,21.551724,FALSE,standard,718,-0.1,0.169,0,0,Wednesday,2022,0
US,USD,USD,web,92.65,92.65,2.25,1,FALSE,standard,298,0.336,0.166,0,0,Wednesday,2022,0
US,USD,GBP,mobile,75.9,75.9,2.28,0.8,FALSE,standard,147,0.551,0.391,0,0,Wednesday,2022,0
 US  ,USD,USD,WEB,-176.92,176.92,9999.99,1,FALSE,standard,1018,-0.1,0.087,0,0,Wednesday,2022,0
US,USD,EUR,mobile,9993.92,9993.92,150.69,0.925926,FALSE,enhanced,257,0.894,0.257,0,0,Wednesday,2022,0
US,USD,NGN,mobile,229.99,229.99,4.24,1111.111111,FALSE,standard,1048,0.79,0.125,0,0.25,Thursday,2022,0
US,USD,EUR,web,186.22,186.22,3.29,0.925926,FALSE,standard,298,0.336,0.166,0,0,Thursday,2022,0
US,USD,PHP,mobile,232.38,232.38,3.6,58.823529,FALSE,standard,1018,0.934,0.087,0,0.1,Thursday,2022,0
US,USD,MXN,web,91.02,91.02,1.88,17.241379,FALSE,low,616,0.702,0.361,0,0.2,Thursday,2022,0
UK,GBP,NGN,web,100.33,125.42,1.52,1388.888889,FALSE,standard,4,0.892,0.407,0,0.22,Thursday,2022,0
UK,GBP,USD,mobile,93.46,116.83,3.25,1.25,FALSE,standard,718,0.953,0.169,0,0,Thursday,2022,0
US,USD,CNY,mobile,68.01,68.01,1.64,7.142857,TRUE,standard,1018,0.934,0.087,0,0,Thursday,2022,0
CA,CAD,INR,ATM,362.17,268,6.57,61.666667,FALSE,low,615,0.515,0.355,0,0.12,Thursday,2022,0
CA,CAD,MXN,mobile,118.2,87.46,1.79,12.758621,FALSE,standard,947,0.625,0.268,0,0,Thursday,2022,0
UK,GBP,INR,mobile,243.77,304.71,5.08,104.166667,TRUE,standard,4,0.892,0.407,1,0,Thursday,2022,0
US,USD,CAD,mobile,-702.71,702.71,9999.99,1.351351,FALSE,enhanced,367,-0.1,0.176,0,0,Thursday,2022,0
US,USD,USD,ATM,166.87,166.87,4.71,1,FALSE,standard,263,0.522,0.223,1,0,Thursday,2022,0
US,USD,INR,mobile,251.95,251.95,5.68,83.333333,FALSE,enhanced,367,0.939,0.176,0,0,-1,0,0
CA,CAD,INR,web,122.04,90.31,3.68,61.666667,TRUE,standard,172,0.881,0.199,0,0.12,Thursday,2022,0
US,USD,MXN,web,174.14,174.14,3.49,17.241379,FALSE,standard,263,0.522,0.223,0,0.2,Friday,2022,0
US,USD,NGN,web,481.66,481.66,8.94,1111.111111,FALSE,standard,147,0.551,0.391,0,0.25,Friday,2022,0
CA,CAD,EUR,web,80.42,59.51,2.23,0.685185,FALSE,standard,172,0.881,0.199,0,0,Friday,2022,0
US,USD,GBP,mobile,112.93,112.93,2.16,0.8,FALSE,enhanced,257,0.894,0.257,0,0,Friday,2022,0
UK,GBP,PHP,web,139.49,174.36,3.38,73.529412,FALSE,standard,4,0.892,0.407,0,0,Friday,2022,0
US,USD,CNY,ATM,192.06,192.06,3.69,7.142857,FALSE,standard,298,0.336,0.166,0,0,Friday,2022,0
US,USD,USD,mobile,240.55,240.55,5.29,1,FALSE,enhanced,257,0.894,0.257,0,0,Friday,2022,0
US,USD,CAD,mobile,19.65,19.65,1.18,1.351351,FALSE,standard,263,0.522,0.223,0,0,Saturday,2022,0
UK,GBP,USD,mobile,452.96,566.2,8.02,1.25,FALSE,standard,4,0.892,0.407,0,0,Saturday,2022,0
unknown,USD,CNY,mobille,28.94,28.94,1.21,7.142857,TRUE,enhanced,367,0.939,0.176,0,0,Saturday,2022,0
US,USD,INR,mobile,118.28,118.28,2.58,83.333333,FALSE,standard,263,0.372,0.223,0,0,Saturday,2022,0
UK,GBP,NGN,mobile,220.67,275.83,3.57,1388.888889,FALSE,standard,4,0.892,0.407,0,0.22,Saturday,2022,0
UK,GBP,MXN,mobile,144.18,180.23,2.8,21.551724,TRUE,standard,4,0.892,0.407,0,0,Saturday,2022,0
US,USD,INR,ATM,460.58,460.58,7.71,83.333333,TRUE,standard,263,0.522,0.223,0,0,Saturday,2022,0
US,USD,EUR,web,198.55,198.55,3.66,0.925926,FALSE,standard,298,0.336,0.166,0,0,Saturday,2022,0
US,USD,PHP,web,146.38,146.38,3.86,58.823529,FALSE,standard,298,0.336,0.166,1,0.1,Saturday,2022,0
US,USD,GBP,mobile,-230.36,230.36,9999.99,0.8,FALSE,standard,263,-0.1,0.223,0,0,Friday,2023,0
US,USD,CNY,mobile,42.26,42.26,1.5,7.142857,FALSE,standard,263,0.372,0.223,0,0,Saturday,2022,0
CA,CAD,USD,mobile,142.33,105.32,2.58,0.74,FALSE,standard,947,0.625,0.268,0,0,Sunday,2022,0
US,USD,NGN,mobile,9998.75,9998.75,151.04,1111.111111,FALSE,standard,1018,0.934,0.087,0,0.25,Sunday,2022,0
UK,GBP,INR,web,60.53,75.66,1.08,104.166667,FALSE,standard,4,0.892,0.407,0,0,Sunday,2022,0
US,USD,CNY,ATM,318.73,318.73,5.46,7.142857,FALSE,enhanced,257,0.894,0.257,0,0,Sunday,2022,0
CA,CAD,CAD,web,-203.83,150.83,9999.99,1,FALSE,standard,947,-0.1,0.268,0,0,Sunday,2022,0
UK,GBP,GBP,web,70.52,88.16,2.29,1,FALSE,standard,4,0.892,0.407,0,0,Monday,2022,0
CA,CAD,CNY,ATM,352.62,260.94,6,5.285714,TRUE,low,824,0.607,0.282,0,0,Monday,2022,0
UK,GBP,CAD,ATM,39.28,49.1,1.26,1.689189,FALSE,standard,4,0.892,0.407,4,0,Monday,2022,0
US,USD,CNY,mobile,119.81,119.81,2.82,7.142857,FALSE,standard,298,0.186,0.166,0,0,Monday,2022,0
US,USD,GBP,mobile,233.7,233.7,4.39,0.8,FALSE,standard,1018,0.934,0.087,0,0,Tuesday,2022,0
US,USD,MXN,mobile,66.7,66.7,1.77,17.241379,FALSE,enhanced,367,0.939,0.176,6,0.2,Tuesday,2022,0
US,USD,NGN,ATM,9991.92,9991.92,151.34,1111.111111,FALSE,enhanced,367,0.939,0.176,0,0.25,Tuesday,2022,0
UK,GBP,MXN,web,71.02,88.77,1.63,21.551724,FALSE,standard,718,0.953,0.169,1,0,Tuesday,2022,0
US,USD,CNY,web,478.16,478.16,7.99,7.142857,FALSE,standard,1018,0.934,0.087,0,0,Tuesday,2022,0
US,USD,CAD,mobile,122.95,122.95,3.47,1.351351,FALSE,standard,1016,0.944,0.247,0,0,Tuesday,2022,0
US,USD,USD,web,149.89,149.89,3.23,1,FALSE,standard,263,0.372,0.223,0,0,Tuesday,2022,0
US,USD,CAD,mobile,208.91,208.91,4.54,1.351351,FALSE,standard,263,0.522,0.223,0,0,Tuesday,2022,0
US,USD,PHP,web,83.18,83.18,2.56,58.823529,FALSE,standard,298,0.336,0.166,0,0.1,Wednesday,2022,0
US,USD,CAD,mobile,52.26,52.26,1.92,1.351351,FALSE,standard,263,0.522,0.223,0,0,Wednesday,2022,0
US,USD,USD,mobile,117.94,117.94,2.75,1,FALSE,enhanced,367,0.939,0.176,0,0,Wednesday,2022,0
US,USD,CNY,web,592.18,592.18,10.03,7.142857,TRUE,standard,1016,0.944,0.247,0,0,Wednesday,2022,0
UK,GBP,INR,unknown,147.88,184.85,3.25,104.166667,FALSE,standard,4,0.892,0.407,1,0,Wednesday,2022,0
US,USD,NGN,mobile,284.81,284.81,5.64,1111.111111,FALSE,enhanced,367,0.939,0.176,0,0.25,Wednesday,2022,0
US,USD,EUR,mobile,79.33,79.33,1.95,0.925926,FALSE,standard,263,0.522,0.223,0,0,Wednesday,2022,0
US,USD,USD,web,181.5,181.5,3.23,1,FALSE,standard,263,0.522,0.223,0,0,Wednesday,2022,0
US,USD,GBP,web,372.06,372.06,7.31,0.8,FALSE,standard,147,0.551,0.391,0,0,Wednesday,2022,0
UK,GBP,CAD,mobile,9997.75,12497.19,151.06,1.689189,FALSE,standard,4,0.892,0.407,0,0,Wednesday,2022,0
CA,CAD,EUR,ATM,65.23,48.27,1.93,0.685185,FALSE,low,615,0.515,0.355,0,0,Wednesday,2022,0
US,USD,USD,mobile,322.33,322.33,5.13,1,FALSE,enhanced,257,0.894,0.257,0,0,Wednesday,2022,0
US,USD,PHP,mobile,43.23,43.23,1.58,58.823529,FALSE,enhanced,367,0.939,0.176,0,0.1,Wednesday,2022,0
US,USD,NGN,mobile,187.48,187.48,4,1111.111111,FALSE,standard,1018,0.934,0.087,0,0.25,Thursday,2022,0
CA,CAD,USD,mobile,109.71,81.18,1.1,0.74,TRUE,standard,947,0.625,0.268,0,0,Thursday,2022,0
US,USD,CNY,mobile,97.24,97.24,1.72,7.142857,FALSE,enhanced,367,0.939,0.176,0,0,Thursday,2022,0
UK,GBP,INR,mobile,220.09,275.11,4.29,104.166667,FALSE,standard,4,0.892,0.407,0,0,Thursday,2022,0
US,USD,EUR,mobile,127.99,127.99,2.82,0.925926,FALSE,standard,147,0.551,0.391,0,0,Thursday,2022,0
UK,GBP,CAD,web,36.39,45.49,1.65,1.689189,FALSE,standard,4,0.892,0.407,0,0,Thursday,2022,0
US,USD,NGN,mobile,130.92,130.92,3.49,1111.111111,TRUE,standard,263,0.522,0.223,1,0.25,Sunday,2023,0
US,USD,EUR,web,65.28,65.28,2.78,0.925926,FALSE,enhanced,257,0.894,0.257,0,0,Thursday,2022,0
US,USD,INR,mobile,192.29,192.29,-1,83.333333,FALSE,standard,298,-0.1,0.166,0,0,Thursday,2022,0
US,USD,INR,web,186.96,186.96,3.39,83.333333,FALSE,enhanced,257,0.894,0.257,1,0,Thursday,2022,0
CA,CAD,NGN,mobile,68.73,50.86,1.45,822.222222,FALSE,standard,1041,0.867,0.245,0,0,Thursday,2022,0
US,USD,CNY,mobile,48.6,48.6,2.75,7.142857,FALSE,enhanced,367,0.939,0.176,0,0,Thursday,2022,0
 US  ,USD,PHP, mobile  ,198.88,198.88,3.71,58.823529,FALSE,standard,1018,0.934,0.087,0,0.1,Friday,2022,0
US,USD,EUR,mobile,69.28,69.28,2.3,0.925926,FALSE,enhanced,257,0.744,0.257,0,0,Friday,2022,0
US,USD,USD,web,232.3,232.3,5.28,1,FALSE,standard,147,0.551,0.391,1,0,Tuesday,2023,0
US,USD,MXN,web,39.04,39.04,1.6,17.241379,FALSE,enhanced,661,0.92,0.259,0,0.2,Friday,2022,0
US,USD,NGN,mobile,1558.64,1558.64,23.9,1111.111111,FALSE,standard,263,0.372,0.223,0,0.25,Friday,2022,0
US,USD,USD,ATM,89.12,89.12,1.37,1,FALSE,standard,1016,0.944,0.247,0,0,Friday,2022,0
US,USD,INR,mobile,83.38,83.38,2.79,83.333333,FALSE,standard,298,0.336,0.166,6,0,Friday,2022,0
US,USD,EUR,ATM,587.8,587.8,10.01,0.925926,FALSE,standard,298,0.186,0.166,0,0,Friday,2022,0
CA,CAD,NGN,web,25.71,19.03,0.53,822.222222,FALSE,standard,698,0.825,0.195,0,0,Friday,2022,0
US,USD,EUR,web,405.79,405.79,7.21,0.925926,FALSE,standard,263,0.522,0.223,0,0,Friday,2022,0
US,USD,CNY,mobile,22.02,22.02,0.5,7.142857,FALSE,standard,263,0.522,0.223,0,0,Friday,2022,0
US,USD,GBP,mobile,311.27,311.27,5.91,0.8,FALSE,enhanced,257,0.894,0.257,0,0,Saturday,2022,0
UK,GBP,INR,web,833.61,1042.01,13.2,104.166667,FALSE,standard,4,0.892,0.407,0,0,Saturday,2022,0
US,USD,USD,web,236.73,236.73,4.64,1,FALSE,standard,147,0.401,0.391,0,0,Saturday,2022,0
UK,GBP,CAD,web,170.39,212.99,3.28,1.689189,FALSE,standard,4,0.892,0.407,0,0,Saturday,2022,0
US,USD,PHP,web,-82.8,82.8,9999.99,58.823529,FALSE,standard,263,-0.1,0.223,0,0.1,Saturday,2022,0
US,USD,GBP,web,235.7,235.7,4.13,0.8,TRUE,standard,147,0.551,0.391,0,0,Saturday,2022,0
UK,GBP,CNY,mobile,179.24,224.05,4.53,8.928571,TRUE,standard,4,0.892,0.407,5,0,Saturday,2022,0
US,USD,CNY,mobile,55.32,55.32,1.81,7.142857,FALSE,standard,147,0.551,0.391,0,0,Saturday,2022,0
US,USD,GBP,web,61.78,61.78,2.62,0.8,FALSE,standard,298,0.336,0.166,0,0,Sunday,2022,0
US,USD,GBP,mobile,56.75,56.75,1.39,0.8,FALSE,standard,1018,0.934,0.087,0,0,Sunday,2022,0
US,USD,GBP,web,317.81,410.97,110.92,0.8,FALSE,unknown,367,0.68,0.176,0,0,Sunday,2022,0
UK,GBP,INR,WEB,291.52,364.41,5.1,104.166667,FALSE,standard,4,0.892,0.407,0,0,Sunday,2022,0
US,USD,USD,ATM,283.59,283.59,5.66,1,FALSE,standard,1018,0.934,0.087,0,0,Sunday,2022,0
US,USD,EUR,ATM,125.11,125.11,2.73,0.925926,FALSE,standard,263,0.522,0.223,0,0,Sunday,2022,0
US,USD,CAD,mobile,19.06,19.06,1.66,1.351351,FALSE,enhanced,367,0.939,0.176,0,0,Sunday,2022,0
US,USD,PHP,mobile,190.85,190.85,3.82,58.823529,FALSE,standard,147,0.551,0.391,1,0.1,Sunday,2022,0
US,USD,EUR,mobile,112.02,112.02,2.73,0.925926,FALSE,enhanced,367,0.939,0.176,0,0,Sunday,2022,0
UK,GBP,CNY,web,752.83,941.04,11.61,8.928571,FALSE,standard,4,0.892,0.407,7,0,Monday,2022,1
US,USD,PHP,mobile,85.87,85.87,2.75,58.823529,FALSE,standard,263,0.522,0.223,0,0.1,Monday,2022,0
US,USD,NGN,WEB,70.12,70.12,2.55,1111.111111,FALSE,unknown,263,0.522,0.223,8,0.25,Wednesday,2023,0
US,USD,GBP,web,983.95,983.95,15,0.8,FALSE,standard,859,0.96,0.363,0,0,Monday,2022,0
US,USD,CAD,mobile,241.69,241.69,4.87,1.351351,TRUE,standard,859,0.96,0.363,0,0,Monday,2022,0
US,USD,CAD,ATM,982.04,982.04,15.6,1.351351,FALSE,standard,1018,0.934,0.087,0,0,Monday,2022,0
US,USD,INR,mobile,227.57,227.57,3.62,83.333333,FALSE,standard,298,0.336,0.166,0,0,Monday,2022,0
US,USD,NGN,ATM,111.17,111.17,2.94,1111.111111,FALSE,standard,1018,0.934,0.087,0,0.25,Monday,2022,0
US,USD,CAD,web,174.67,174.67,4.41,1.351351,FALSE,standard,263,0.522,0.223,0,0,Monday,2022,0
US,USD,INR,ATM,257.37,257.37,4.96,83.333333,TRUE,standard,648,0.62,0.24,0,0,Monday,2022,0
UK,GBP,CNY,mobile,776.01,970.01,12.5,8.928571,FALSE,standard,718,0.953,0.169,0,0,Monday,2022,0
US,USD,CAD,mobile,91.59,91.59,1.84,1.351351,FALSE,enhanced,257,0.894,0.257,0,0,Monday,2022,0
US,USD,PHP,mobile,78.03,78.03,1.74,58.823529,FALSE,standard,1016,0.944,0.247,0,0.1,Monday,2022,0
US,USD,CAD,web,112.71,112.71,2.32,1.351351,FALSE,enhanced,257,0.894,0.257,0,0,Monday,2022,0
US,USD,CNY,mobile,85.56,85.56,2.44,7.142857,FALSE,standard,147,0.551,0.391,0,0,Tuesday,2022,0
US,USD,CAD,mobile,123.31,123.31,2.87,1.351351,FALSE,standard,1018,0.934,0.087,1,0,Tuesday,2022,0
US,USD,USD,web,74.63,74.63,2.62,1,FALSE,standard,298,0.336,0.166,0,0,Tuesday,2022,0
US,USD,CAD,mobile,468.6,468.6,8.23,1.351351,FALSE,standard,298,0.336,0.166,0,0,Tuesday,2022,0
US,USD,PHP,ATM,88.5,88.5,1.95,58.823529,FALSE,enhanced,367,0.939,0.176,0,0.1,Tuesday,2022,0
UK,GBP,PHP,mobile,110.72,138.4,4.04,73.529412,FALSE,standard,4,0.892,0.407,0,0,Tuesday,2022,1
US,USD,EUR,mobile,263.16,263.16,5.1,0.925926,FALSE,enhanced,367,0.939,0.176,0,0,Wednesday,2022,0
US,USD,PHP,web,60.27,60.27,1.78,58.823529,FALSE,standard,1016,0.944,0.247,0,0.1,Wednesday,2022,0
US,USD,EUR,mobile,53.62,53.62,1.57,0.925926,FALSE,standard,147,0.401,0.391,0,0,Wednesday,2022,0
US,USD,MXN,web,403.73,403.73,6.47,17.241379,FALSE,standard,263,0.522,0.223,0,0.2,Sunday,2023,0
UK,GBP,CAD,mobile,210.31,262.89,5.25,1.689189,FALSE,standard,718,0.953,0.169,6,0,Wednesday,2022,0
US,USD,GBP,web,400.95,400.95,6.29,0.8,FALSE,standard,263,0.522,0.223,0,0,Wednesday,2022,0
CA,CAD,MXN,mobile,88.23,65.29,1.8,12.758621,FALSE,standard,1041,0.867,0.245,0,0,Wednesday,2022,0
UK,GBP,CNY,mobile,861.51,1076.89,13.73,8.928571,FALSE,standard,4,0.892,0.407,0,0,Wednesday,2022,0
US,USD,GBP,ATM,307.41,307.41,5.61,0.8,FALSE,standard,263,0.522,0.223,0,0,Wednesday,2022,0
UK,GBP,CNY,mobile,94.38,117.98,2.68,8.928571,TRUE,standard,4,0.742,0.407,0,0,Wednesday,2022,0
UK,GBP,USD,MOBILE,335.79,419.74,5.83,1.25,FALSE,standard,718,0.953,0.169,1,0,Wednesday,2022,0
US,USD,CAD,mobile,70.62,70.62,2.01,1.351351,FALSE,enhanced,257,0.894,0.257,0,0,Wednesday,2022,0
US,USD,CAD,web,158.09,158.09,2.71,1.351351,FALSE,standard,298,0.336,0.166,0,0,Thursday,2022,0
US,USD,CAD,weeb,238.57,238.57,4.67,1.351351,TRUE,standard,263,0.522,0.223,0,0,Thursday,2022,0
US,USD,EUR,web,9998.89,9998.89,151.71,0.925926,FALSE,enhanced,257,0.894,0.257,0,0,Thursday,2022,0
US,USD,CAD,web,119.89,119.89,3.33,1.351351,FALSE,standard,1018,0.934,0.087,0,0,Thursday,2022,0
US,USD,INR,mobile,115.06,115.06,3.45,83.333333,FALSE,standard,263,0.522,0.223,0,0,Thursday,2022,0
US,USD,NGN,web,148.38,148.38,2.82,1111.111111,FALSE,standard,147,0.551,0.391,1,0.25,Thursday,2022,0
UK,GBP,MXN,web,238,297.5,4.76,21.551724,FALSE,standard,4,0.892,0.407,0,0,Thursday,2022,0
US,USD,PHP,web,132.59,132.59,3.27,58.823529,FALSE,enhanced,367,0.939,0.176,0,0.1,Thursday,2022,0
US,USD,USD,ATM,137.6,137.6,2.4,1,FALSE,standard,147,0.551,0.391,0,0,Friday,2022,0
US,USD,PHP,mobile,121.75,121.75,3.09,58.823529,FALSE,standard,147,0.401,0.391,0,0.1,Friday,2022,0
US,USD,GBP,mobile,121.47,121.47,2.98,0.8,FALSE,standard,1018,0.934,0.087,0,0,Friday,2022,0
US,USD,PHP,ATM,208.66,208.66,4.39,58.823529,FALSE,standard,298,0.336,0.166,0,0.1,Friday,2022,0
UK,GBP,PHP,unknown,227.94,284.93,3.79,73.529412,FALSE,standard,4,0.742,0.407,0,0,Friday,2022,0
US,USD,GBP,web,109.46,109.46,2.73,0.8,FALSE,standard,298,0.336,0.166,0,0,Friday,2022,0
US,USD,GBP,mobile,279.04,279.04,5.84,0.8,FALSE,standard,34,0.427,0.068,0,0,Friday,2022,0
US,USD,CNY,web,587.67,587.67,9.12,7.142857,FALSE,enhanced,367,0.939,0.176,0,0,Friday,2022,0
US,USD,NGN,mobile,122.63,122.63,3.1,1111.111111,FALSE,standard,298,0.336,0.166,0,0.25,Friday,2022,0
US,USD,NGN,mobile,437.23,437.23,7.56,1111.111111,FALSE,standard,147,0.551,0.391,0,0.25,Friday,2022,0
UK,GBP,MXN,mobile,631.38,789.22,-1,21.551724,FALSE,standard,4,-0.1,0.407,0,0,Friday,2022,0
 CA  ,CAD,MXN,mobille,283.32,209.65,6.27,12.758621,FALSE,low,615,0.515,0.355,0,0,Friday,2022,0
US,USD,PHP,web,92.82,92.82,2.24,58.823529,FALSE,standard,1018,0.934,0.087,0,0.1,Friday,2022,0
US,USD,CAD,mobile,29.96,29.96,1.79,1.351351,TRUE,standard,1018,0.934,0.087,0,0,Saturday,2022,0
US,USD,INR,web,118.64,118.64,2.78,83.333333,FALSE,enhanced,257,0.894,0.257,2,0,Saturday,2022,0
CA,CAD,MXN,web,100.98,74.73,2.58,12.758621,FALSE,standard,172,0.881,0.199,0,0,Saturday,2022,0
UK,GBP,USD,web,472.7,590.88,7.84,1.25,FALSE,standard,4,0.892,0.407,0,0,Saturday,2022,0
US,USD,CNY,mobile,270.81,270.81,4.58,7.142857,FALSE,standard,263,0.522,0.223,1,0,Saturday,2022,0
US,USD,PHP,web,335.94,335.94,6.36,58.823529,FALSE,standard,263,0.522,0.223,0,0.1,Saturday,2022,0
US,USD,EUR,web,265.67,265.67,4.35,0.925926,TRUE,standard,1016,0.944,0.247,0,0,Saturday,2022,0
US,USD,CAD,mobile,107.91,107.91,3.17,1.351351,TRUE,enhanced,257,0.894,0.257,0,0,Saturday,2022,0
US,USD,CAD,mobile,20.46,20.46,2.86,1.351351,FALSE,standard,263,0.372,0.223,0,0,Saturday,2022,0
CA,CAD,MXN,ATM,88.6,65.56,2.45,12.758621,FALSE,low,824,0.607,0.282,0,0,Saturday,2022,0
US,USD,CNY,mobile,80.65,80.65,1.35,7.142857,FALSE,enhanced,367,0.939,0.176,0,0,Saturday,2022,0
US,USD,CNY,web,54.74,54.74,1.5,7.142857,FALSE,standard,263,0.522,0.223,0,0,Saturday,2022,0
US,USD,USD,web,171.5,171.5,2.99,1,TRUE,enhanced,367,0.939,0.176,0,0,Saturday,2022,0
US,USD,EUR,mobile,90.74,90.74,3.28,0.925926,FALSE,standard,263,0.522,0.223,0,0,Sunday,2022,0
US,USD,INR,ATM,370.71,370.71,6.62,83.333333,TRUE,standard,298,0.186,0.166,0,0,Sunday,2022,0
US,USD,NGN,mobile,89.54,89.54,1.76,1111.111111,FALSE,standard,1018,0.934,0.087,0,0.25,Sunday,2022,0
US,USD,INR,mobile,728.69,728.69,12.76,83.333333,FALSE,enhanced,367,0.939,0.176,0,0,Sunday,2022,0
UK,GBP,USD,mobile,105.48,131.85,2.69,1.25,FALSE,standard,718,0.803,0.169,0,0,Sunday,2022,0
CA,CAD,CAD,mobile,25.24,18.68,1.68,1,FALSE,standard,947,0.625,0.268,0,0,Sunday,2022,0
US,USD,USD,mobile,71.75,71.75,1.6,1,TRUE,standard,298,0.336,0.166,0,0,Sunday,2022,0
US,USD,CNY,mobile,94.05,94.05,1.37,7.142857,FALSE,standard,147,0.551,0.391,0,0,Monday,2022,0
UK,GBP,INR,web,80.19,100.23,1.69,104.166667,FALSE,standard,4,0.892,0.407,0,0,Monday,2022,0
US,USD,INR,web,257.16,257.16,4.86,83.333333,FALSE,standard,263,0.522,0.223,0,0,Monday,2022,0
US,USD,CNY,mobile,393.85,393.85,6.45,7.142857,FALSE,standard,147,0.551,0.391,0,0,Monday,2022,0
US,USD,CNY,web,131.77,131.77,3.1,7.142857,FALSE,enhanced,257,0.894,0.257,0,0,Monday,2022,0
CA,CAD,CNY,mobile,26.61,19.69,0.95,5.285714,FALSE,low,615,0.515,0.355,0,0,Monday,2022,0
US,USD,NGN,web,177.26,177.26,3.84,1111.111111,FALSE,low,616,0.702,0.361,0,0.25,Monday,2022,0
US,USD,CNY,mobile,50.77,50.77,1.77,7.142857,FALSE,standard,298,0.336,0.166,0,0,Tuesday,2022,0
US,USD,NGN,mobile,167.16,167.16,3.3,1111.111111,FALSE,standard,298,0.336,0.166,0,0.25,Tuesday,2022,0
US,USD,INR,mobile,154.64,154.64,2.81,83.333333,FALSE,standard,147,0.401,0.391,0,0,Tuesday,2022,0
US,USD,PHP,mobile,237.74,237.74,4.01,58.823529,FALSE,enhanced,661,0.92,0.259,0,0.1,Tuesday,2022,0
US,USD,EUR,web,126.07,126.07,4,0.925926,FALSE,standard,263,0.522,0.223,0,0,Tuesday,2022,0
US,USD,CNY,mobile,114.81,114.81,3.56,7.142857,FALSE,standard,263,0.522,0.223,0,0,Tuesday,2022,0
US,USD,NGN,mobile,281.66,281.66,5.05,1111.111111,FALSE,enhanced,367,0.939,0.176,0,0.25,Tuesday,2022,0
UK,GBP,INR,mobile,126,157.51,3.41,104.166667,FALSE,standard,4,0.742,0.407,0,0,Tuesday,2022,0
US,USD,EUR,web,76.42,76.42,3.05,0.925926,FALSE,enhanced,257,0.894,0.257,0,0,Tuesday,2022,0
US,USD,USD,mobile,72.42,72.42,2.41,1,FALSE,standard,298,0.336,0.166,0,0,Wednesday,2022,0
CA,CAD,EUR,ATM,61.15,45.25,-1,0.685185,FALSE,low,824,-0.1,0.282,0,0,Wednesday,2022,0
CA,CAD,MXN,web,330.59,244.64,5.8,12.758621,FALSE,standard,947,0.625,0.268,0,0,Wednesday,2022,0
US,USD,EUR,web,57.16,57.16,1.28,0.925926,FALSE,enhanced,257,0.894,0.257,0,0,Wednesday,2022,0
US,USD,NGN,web,105.18,105.18,2.66,1111.111111,FALSE,standard,859,0.96,0.363,0,0.25,Wednesday,2022,0
US,USD,CNY,mobile,113.86,113.86,2.86,7.142857,FALSE,standard,298,0.336,0.166,0,0,Wednesday,2022,0
CA,CAD,INR,web,229.3,169.68,4.39,61.666667,FALSE,standard,1041,0.867,0.245,0,0.12,Wednesday,2022,0
US,USD,INR,web,447.97,447.97,7.73,83.333333,FALSE,standard,263,0.522,0.223,0,0,Wednesday,2022,0
UK,GBP,INR,web,407.38,509.23,7.27,104.166667,FALSE,standard,4,0.892,0.407,0,0,Wednesday,2022,0
US,USD,USD,mobile,302.76,302.76,5.22,1,FALSE,standard,1018,0.934,0.087,0,0,Wednesday,2022,0
UK,GBP,PHP,web,92.41,115.52,2.74,73.529412,TRUE,standard,684,0.833,0.241,0,0,Wednesday,2022,0
US,USD,MXN,web,245.53,245.53,4.86,17.241379,FALSE,enhanced,367,0.789,0.176,0,0.2,Wednesday,2022,0
UK,GBP,EUR,web,261.14,326.43,4.33,1.157407,FALSE,standard,4,0.892,0.407,0,0.05,Wednesday,2022,0
UK,GBP,CNY,web,321.91,402.38,6.3,8.928571,FALSE,standard,4,0.892,0.407,0,0,Thursday,2023,0
 US  ,USD,PHP, mobile  ,169.23,169.23,4,58.823529,FALSE,standard,1018,0.934,0.087,0,0.1,Thursday,2022,0
US,USD,USD,web,9996.05,9996.05,151.29,1,FALSE,enhanced,367,0.939,0.176,0,0,Thursday,2022,0
US,USD,CAD,mobile,57.09,57.09,2.27,1.351351,FALSE,standard,298,0.336,0.166,1,0,Thursday,2022,0
UK,GBP,PHP,mobile,241.01,301.27,4.93,73.529412,FALSE,standard,718,0.953,0.169,0,0,Thursday,2022,0
US,USD,GBP,mobile,99.63,99.63,3.01,0.8,FALSE,enhanced,367,0.939,0.176,0,0,Friday,2022,0
US,USD,INR,ATM,82.89,82.89,1.66,83.333333,FALSE,standard,859,0.96,0.363,0,0,Friday,2022,0
US,USD,GBP,mobile,121.03,121.03,2.65,0.8,FALSE,standard,263,0.372,0.223,0,0,Friday,2022,0
US,USD,MXN,mobile,9993.04,9993.04,151.31,17.241379,TRUE,standard,1018,0.934,0.087,1,0.2,Friday,2022,0
CA,CAD,USD,web,197.64,146.25,4.37,0.74,FALSE,low,824,0.607,0.282,0,0,Friday,2022,0
US,USD,PHP,web,175.41,410.97,110.92,58.823529,FALSE,unknown,367,0.68,0.176,1,0.1,Friday,2022,0
US,USD,INR,web,91.34,91.34,2.23,83.333333,FALSE,enhanced,367,0.939,0.176,0,0,Saturday,2022,0
US,USD,CAD,mobile,239.38,239.38,5.14,1.351351,TRUE,standard,263,0.522,0.223,0,0,Saturday,2022,0
UK,GBP,PHP,mobile,121.2,151.5,2.56,73.529412,FALSE,standard,718,0.953,0.169,1,0,Saturday,2022,0
US,USD,CNY,web,206.25,206.25,3.79,7.142857,FALSE,standard,859,0.96,0.363,1,0,Saturday,2022,0
US,USD,USD,mobile,131.48,131.48,2.72,1,TRUE,standard,298,0.336,0.166,0,0,Saturday,2022,0
US,USD,CAD,mobile,521.14,521.14,8.56,1.351351,FALSE,standard,298,0.336,0.166,0,0,Saturday,2022,0
US,USD,EUR,mobile,107.41,107.41,2.73,0.925926,FALSE,standard,1011,0.824,0.123,0,0,Saturday,2022,0
US,USD,CAD,ATM,-143.13,143.13,9999.99,1.351351,FALSE,standard,859,-0.1,0.363,0,0,Saturday,2022,0
US,USD,PHP,mobile,9992.9,9992.9,150.81,58.823529,FALSE,standard,263,0.522,0.223,0,0.1,Saturday,2022,0
UK,GBP,PHP,mobile,34.42,43.02,2.06,73.529412,FALSE,standard,4,0.892,0.407,0,0,Saturday,2022,0
US,USD,USD,web,745.57,745.57,12.19,1,FALSE,standard,263,0.522,0.223,0,0,Saturday,2022,0
CA,CAD,GBP,MOBILE,371.42,274.85,6.73,0.592,FALSE,standard,947,0.625,0.268,0,0,Saturday,2022,0
US,USD,CNY,mobile,299.55,299.55,5.1,7.142857,FALSE,standard,298,0.336,0.166,0,0,Saturday,2022,0
UK,GBP,CNY,mobile,274.69,410.97,110.92,8.928571,FALSE,unknown,4,0.68,0.407,0,0,Saturday,2022,0
US,USD,PHP,web,443.9,443.9,7.5,58.823529,FALSE,standard,263,0.522,0.223,0,0.1,Saturday,2022,0
US,USD,USD,web,300.86,300.86,5.28,1,TRUE,standard,1018,0.934,0.087,0,0,Saturday,2022,0
US,USD,PHP,web,90.22,90.22,2.89,58.823529,FALSE,standard,298,0.336,0.166,0,0.1,Saturday,2022,0
UK,GBP,PHP,mobile,-168.96,211.2,9999.99,73.529412,FALSE,standard,4,-0.1,0.407,0,0,Sunday,2023,0
US,USD,CNY,web,72.43,72.43,2.12,7.142857,FALSE,enhanced,257,0.894,0.257,1,0,Sunday,2023,0
CA,CAD,USD,mobile,153.97,113.94,3.08,0.74,FALSE,standard,947,0.625,0.268,0,0,Sunday,2023,0
US,USD,GBP,web,109.47,109.47,2.17,0.8,FALSE,standard,263,0.522,0.223,0,0,Sunday,2023,0
UK,GBP,INR,mobile,9994.45,12493.06,151.49,104.166667,FALSE,standard,4,0.892,0.407,1,0,Sunday,2023,1
US,USD,CAD,mobile,181.89,181.89,3.85,1.351351,FALSE,standard,298,0.336,0.166,0,0,Sunday,2023,0
US,USD,GBP,web,249.26,249.26,5.39,0.8,FALSE,standard,1016,0.944,0.247,3,0,Sunday,2023,0
US,USD,INR,web,246.13,246.13,4.77,83.333333,FALSE,enhanced,367,0.939,0.176,1,0,Sunday,2023,0
CA,CAD,MXN,mobile,56.44,41.76,1.83,12.758621,FALSE,low,824,0.607,0.282,0,0,Monday,2023,0
US,USD,GBP,web,185.62,185.62,3.98,0.8,FALSE,enhanced,367,0.939,0.176,0,0,Monday,2023,0
US,USD,GBP,web,83.69,83.69,2.45,0.8,FALSE,enhanced,257,0.894,0.257,0,0,Monday,2023,0
CA,CAD,PHP,web,260.7,192.92,4.7,43.529412,FALSE,standard,725,0.824,0.212,0,0,Monday,2023,0
US,USD,PHP,web,49.12,49.12,1.64,58.823529,FALSE,standard,263,0.522,0.223,0,0.1,Monday,2023,0
US,USD,INR,mobile,35.78,35.78,1.87,83.333333,TRUE,standard,263,0.522,0.223,0,0,Monday,2023,0
CA,CAD,NGN,web,54.86,40.59,2.18,822.222222,FALSE,low,824,0.607,0.282,1,0,Monday,2023,0
CA,CAD,GBP,mobile,592.08,438.14,10.16,0.592,FALSE,low,615,0.365,0.355,0,0,Monday,2023,0
UK,GBP,MXN,web,208.13,260.17,3.68,21.551724,FALSE,standard,718,0.953,0.169,0,0,Monday,2023,0
CA,CAD,EUR,mobile,117.33,86.82,3.65,0.685185,FALSE,low,824,0.607,0.282,0,0,Monday,2023,0
US,USD,GBP,web,24.51,24.51,1.45,0.8,FALSE,low,954,0.426,0.332,0,0,Monday,2023,0
US,USD,INR,mobile,88.42,410.97,110.92,83.333333,FALSE,unknown,147,0.68,0.391,0,0,Tuesday,2023,0
CA,CAD,NGN,web,88.18,65.25,1.94,822.222222,FALSE,standard,172,0.731,0.199,0,0,Tuesday,2023,0
US,USD,CAD,mobile,580.09,580.09,10.06,1.351351,FALSE,standard,147,0.551,0.391,0,0,Tuesday,2023,0
US,USD,USD,web,591.45,591.45,9.93,1,FALSE,standard,1018,0.934,0.087,1,0,Tuesday,2023,0
US,USD,USD,ATM,100.26,100.26,2.66,1,FALSE,standard,147,0.551,0.391,1,0,Tuesday,2023,0
US,USD,PHP,MOBILE,37.59,37.59,1.4,58.823529,FALSE,standard,298,0.336,0.166,0,0.1,Wednesday,2023,0
CA,CAD,USD,mobile,165.08,122.16,3.08,0.74,FALSE,low,824,0.607,0.282,0,0,Wednesday,2023,0
US,USD,USD,mobile,62.83,62.83,2.62,1,FALSE,standard,263,0.522,0.223,0,0,Wednesday,2023,0
US,USD,CNY,web,100.26,100.26,1.62,7.142857,FALSE,enhanced,367,0.939,0.176,0,0,Wednesday,2023,0
US,USD,USD,ATM,125.09,125.09,2.63,1,FALSE,standard,298,0.336,0.166,0,0,Wednesday,2023,0
US,USD,NGN,web,105.42,410.97,110.92,1111.111111,FALSE,unknown,147,0.68,0.391,0,0.25,Thursday,2023,0
US,USD,PHP,mobile,134.8,134.8,3.11,58.823529,FALSE,enhanced,257,0.744,0.257,1,0.1,Thursday,2023,0
 US  ,USD,CNY,ATm,249.11,249.11,5.04,7.142857,FALSE,standard,1018,0.934,0.087,0,0,Thursday,2023,0
US,USD,NGN,mobile,493.09,493.09,8.18,1111.111111,FALSE,enhanced,367,0.939,0.176,0,0.25,Thursday,2023,0
US,USD,INR,web,193.2,193.2,3.55,83.333333,FALSE,enhanced,257,0.894,0.257,0,0,Thursday,2023,0
CA,CAD,CAD,web,68.2,50.47,2.22,1,FALSE,low,824,0.607,0.282,0,0,Thursday,2023,0
US,USD,EUR,web,2643.61,2643.61,40,0.925926,FALSE,standard,263,0.522,0.223,0,0,Thursday,2023,0
US,USD,NGN,mobile,112.41,112.41,2.56,1111.111111,FALSE,standard,1018,0.934,0.087,0,0.25,Friday,2023,0
UK,GBP,INR,mobile,82.24,102.81,2.01,104.166667,FALSE,standard,4,0.892,0.407,0,0,Friday,2023,0
US,USD,NGN,mobile,81.85,81.85,2.85,1111.111111,FALSE,enhanced,367,0.939,0.176,6,0.25,Tuesday,2023,0
US,USD,GBP,web,194,194,3.39,0.8,FALSE,standard,147,0.551,0.391,0,0,Friday,2023,0
CA,CAD,CAD,web,464.79,343.95,8.47,1,FALSE,low,214,0.596,0.233,0,0,Friday,2023,0
UK,GBP,USD,mobile,239.91,299.89,4.96,1.25,FALSE,standard,4,0.742,0.407,0,0,Friday,2023,0
US,USD,PHP,mobile,190.36,190.36,4,58.823529,FALSE,standard,147,0.551,0.391,1,0.1,Saturday,2023,0
US,USD,CAD,web,299.62,299.62,6.16,1.351351,FALSE,standard,263,0.522,0.223,0,0,Saturday,2023,0
US,USD,INR,web,56.26,56.26,2.14,83.333333,FALSE,standard,1016,0.944,0.247,0,0,Saturday,2023,0
UK,GBP,PHP,web,318.15,397.69,5.78,73.529412,FALSE,standard,4,0.892,0.407,0,0,Saturday,2023,0
US,USD,CAD,mobile,66.14,66.14,1.26,1.351351,TRUE,standard,830,0.799,0.102,0,0,Saturday,2023,0
US,USD,NGN,web,1119.04,1119.04,18.19,1111.111111,FALSE,enhanced,367,0.939,0.176,3,0.25,Saturday,2023,0
US,USD,EUR,mobile,79.21,79.21,3.13,0.925926,FALSE,enhanced,257,0.894,0.257,0,0,Saturday,2023,0
CA,CAD,NGN,web,679.79,503.04,10.52,822.222222,FALSE,standard,947,0.625,0.268,0,0,Saturday,2023,0
US,USD,PHP,mobile,105.86,105.86,1.89,58.823529,FALSE,enhanced,257,0.894,0.257,0,0.1,Saturday,2023,0
CA,CAD,EUR,mobile,166.97,123.56,4.12,0.685185,FALSE,standard,947,0.625,0.268,0,0,Sunday,2023,0
US,USD,INR,ATM,91.38,91.38,1.55,83.333333,FALSE,enhanced,367,0.939,0.176,0,0,Sunday,2023,0
UK,GBP,INR,web,276.24,345.3,5.03,104.166667,TRUE,standard,718,0.953,0.169,0,0,Sunday,2023,0
 US  ,USD,GBP, web  ,367.07,367.07,6.57,0.8,TRUE,enhanced,367,0.789,0.176,8,0,Sunday,2023,0
CA,CAD,CNY,mobile,433.08,320.48,7.11,5.285714,FALSE,standard,947,0.625,0.268,0,0,Sunday,2023,0
US,USD,CNY,mobile,79.21,410.97,110.92,7.142857,FALSE,unknown,1016,0.68,0.247,0,0,Sunday,2023,0
UK,GBP,USD,web,229.99,287.49,4.05,1.25,FALSE,standard,4,0.892,0.407,0,0,Sunday,2023,0
US,USD,EUR,mobile,90.53,90.53,1.88,0.925926,FALSE,standard,1016,0.944,0.247,0,0,Sunday,2023,0
US,USD,EUR,ATM,232.87,232.87,4.51,0.925926,FALSE,standard,1018,0.934,0.087,0,0,Sunday,2023,0
US,USD,CNY,mobile,261.54,261.54,5.65,7.142857,TRUE,standard,298,0.336,0.166,0,0,Monday,2023,1
US,USD,INR,mobile,66.55,66.55,0.97,83.333333,FALSE,standard,1018,0.784,0.087,0,0,Monday,2023,0
UK,GBP,GBP,mobile,228.72,285.89,4.18,1,FALSE,standard,4,0.892,0.407,1,0,Monday,2023,0
US,USD,CAD,web,170.92,170.92,4.03,1.351351,FALSE,standard,263,0.522,0.223,0,0,Monday,2023,0
UK,GBP,MXN,mobile,534.28,667.84,8.15,21.551724,FALSE,standard,4,0.892,0.407,0,0,Monday,2023,0
US,USD,NGN,web,505.96,505.96,9.15,1111.111111,FALSE,enhanced,367,0.939,0.176,6,0.25,Monday,2023,0
US,USD,INR,web,115.76,115.76,2.95,83.333333,FALSE,standard,298,0.336,0.166,1,0,Monday,2023,0
US,USD,USD,web,270.58,270.58,5.09,1,FALSE,standard,147,0.551,0.391,0,0,Monday,2023,0
US,USD,EUR,mobile,137.57,137.57,3.45,0.925926,FALSE,standard,298,0.336,0.166,0,0,Monday,2023,0
US,USD,CAD,web,56.21,410.97,110.92,1.351351,TRUE,unknown,1018,0.68,0.087,0,0,Monday,2023,0
UK,GBP,CAD,mobile,68.87,86.09,2.15,1.689189,FALSE,standard,4,0.892,0.407,0,0,Tuesday,2023,0
UK,GBP,PHP,mobile,273.16,341.45,5.25,73.529412,FALSE,standard,4,0.892,0.407,0,0,Tuesday,2023,0
US,USD,CAD,mobile,91.39,91.39,2.55,1.351351,FALSE,standard,263,0.522,0.223,0,0,Tuesday,2023,0
CA,CAD,NGN,mobile,242.85,179.71,5.24,822.222222,FALSE,standard,947,0.625,0.268,0,0,Tuesday,2023,0
CA,CAD,CAD,web,103.8,76.81,2.68,1,FALSE,low,824,0.607,0.282,0,0,Tuesday,2023,0
UK,GBP,GBP,web,155.16,193.95,3.34,1,FALSE,standard,4,0.892,0.407,0,0,Tuesday,2023,0
UK,GBP,MXN,ATM,91.54,114.42,2.4,21.551724,FALSE,standard,4,0.892,0.407,0,0,Tuesday,2023,0
CA,CAD,MXN,ATM,131.91,97.62,2.36,12.758621,FALSE,standard,1035,0.497,0.236,0,0,Tuesday,2023,0
US,USD,USD,web,164.42,164.42,3.51,1,FALSE,enhanced,367,0.939,0.176,0,0,Tuesday,2023,0
CA,CAD,INR,web,114.53,84.75,3.06,61.666667,FALSE,low,615,0.515,0.355,0,0.12,Tuesday,2023,0
US,USD,CNY,ATM,53.29,53.29,1.13,7.142857,FALSE,standard,1018,0.934,0.087,0,0,Tuesday,2023,0
US,USD,CNY,ATM,69.02,69.02,2.03,7.142857,FALSE,enhanced,257,0.894,0.257,8,0,Tuesday,2023,0
US,USD,EUR,mobile,291.04,291.04,6.03,0.925926,FALSE,enhanced,367,0.939,0.176,0,0,Tuesday,2023,0
US,USD,USD,web,270.81,270.81,4.53,1,FALSE,standard,263,0.522,0.223,0,0,Wednesday,2023,0
US,USD,NGN,ATM,317.92,317.92,6.3,1111.111111,FALSE,standard,263,0.522,0.223,0,0.25,Wednesday,2023,0
CA,CAD,NGN,mobile,38.26,28.31,1.73,822.222222,FALSE,standard,172,0.881,0.199,0,0,Wednesday,2023,0
UK,GBP,CAD,web,53.92,67.4,1.43,1.689189,FALSE,standard,4,0.892,0.407,0,0,Wednesday,2023,1
US,USD,CAD,mobile,57.11,57.11,2.83,1.351351,FALSE,standard,263,0.522,0.223,0,0,Wednesday,2023,0
US,USD,CNY,web,282.51,282.51,5.91,7.142857,TRUE,enhanced,367,0.939,0.176,0,0,Wednesday,2023,0
US,USD,INR,web,185.56,185.56,4.14,83.333333,FALSE,standard,794,0.77,0.22,0,0,Wednesday,2023,0
UK,GBP,PHP,mobile,379.23,474.04,7.37,73.529412,FALSE,standard,718,0.953,0.169,0,0,Wednesday,2023,0
UK,GBP,MXN,web,222.44,278.06,4.86,21.551724,FALSE,standard,4,0.892,0.407,0,0,Wednesday,2023,1
US,USD,CNY,ATM,74.52,74.52,1.84,7.142857,FALSE,standard,263,0.522,0.223,0,0,Wednesday,2023,0
US,USD,CAD,ATM,146.59,146.59,3.19,1.351351,FALSE,standard,298,0.336,0.166,0,0,Thursday,2023,0
UK,GBP,CAD,mobile,467.84,584.8,8.12,1.689189,FALSE,standard,718,0.953,0.169,0,0,Thursday,2023,0
UK,GBP,CAD,mobile,80.1,100.13,1.69,1.689189,FALSE,standard,4,0.892,0.407,0,0,Thursday,2023,0
UK,GBP,CNY,mobile,68.35,85.44,3.01,8.928571,TRUE,standard,4,0.892,0.407,0,0,Thursday,2023,0
UK,GBP,CAD,mobile,82.25,102.81,2.47,1.689189,FALSE,standard,4,0.892,0.407,0,0,Thursday,2023,0
US,USD,CAD,web,149.05,149.05,2.6,1.351351,FALSE,standard,1016,0.944,0.247,0,0,Thursday,2023,0
US,USD,INR,web,230.85,230.85,5.12,83.333333,FALSE,standard,1018,0.934,0.087,0,0,Thursday,2023,0
US,USD,NGN,web,396.78,396.78,6.29,1111.111111,FALSE,standard,263,0.522,0.223,1,0.25,Thursday,2023,0
UK,GBP,INR,mobile,176.26,220.32,3.26,104.166667,FALSE,standard,4,0.892,0.407,5,0,Thursday,2023,0
US,USD,CNY,mobile,65.14,65.14,2.97,7.142857,FALSE,standard,1018,0.934,0.087,0,0,Thursday,2023,0
US,USD,MXN,mobile,135.3,135.3,2.3,17.241379,FALSE,standard,298,0.186,0.166,0,0.2,Thursday,2023,0
CA,CAD,GBP,mobile,188.6,139.57,4.35,0.592,FALSE,standard,172,0.881,0.199,0,0,Thursday,2023,0
US,USD,GBP,web,252.39,252.39,4.74,0.8,FALSE,standard,263,0.522,0.223,2,0,Thursday,2023,0
US,USD,INR,web,258.59,258.59,5.07,83.333333,FALSE,standard,147,0.551,0.391,1,0,Thursday,2023,0
US,USD,GBP,mobile,29.85,29.85,1.85,0.8,TRUE,standard,859,0.96,0.363,0,0,Friday,2023,0
US,USD,NGN,mobile,703.7,703.7,11.71,1111.111111,FALSE,standard,298,0.336,0.166,0,0.25,Friday,2023,0
UK,GBP,NGN,mobile,301.62,377.02,5.5,1388.888889,FALSE,standard,4,0.892,0.407,0,0.22,Friday,2023,0
UK,GBP,INR,mobile,86.33,107.92,2.15,104.166667,TRUE,standard,4,0.892,0.407,1,0,Friday,2023,0
US,USD,CAD,mobile,79.28,79.28,1.42,1.351351,FALSE,standard,298,0.186,0.166,0,0,Friday,2023,0
UK,GBP,CAD,web,40.13,50.16,2.01,1.689189,FALSE,standard,718,0.953,0.169,0,0,Friday,2023,0
US,USD,EUR,mobile,146.15,146.15,3.62,0.925926,TRUE,standard,263,0.522,0.223,0,0,Friday,2023,0
US,USD,CNY,ATM,286.59,286.59,5.12,7.142857,FALSE,enhanced,257,0.894,0.257,0,0,Friday,2023,0
US,USD,USD,mobile,150.17,150.17,1.88,1,FALSE,enhanced,257,0.744,0.257,0,0,Friday,2023,0
US,USD,GBP,mobile,9997.48,9997.48,151.64,0.8,FALSE,enhanced,367,0.789,0.176,0,0,Friday,2023,0
US,USD,INR,ATM,454.46,454.46,8.52,83.333333,FALSE,standard,263,0.522,0.223,0,0,Friday,2023,0
US,USD,GBP,web,29.38,29.38,1.78,0.8,FALSE,standard,1018,0.934,0.087,0,0,Friday,2023,0
US,USD,CAD,web,81.76,410.97,110.92,1.351351,FALSE,unknown,263,0.68,0.223,0,0,Friday,2023,0
US,USD,CAD,ATM,742.51,742.51,11.38,1.351351,FALSE,standard,1016,0.944,0.247,0,0,Friday,2023,0
US,USD,USD,ATM,140.01,140.01,3.68,1,FALSE,standard,263,0.522,0.223,0,0,Saturday,2023,0
US,USD,INR,web,82.48,82.48,2.59,83.333333,FALSE,standard,1018,0.784,0.087,0,0,Saturday,2023,0
US,USD,USD,mobile,71.35,71.35,2.04,1,FALSE,standard,147,0.551,0.391,0,0,Saturday,2023,0
US,USD,INR,ATM,57.77,57.77,2.09,83.333333,FALSE,standard,263,0.522,0.223,0,0,Saturday,2023,0
US,USD,CNY,web,362.2,362.2,6.33,7.142857,FALSE,enhanced,367,0.939,0.176,0,0,Saturday,2023,0
US,USD,CNY,mobile,34.72,34.72,2.22,7.142857,TRUE,standard,263,0.372,0.223,0,0,Saturday,2023,0
US,USD,EUR,mobile,120.88,120.88,2.88,0.925926,FALSE,standard,298,0.336,0.166,0,0,Saturday,2023,0
UK,GBP,CNY,mobile,273.98,342.48,5.45,8.928571,FALSE,standard,4,0.892,0.407,0,0,Sunday,2023,0
US,USD,PHP,mobile,77.24,77.24,2.19,58.823529,FALSE,standard,147,0.551,0.391,0,0.1,Sunday,2023,0
CA,CAD,MXN,mobile,118.41,87.62,2.82,12.758621,FALSE,standard,172,0.881,0.199,0,0,Sunday,2023,0
US,USD,CAD,mobile,294.85,294.85,5.82,1.351351,FALSE,standard,263,0.522,0.223,0,0,Sunday,2023,0
US,USD,NGN,web,225.82,225.82,4.39,1111.111111,FALSE,enhanced,367,0.939,0.176,0,0.25,Sunday,2023,0
 US  ,USD,CAD,mobille,154.33,154.33,3.71,1.351351,TRUE,standard,1018,0.934,0.087,0,0,Sunday,2023,0
CA,CAD,CNY,MOBILE,33.13,24.52,2.16,5.285714,FALSE,low,824,0.457,0.282,0,0,Monday,2023,0
 US  ,USD,CAD, mobile  ,185.78,185.78,4.32,1.351351,FALSE,unknown,263,0.522,0.223,0,0,Monday,2023,0
US,USD,MXN,mobile,138.24,138.24,2.51,17.241379,TRUE,standard,298,0.336,0.166,0,0.2,Monday,2023,0
US,USD,USD,mobile,72.76,72.76,1.43,1,FALSE,standard,859,0.96,0.363,0,0,Monday,2023,0
US,USD,INR,mobile,225.73,225.73,4.26,83.333333,FALSE,standard,1016,0.944,0.247,0,0,Monday,2023,0
US,USD,CNY,web,431.23,431.23,6.73,7.142857,FALSE,standard,263,0.522,0.223,0,0,Monday,2023,0
US,USD,NGN,mobile,57.67,57.67,1.81,1111.111111,FALSE,standard,298,0.186,0.166,0,0.25,Tuesday,2023,0
US,USD,USD,mobile,161.08,161.08,3.34,1,FALSE,standard,1018,0.934,0.087,0,0,Tuesday,2023,0
US,USD,USD,web,47.36,47.36,1.55,1,FALSE,standard,298,0.336,0.166,0,0,Tuesday,2023,0
US,USD,INR,web,129.86,129.86,2.96,83.333333,FALSE,standard,34,0.277,0.068,0,0,Tuesday,2023,0
US,USD,EUR,web,442.33,442.33,7.38,0.925926,FALSE,standard,263,0.522,0.223,0,0,Tuesday,2023,0
US,USD,GBP,ATM,49.46,49.46,1.98,0.8,FALSE,standard,1018,0.934,0.087,0,0,Wednesday,2023,0
CA,CAD,CNY,ATM,66.53,49.23,2.22,5.285714,FALSE,standard,947,0.625,0.268,0,0,Wednesday,2023,0
UK,GBP,GBP,web,71.73,89.67,1.34,1,FALSE,standard,4,0.892,0.407,0,0,Wednesday,2023,0
US,USD,USD,mobile,205.56,205.56,4.48,1,FALSE,standard,263,0.522,0.223,0,0,Wednesday,2023,0
CA,CAD,GBP,mobile,475.86,352.14,8.2,0.592,FALSE,standard,947,0.475,0.268,0,0,Wednesday,2023,0
US,USD,EUR,web,42.91,42.91,1.86,0.925926,TRUE,standard,147,0.551,0.391,0,0,Wednesday,2023,0
US,USD,CAD,mobile,793.27,793.27,12.68,1.351351,FALSE,standard,859,0.96,0.363,0,0,Wednesday,2023,0
US,USD,EUR,web,57.54,57.54,1.82,0.925926,FALSE,standard,298,0.336,0.166,0,0,Wednesday,2023,0
US,USD,PHP,ATM,136.62,136.62,2.5,58.823529,FALSE,standard,298,0.336,0.166,0,0.1,Thursday,2023,0
US,USD,GBP,mobile,95.98,95.98,1.64,0.8,FALSE,enhanced,367,0.939,0.176,0,0,Thursday,2023,0
US,USD,CAD,web,328.9,328.9,6.92,1.351351,FALSE,standard,147,0.551,0.391,0,0,Thursday,2023,0
US,USD,NGN,mobile,606.36,606.36,10.88,1111.111111,FALSE,enhanced,257,0.894,0.257,0,0.25,Thursday,2023,0
UK,GBP,INR,web,144.48,180.6,3.24,104.166667,FALSE,standard,4,0.892,0.407,0,0,Thursday,2023,0
US,USD,CAD,mobile,136.55,136.55,3.09,1.351351,FALSE,standard,147,0.551,0.391,0,0,Thursday,2023,0
US,USD,USD,web,160.07,160.07,2.81,1,FALSE,standard,263,0.522,0.223,1,0,Thursday,2023,0
US,USD,GBP,mobile,250.01,250.01,4.4,0.8,FALSE,standard,263,0.522,0.223,0,0,Thursday,2023,0
 US  ,USD,USD, ATM  ,231.9,231.9,4.06,1,FALSE,standard,1018,0.934,0.087,0,0,Friday,2023,0
US,USD,GBP,web,156.95,156.95,3.25,0.8,FALSE,standard,1016,0.944,0.247,0,0,Friday,2023,0
UK,GBP,GBP,web,90.66,113.33,2.52,1,FALSE,standard,718,0.953,0.169,0,0,Friday,2023,0
US,USD,NGN,mobile,119.94,119.94,3.88,1111.111111,FALSE,standard,298,0.336,0.166,7,0.25,Friday,2023,0
US,USD,INR,mobile,164.56,164.56,3.14,83.333333,FALSE,standard,263,0.522,0.223,0,0,Friday,2023,0
US,USD,USD,mobile,92.63,92.63,2.77,1,FALSE,standard,263,0.522,0.223,0,0,Friday,2023,0
US,USD,CNY,web,96.34,96.34,2.29,7.142857,FALSE,enhanced,367,0.939,0.176,0,0,Friday,2023,0
US,USD,NGN,ATM,567.74,567.74,9.03,1111.111111,FALSE,standard,794,0.77,0.22,0,0.25,Friday,2023,0
US,USD,EUR,mobile,457.05,457.05,8.63,0.925926,FALSE,enhanced,661,0.92,0.259,0,0,Friday,2023,1
UK,GBP,INR,mobile,231.91,289.88,4.27,104.166667,FALSE,standard,4,0.892,0.407,0,0,Friday,2023,0
US,USD,EUR,web,377.29,377.29,7.52,0.925926,FALSE,standard,298,0.336,0.166,0,0,Friday,2023,0
US,USD,EUR,mobile,167.39,167.39,3.9,0.925926,FALSE,standard,1018,0.934,0.087,1,0,Friday,2023,0
US,USD,INR,mobile,116.74,116.74,3.74,83.333333,FALSE,standard,1018,0.934,0.087,0,0,Saturday,2023,0
US,USD,CNY,mobile,118.23,118.23,2.9,7.142857,FALSE,standard,1018,0.934,0.087,0,0,Saturday,2023,0
US,USD,CAD,mobile,219.4,219.4,3.25,1.351351,FALSE,standard,1016,0.944,0.247,0,0,Saturday,2023,0
US,USD,CNY,mobile,270.27,270.27,4.98,7.142857,FALSE,standard,263,0.522,0.223,0,0,Saturday,2023,0
US,USD,CNY,web,128.93,128.93,2.23,7.142857,FALSE,standard,298,0.336,0.166,0,0,Saturday,2023,0
UK,GBP,CAD,web,66.63,83.29,2.14,1.689189,FALSE,standard,4,0.892,0.407,0,0,Saturday,2023,0
CA,CAD,CNY,mobile,130.19,410.97,110.92,5.285714,FALSE,unknown,947,0.68,0.268,0,0,Saturday,2023,0
US,USD,USD,mobile,258.63,258.63,4.9,1,FALSE,standard,263,0.522,0.223,1,0,Saturday,2023,0
US,USD,CNY,web,194.9,194.9,3.34,7.142857,FALSE,standard,1018,0.934,0.087,1,0,Saturday,2023,0
US,USD,EUR,web,104.03,104.03,2.25,0.925926,FALSE,standard,263,0.522,0.223,0,0,Saturday,2023,0
UK,GBP,PHP,mobile,87.37,109.22,2.56,73.529412,FALSE,standard,4,0.892,0.407,0,0,Sunday,2023,0
US,USD,NGN,mobile,233.79,233.79,4.04,1111.111111,FALSE,standard,298,0.336,0.166,0,0.25,Sunday,2023,0
 US  ,USD,USD,weeb,154.75,154.75,3.63,1,TRUE,enhanced,257,0.894,0.257,1,0,Sunday,2023,0
US,USD,EUR,web,170.15,170.15,3.76,0.925926,FALSE,standard,263,0.522,0.223,0,0,Sunday,2023,0
US,USD,MXN,mobile,307,307,4.74,17.241379,FALSE,enhanced,367,0.939,0.176,0,0.2,Sunday,2023,1
US,USD,PHP,mobile,302.05,302.05,5.9,58.823529,FALSE,standard,263,0.522,0.223,0,0.1,Sunday,2023,0
US,USD,USD,web,284.81,284.81,4.67,1,FALSE,standard,147,0.551,0.391,0,0,Sunday,2023,0
UK,GBP,CAD,mobile,328.31,410.38,6.7,1.689189,FALSE,standard,4,0.892,0.407,1,0,Sunday,2023,0
UK,GBP,MXN,mobile,159.98,199.98,2.96,21.551724,FALSE,standard,4,0.742,0.407,0,0,Sunday,2023,0
US,USD,INR,mobile,98.5,98.5,2.62,83.333333,FALSE,standard,298,0.336,0.166,0,0,Sunday,2023,0
US,USD,MXN,mobile,233.9,233.9,4.14,17.241379,FALSE,enhanced,257,0.894,0.257,0,0.2,Sunday,2023,0
UK,GBP,INR,web,40.22,50.28,0.82,104.166667,FALSE,standard,4,0.892,0.407,0,0,Sunday,2023,0
US,USD,INR,web,72.31,72.31,1.14,83.333333,FALSE,standard,263,0.522,0.223,0,0,Sunday,2023,0
US,USD,INR,mobile,95.05,95.05,2.66,83.333333,FALSE,enhanced,257,0.894,0.257,0,0,Sunday,2023,0
US,USD,NGN,ATM,117.52,117.52,3.18,1111.111111,TRUE,enhanced,367,0.939,0.176,0,0.25,Monday,2023,0
US,USD,INR,web,204.15,204.15,4.4,83.333333,FALSE,enhanced,257,0.894,0.257,0,0,Monday,2023,0
US,USD,CNY,ATM,184.4,184.4,3.6,7.142857,FALSE,standard,298,0.336,0.166,0,0,Monday,2023,0
US,USD,EUR,web,141.49,141.49,3.06,0.925926,FALSE,standard,147,0.551,0.391,8,0,Monday,2023,0
UK,GBP,GBP,mobile,27.27,34.09,0.93,1,FALSE,standard,4,0.892,0.407,0,0,Monday,2023,0
CA,CAD,GBP,ATM,83.92,62.1,1.9,0.592,FALSE,standard,947,0.625,0.268,0,0,Monday,2023,0
UK,GBP,USD,web,59.51,74.38,1.12,1.25,FALSE,standard,718,0.953,0.169,0,0,Monday,2023,0
UK,GBP,PHP,mobile,44.89,56.12,1.69,73.529412,FALSE,standard,4,0.892,0.407,0,0,Monday,2023,0
US,USD,GBP,web,51.22,51.22,1.23,0.8,TRUE,standard,147,0.401,0.391,1,0,-1,0,0
US,USD,INR,ATM,72.57,72.57,1.86,83.333333,FALSE,standard,298,0.336,0.166,0,0,Monday,2023,0
US,USD,CAD,ATM,158.85,158.85,2.98,1.351351,FALSE,standard,1018,0.934,0.087,0,0,Monday,2023,0
US,USD,INR,mobile,9998.4,9998.4,150.43,83.333333,FALSE,enhanced,367,0.939,0.176,0,0,Monday,2023,0
CA,CAD,CNY,web,85.83,63.51,2.88,5.285714,FALSE,standard,947,0.625,0.268,0,0,Tuesday,2023,0
UK,GBP,PHP,mobile,148.31,185.39,2.82,73.529412,FALSE,standard,4,0.892,0.407,0,0,Tuesday,2023,0
US,USD,CNY,ATM,159.39,159.39,3.64,7.142857,FALSE,standard,147,0.551,0.391,0,0,Tuesday,2023,0
CA,CAD,MXN,mobile,179.95,133.17,3.39,12.758621,FALSE,standard,947,0.475,0.268,0,0,Tuesday,2023,0
US,USD,CNY,mobile,68.16,68.16,1.65,7.142857,FALSE,low,616,0.702,0.361,0,0,Tuesday,2023,0
US,USD,INR,mobile,223.37,223.37,4.13,83.333333,FALSE,enhanced,367,0.939,0.176,0,0,Tuesday,2023,0
US,USD,MXN,mobile,39.73,39.73,2.12,17.241379,FALSE,standard,1018,0.784,0.087,0,0.2,Tuesday,2023,0
US,USD,USD,mobile,155.83,155.83,3.58,1,FALSE,standard,263,0.522,0.223,0,0,Tuesday,2023,0
US,USD,PHP,unknown,111.76,111.76,2.57,58.823529,FALSE,enhanced,367,0.939,0.176,0,0.1,Tuesday,2023,0
US,USD,USD,ATM,318.51,318.51,5.17,1,TRUE,standard,263,0.522,0.223,0,0,Tuesday,2023,0
CA,CAD,USD,ATM,329.1,243.54,5.83,0.74,FALSE,standard,172,0.881,0.199,1,0,Wednesday,2023,0
US,USD,MXN,web,178.29,178.29,4.17,17.241379,TRUE,standard,263,0.372,0.223,0,0.2,Wednesday,2023,0
UK,GBP,CNY,mobile,260.63,325.79,3.98,8.928571,FALSE,low,704,0.515,0.283,0,0,Wednesday,2023,0
US,USD,USD,mobile,212.05,212.05,3.96,1,FALSE,standard,1016,0.944,0.247,1,0,Wednesday,2023,0
US,USD,PHP,web,266.12,266.12,4.77,58.823529,FALSE,standard,263,0.522,0.223,0,0.1,Thursday,2023,0
US,USD,USD,web,106.48,106.48,3.31,1,FALSE,standard,1018,0.784,0.087,0,0,Thursday,2023,0
US,USD,NGN,web,495.66,495.66,8.55,1111.111111,FALSE,standard,147,0.551,0.391,0,0.25,Thursday,2023,0
UK,GBP,CAD,mobile,59.9,74.88,2.84,1.689189,FALSE,standard,4,0.892,0.407,0,0,Thursday,2023,0
US,USD,EUR,mobile,382.84,382.84,6.43,0.925926,FALSE,standard,830,0.799,0.102,0,0,Thursday,2023,0
US,USD,INR,web,293.12,293.12,5.51,83.333333,FALSE,enhanced,367,0.939,0.176,0,0,Thursday,2023,0
US,USD,CAD,web,420.41,410.97,110.92,1.351351,FALSE,unknown,257,0.68,0.257,0,0,Friday,2023,0
US,USD,MXN,web,139.1,139.1,3.71,17.241379,FALSE,enhanced,367,0.939,0.176,0,0.2,Friday,2023,0
US,USD,CNY,web,159.65,159.65,3.61,7.142857,TRUE,standard,298,0.186,0.166,0,0,Friday,2023,0
US,USD,CNY,mobile,149.15,149.15,3.6,7.142857,FALSE,enhanced,367,0.939,0.176,0,0,Friday,2023,0
US,USD,USD,web,31.86,31.86,1.39,1,TRUE,enhanced,257,0.894,0.257,0,0,Friday,2023,0
CA,CAD,EUR,ATM,411.65,304.62,7.58,0.685185,FALSE,low,824,0.607,0.282,0,0,Friday,2023,0
US,USD,CAD,mobile,385.6,385.6,6.89,1.351351,FALSE,standard,830,0.799,0.102,0,0,Friday,2023,0
CA,CAD,USD,web,447.42,331.09,8.03,0.74,FALSE,standard,1041,0.867,0.245,0,0,Friday,2023,0
UK,GBP,INR,mobile,111.69,410.97,110.92,104.166667,FALSE,unknown,718,0.68,0.169,0,0,Friday,2023,0
US,USD,INR,mobile,73.06,73.06,2.48,83.333333,FALSE,standard,298,0.186,0.166,0,0,Friday,2023,0
CA,CAD,PHP,web,29.63,21.93,1.78,43.529412,FALSE,standard,947,0.625,0.268,0,0,Friday,2023,0
US,USD,INR,ATM,357.2,357.2,6.06,83.333333,FALSE,standard,298,0.336,0.166,0,0,Friday,2023,0
US,USD,GBP,web,416.79,416.79,6.91,0.8,FALSE,standard,638,0.839,0.244,0,0,Friday,2023,0
US,USD,EUR,web,185.68,185.68,3.68,0.925926,FALSE,standard,263,0.522,0.223,0,0,Saturday,2023,0
US,USD,GBP,mobile,50.34,50.34,2.42,0.8,FALSE,standard,1018,0.934,0.087,0,0,Saturday,2023,0
US,USD,MXN,mobile,328.76,328.76,6.12,17.241379,FALSE,enhanced,257,0.894,0.257,0,0.2,Saturday,2023,0
US,USD,MXN,mobile,34.32,34.32,1.63,17.241379,FALSE,standard,263,0.522,0.223,0,0.2,Saturday,2023,0
UK,GBP,CAD,mobile,50.83,63.54,2.61,1.689189,FALSE,standard,4,0.892,0.407,0,0,Saturday,2023,0
US,USD,USD,web,62.67,62.67,2.02,1,FALSE,standard,147,0.551,0.391,3,0,Saturday,2023,0
US,USD,GBP,mobile,135.35,135.35,3.02,0.8,FALSE,enhanced,367,0.939,0.176,5,0,Sunday,2023,0
US,USD,CNY,mobile,112.71,112.71,2.87,7.142857,FALSE,standard,1018,0.934,0.087,0,0,Saturday,2023,0
US,USD,USD,web,140.37,140.37,2.62,1,FALSE,enhanced,367,0.939,0.176,0,0,Saturday,2023,0
US,USD,NGN,web,372.77,372.77,6.83,1111.111111,FALSE,standard,298,0.336,0.166,0,0.25,Saturday,2023,0
UK,GBP,GBP,WEB,38.22,47.78,0.5,1,TRUE,standard,4,0.892,0.407,0,0,Saturday,2023,1
US,USD,GBP,mobile,168.44,168.44,3.3,0.8,FALSE,standard,147,0.551,0.391,0,0,Saturday,2023,0
US,USD,GBP,ATM,226.18,226.18,4.61,0.8,FALSE,standard,263,0.522,0.223,0,0,Saturday,2023,0
US,USD,PHP,mobile,295.93,295.93,5.79,58.823529,TRUE,standard,1018,0.934,0.087,1,0.1,Sunday,2023,0
UK,GBP,INR,mobile,123.52,154.4,4.41,104.166667,FALSE,standard,718,0.953,0.169,1,0,Sunday,2023,0
UK,GBP,CAD,web,207.52,259.39,4.18,1.689189,FALSE,standard,4,0.892,0.407,0,0,Sunday,2023,0
US,USD,USD,mobile,143.88,143.88,2.98,1,FALSE,standard,1018,0.934,0.087,0,0,Sunday,2023,0
UK,GBP,MXN,mobile,221.28,276.6,4.68,21.551724,FALSE,standard,1088,0.866,0.123,0,0,Sunday,2023,0
US,USD,INR,mobile,9992.77,9992.77,150.7,83.333333,FALSE,enhanced,257,0.894,0.257,0,0,Sunday,2023,0
US,USD,CNY,ATM,383.62,383.62,6.47,7.142857,FALSE,standard,263,0.522,0.223,0,0,Sunday,2023,0
US,USD,MXN,mobile,52.97,52.97,1.67,17.241379,FALSE,enhanced,367,0.939,0.176,0,0.2,Monday,2023,0
UK,GBP,USD,web,138.21,172.76,3.02,1.25,FALSE,standard,4,0.892,0.407,0,0,Monday,2023,0
US,USD,NGN,mobile,191.72,191.72,4.5,1111.111111,FALSE,standard,263,0.522,0.223,0,0.25,Monday,2023,0
US,USD,PHP,mobile,60.81,60.81,1.95,58.823529,FALSE,enhanced,367,0.939,0.176,0,0.1,Monday,2023,0
UK,GBP,PHP,mobile,89.37,111.71,2.35,73.529412,TRUE,standard,4,0.892,0.407,0,0,Monday,2023,0
US,USD,MXN,mobile,41.2,41.2,1.24,17.241379,FALSE,standard,298,0.336,0.166,0,0.2,Monday,2023,0
US,USD,USD,ATM,385.08,385.08,7,1,FALSE,enhanced,257,0.894,0.257,0,0,Monday,2023,0
US,USD,INR,mobile,200.13,200.13,3.62,83.333333,FALSE,enhanced,257,0.894,0.257,0,0,Monday,2023,0
CA,CAD,INR,ATM,50.15,37.11,2.13,61.666667,FALSE,standard,947,0.625,0.268,0,0.12,Monday,2023,0
US,USD,CAD,web,314.33,314.33,5.52,1.351351,FALSE,standard,147,0.551,0.391,0,0,Monday,2023,0
US,USD,CAD,mobile,663.97,663.97,10.93,1.351351,FALSE,enhanced,257,0.894,0.257,0,0,Monday,2023,0
US,USD,USD,mobile,118.75,118.75,3.12,1,TRUE,standard,147,0.401,0.391,6,0,Tuesday,2023,0
UK,GBP,CNY,mobile,41.78,52.22,1.67,8.928571,FALSE,standard,4,0.892,0.407,0,0,Tuesday,2023,0
US,USD,INR,mobile,78.09,78.09,1.52,83.333333,FALSE,standard,263,0.522,0.223,0,0,Tuesday,2023,0
US,USD,EUR,mobile,34.17,34.17,1.16,0.925926,FALSE,standard,888,0.904,0.469,0,0,Tuesday,2023,0
US,USD,NGN,mobile,228.5,228.5,4.33,1111.111111,FALSE,enhanced,367,0.939,0.176,1,0.25,Tuesday,2023,0
CA,CAD,CAD,web,78.63,58.19,1.26,1,FALSE,enhanced,63,0.853,0.13,0,0,Tuesday,2023,0
US,USD,CNY,ATM,76.28,76.28,1.3,7.142857,FALSE,standard,298,0.336,0.166,0,0,Tuesday,2023,0
UK,GBP,INR,web,64.19,80.23,2.05,104.166667,FALSE,standard,4,0.892,0.407,0,0,Tuesday,2023,0
US,USD,PHP,mobile,230.8,230.8,4.41,58.823529,FALSE,standard,298,0.336,0.166,0,0.1,Tuesday,2023,0
UK,GBP,EUR,web,22.1,27.63,1.47,1.157407,FALSE,standard,4,0.892,0.407,0,0.05,Tuesday,2023,1
US,USD,GBP,mobile,45.42,45.42,1.14,0.8,FALSE,enhanced,367,0.939,0.176,0,0,Tuesday,2023,0
US,USD,MXN,web,32.44,32.44,1.4,17.241379,FALSE,enhanced,367,0.939,0.176,0,0.2,Tuesday,2023,0
CA,CAD,MXN,web,9991.68,7393.85,150.83,12.758621,FALSE,standard,947,0.625,0.268,0,0,Tuesday,2023,0
US,USD,NGN,ATM,156.3,156.3,2.98,1111.111111,FALSE,standard,263,0.522,0.223,0,0.25,Wednesday,2023,0
US,USD,MXN,mobile,178.29,178.29,4.62,17.241379,FALSE,enhanced,257,0.894,0.257,0,0.2,Wednesday,2023,0
US,USD,EUR,mobile,816.85,816.85,13.12,0.925926,FALSE,standard,1018,0.934,0.087,0,0,Wednesday,2023,0
US,USD,MXN,mobile,246.79,246.79,4.2,17.241379,FALSE,standard,147,0.551,0.391,0,0.2,Wednesday,2023,0
US,USD,EUR,web,164.33,164.33,3.44,0.925926,FALSE,enhanced,367,0.939,0.176,0,0,Wednesday,2023,0
US,USD,INR,mobile,152.04,152.04,2.83,83.333333,FALSE,standard,147,0.551,0.391,0,0,Wednesday,2023,0
US,USD,PHP,mobile,25.87,25.87,1.26,58.823529,FALSE,standard,263,0.522,0.223,0,0.1,Thursday,2023,0
US,USD,INR,web,251.45,251.45,3.36,83.333333,FALSE,enhanced,257,0.894,0.257,0,0,Thursday,2023,0
CA,CAD,CNY,web,149.41,110.56,3.53,5.285714,FALSE,standard,947,0.625,0.268,0,0,Thursday,2023,0
UK,GBP,EUR,mobile,155.19,193.99,-1,1.157407,FALSE,standard,4,-0.1,0.407,0,0.05,Thursday,2023,0
CA,CAD,CAD,ATM,94.01,69.57,2.15,1,FALSE,low,1066,0.522,0,0,0,Thursday,2023,0
CA,CAD,PHP,web,325.35,240.76,6.07,43.529412,FALSE,standard,947,0.625,0.268,0,0,Thursday,2023,0
unknown,USD,USD, mobile  ,9997.73,9997.73,150.96,1,FALSE,standard,298,0.336,0.166,0,0,Thursday,2023,0
US,USD,NGN,web,378.91,378.91,6.31,1111.111111,TRUE,standard,1018,0.934,0.087,0,0.25,Thursday,2023,0
UK,GBP,CNY,web,79.05,98.82,2.41,8.928571,FALSE,standard,4,0.892,0.407,0,0,Friday,2023,0
US,USD,MXN,web,100.07,100.07,2.75,17.241379,FALSE,standard,34,0.427,0.068,0,0.2,Friday,2023,0
US,USD,GBP,web,22.09,22.09,1.3,0.8,TRUE,standard,263,0.522,0.223,0,0,Tuesday,2023,1
CA,CAD,EUR,web,83.33,61.66,1.78,0.685185,FALSE,low,615,0.515,0.355,0,0,Friday,2023,0
US,USD,CAD,mobile,63.11,63.11,1.74,1.351351,FALSE,standard,147,0.551,0.391,1,0,Friday,2023,0
UK,GBP,CNY,ATM,26.52,33.15,2.36,8.928571,FALSE,standard,4,0.892,0.407,0,0,Friday,2023,0
US,USD,PHP,mobile,433.87,433.87,7.3,58.823529,FALSE,standard,147,0.551,0.391,0,0.1,Friday,2023,0
CA,CAD,CAD,mobile,155.19,114.84,2.88,1,FALSE,standard,947,0.625,0.268,0,0,Friday,2023,0
UK,GBP,NGN,web,113.37,141.71,3.19,1388.888889,FALSE,standard,4,0.892,0.407,0,0.22,Friday,2023,0
UK,GBP,CAD,web,319.37,399.21,5.89,1.689189,FALSE,standard,718,0.953,0.169,0,0,Saturday,2023,0
US,USD,USD,mobile,150.23,150.23,4.38,1,FALSE,standard,263,0.372,0.223,0,0,Saturday,2023,0
UK,GBP,PHP,mobile,9998.86,410.97,110.92,73.529412,FALSE,unknown,4,0.68,0.407,0,0,Saturday,2023,0
US,USD,GBP,ATM,49.16,49.16,1.08,0.8,FALSE,standard,1018,0.934,0.087,1,0,Saturday,2023,0
US,USD,GBP,ATM,141.14,141.14,3.57,0.8,FALSE,standard,1016,0.944,0.247,0,0,Saturday,2023,0
US,USD,PHP,ATM,326.95,326.95,5.96,58.823529,FALSE,standard,263,0.522,0.223,0,0.1,Saturday,2023,0
US,USD,MXN,mobile,31.67,31.67,1.93,17.241379,FALSE,standard,1018,0.934,0.087,0,0.2,Saturday,2023,0
US,USD,CAD,ATM,36.67,36.67,0.85,1.351351,FALSE,standard,298,0.336,0.166,0,0,Saturday,2023,0
US,USD,NGN,mobile,88.37,88.37,2.94,1111.111111,FALSE,standard,1018,0.934,0.087,0,0.25,Saturday,2023,0
UK,GBP,GBP,mobile,48.13,60.16,2.58,1,FALSE,standard,4,0.892,0.407,0,0,Sunday,2023,0
UK,GBP,NGN,web,160.91,201.13,3.43,1388.888889,TRUE,standard,4,0.892,0.407,0,0.22,Sunday,2023,0
US,USD,EUR,mobile,68.52,68.52,2.29,0.925926,FALSE,standard,263,0.522,0.223,1,0,Sunday,2023,0
US,USD,NGN,mobile,46,46,1.5,1111.111111,FALSE,enhanced,367,0.789,0.176,0,0.25,Sunday,2023,0
CA,CAD,NGN,web,246.34,182.29,5.67,822.222222,FALSE,standard,947,0.625,0.268,8,0,Sunday,2023,1
US,USD,PHP,ATM,54.47,54.47,1.17,58.823529,FALSE,standard,1018,0.934,0.087,0,0.1,Sunday,2023,0
US,USD,CAD,web,79.57,79.57,1.85,1.351351,FALSE,standard,298,0.336,0.166,0,0,Sunday,2023,0
US,USD,INR,mobile,258.95,258.95,5.26,83.333333,FALSE,standard,859,0.81,0.363,1,0,Sunday,2023,0
US,USD,INR,mobile,119.99,119.99,2.95,83.333333,FALSE,standard,298,0.336,0.166,0,0,Monday,2023,0
US,USD,INR,mobile,81.14,81.14,2.66,83.333333,FALSE,standard,1016,0.944,0.247,0,0,Sunday,2023,0
US,USD,NGN,web,138.32,138.32,2.53,1111.111111,FALSE,enhanced,367,0.939,0.176,0,0.25,Monday,2023,0
US,USD,CAD,ATM,237.97,237.97,4.31,1.351351,FALSE,enhanced,257,0.894,0.257,0,0,Monday,2023,0
US,USD,INR,mobile,102.28,102.28,3,83.333333,FALSE,standard,1018,0.934,0.087,0,0,Monday,2023,0
US,USD,INR,mobile,52.6,52.6,2.1,83.333333,FALSE,standard,263,0.522,0.223,3,0,Monday,2023,0
US,USD,CNY,mobile,328.72,328.72,5.39,7.142857,FALSE,standard,1018,0.934,0.087,0,0,Monday,2023,0
UK,GBP,USD,web,574.09,717.61,9.96,1.25,FALSE,standard,4,0.892,0.407,0,0,Monday,2023,0
UK,GBP,GBP,mobile,86.24,107.8,2.37,1,FALSE,standard,4,0.892,0.407,0,0,Monday,2023,0
US,USD,NGN,mobile,346.82,346.82,6.21,1111.111111,FALSE,standard,263,0.522,0.223,0,0.25,Monday,2023,0
US,USD,EUR,ATM,99.23,99.23,1.9,0.925926,FALSE,standard,263,0.522,0.223,0,0,Tuesday,2023,0
US,USD,GBP,mobile,741.65,741.65,11.66,0.8,FALSE,standard,34,0.427,0.068,0,0,Tuesday,2023,0
UK,GBP,NGN,mobile,48.58,60.73,1.48,1388.888889,FALSE,standard,4,0.892,0.407,0,0.22,Tuesday,2023,0
US,USD,CNY,web,80.55,80.55,1.72,7.142857,FALSE,standard,34,0.427,0.068,1,0,Tuesday,2023,0
US,USD,USD,web,60.43,60.43,1.38,1,FALSE,enhanced,367,0.939,0.176,2,0,Tuesday,2023,0
US,USD,USD,web,170.72,170.72,3.56,1,FALSE,enhanced,367,0.939,0.176,0,0,Thursday,2023,0
US,USD,GBP,mobile,51.4,51.4,1.95,0.8,FALSE,standard,34,0.427,0.068,0,0,Tuesday,2023,0
US,USD,EUR,mobile,236,236,4,0.925926,FALSE,standard,263,0.522,0.223,0,0,Tuesday,2023,0
UK,GBP,PHP,mobile,133.42,166.78,2.63,73.529412,FALSE,standard,4,0.892,0.407,0,0,Wednesday,2023,0
US,USD,CNY,mobile,214.19,214.19,3.99,7.142857,FALSE,standard,263,0.522,0.223,0,0,Wednesday,2023,0
US,USD,CAD,web,446.8,446.8,7.83,1.351351,FALSE,standard,1018,0.934,0.087,0,0,Wednesday,2023,0
US,USD,EUR,web,126.42,126.42,2.95,0.925926,FALSE,enhanced,367,0.939,0.176,1,0,Wednesday,2023,0
US,USD,INR,mobile,821.05,821.05,13.27,83.333333,FALSE,standard,147,0.551,0.391,0,0,Wednesday,2023,0
US,USD,CNY,mobile,204.03,204.03,3.5,7.142857,FALSE,enhanced,367,0.939,0.176,0,0,Wednesday,2023,0
US,USD,USD,mobile,607.7,607.7,9.93,1,FALSE,standard,298,0.336,0.166,0,0,Wednesday,2023,0
US,USD,INR,web,229.59,229.59,5.05,83.333333,FALSE,standard,34,0.427,0.068,0,0,Wednesday,2023,0
US,USD,EUR,mobile,301.03,301.03,5.85,0.925926,FALSE,standard,34,0.427,0.068,0,0,Wednesday,2023,0
US,USD,CAD,mobile,61.87,61.87,1.51,1.351351,FALSE,standard,298,0.336,0.166,0,0,Wednesday,2023,0
US,USD,INR,mobile,291.4,291.4,5.4,83.333333,FALSE,enhanced,367,0.939,0.176,0,0,Wednesday,2023,0
UK,GBP,PHP,mobile,253.38,316.73,5.48,73.529412,TRUE,low,566,0.731,0.422,0,0,Wednesday,2023,0
CA,CAD,USD,web,272.63,201.75,4.94,0.74,FALSE,standard,947,0.625,0.268,1,0,Thursday,2023,0
US,USD,EUR,web,108.75,108.75,2.97,0.925926,FALSE,standard,1018,0.934,0.087,0,0,Thursday,2023,0
US,USD,CAD,web,97.26,97.26,1.94,1.351351,FALSE,standard,298,0.336,0.166,0,0,Thursday,2023,0
CA,CAD,CNY,mobile,50.18,37.13,2.58,5.285714,FALSE,standard,725,0.824,0.212,0,0,Thursday,2023,0
US,USD,NGN,mobile,114.83,114.83,3.25,1111.111111,TRUE,standard,298,0.336,0.166,0,0.25,Thursday,2023,0
US,USD,EUR,unknown,126.32,126.32,1.66,0.925926,TRUE,enhanced,257,0.894,0.257,0,0,Thursday,2023,0
US,USD,CNY,mobile,34.57,34.57,1.18,7.142857,FALSE,standard,263,0.522,0.223,0,0,Thursday,2023,0
US,USD,CNY,web,608.41,608.41,10.08,7.142857,FALSE,standard,263,0.522,0.223,0,0,Thursday,2023,0
US,USD,NGN,web,89.77,89.77,1.93,1111.111111,FALSE,enhanced,367,0.939,0.176,0,0.25,Thursday,2023,0
UK,GBP,GBP,web,185.85,232.32,3.83,1,FALSE,standard,4,0.892,0.407,0,0,Thursday,2023,0
CA,CAD,EUR,mobile,84.51,62.54,2.87,0.685185,FALSE,standard,172,0.881,0.199,1,0,Thursday,2023,0
UK,GBP,NGN,ATM,646.04,807.55,11.13,1388.888889,FALSE,standard,1027,0.873,0.074,0,0.22,Thursday,2023,0
UK,GBP,EUR,mobile,176.85,221.06,4.17,1.157407,FALSE,standard,1088,0.866,0.123,0,0.05,Saturday,2023,0
US,USD,INR,web,81.55,81.55,2.52,83.333333,TRUE,enhanced,257,0.894,0.257,0,0,Thursday,2023,0
US,USD,GBP,mobile,1367.87,1367.87,20.8,0.8,FALSE,standard,263,0.522,0.223,0,0,Thursday,2023,0
UK,GBP,CAD,web,214.97,268.71,3.89,1.689189,FALSE,standard,718,0.953,0.169,0,0,Thursday,2023,0
US,USD,PHP,mobile,195.24,195.24,4.46,58.823529,FALSE,enhanced,257,0.894,0.257,0,0.1,Thursday,2023,0
UK,GBP,USD,ATM,85.52,410.97,110.92,1.25,FALSE,unknown,4,0.68,0.407,0,0,Thursday,2023,0
US,USD,EUR,mobile,96.54,96.54,2.16,0.925926,FALSE,standard,298,0.336,0.166,0,0,Thursday,2023,0
CA,CAD,EUR,mobile,270.12,410.97,110.92,0.685185,FALSE,unknown,1074,0.68,0.225,0,0,Thursday,2023,0
UK,GBP,PHP,mobile,326.2,407.74,6.21,73.529412,FALSE,low,704,0.515,0.283,0,0,Friday,2023,0
US,USD,INR,mobile,330.08,330.08,5.51,83.333333,FALSE,standard,147,0.551,0.391,0,0,Friday,2023,0
CA,CAD,NGN,ATM,195.67,144.8,3.32,822.222222,FALSE,standard,1035,0.497,0.236,1,0,Friday,2023,0
US,USD,EUR,mobile,209.11,209.11,4.17,0.925926,FALSE,standard,1016,0.944,0.247,0,0,Friday,2023,0
US,USD,CNY,mobile,333.95,333.95,5.9,7.142857,FALSE,standard,298,0.336,0.166,0,0,Friday,2023,0
UK,GBP,USD,mobile,483.33,604.17,8.94,1.25,FALSE,standard,718,0.953,0.169,0,0,Friday,2023,0
US,USD,USD,ATM,474.85,474.85,8.05,1,FALSE,enhanced,367,0.939,0.176,0,0,Friday,2023,0
unknown,USD,USD, web  ,92.63,92.63,2.89,1,FALSE,standard,1016,0.944,0.247,0,0,Friday,2023,0
US,USD,USD,web,376.61,376.61,7.09,1,FALSE,standard,263,0.522,0.223,0,0,Friday,2023,0
US,USD,CAD,mobile,343.66,343.66,6.3,1.351351,FALSE,enhanced,367,0.939,0.176,0,0,Friday,2023,0
CA,CAD,CAD,mobile,131.11,97.02,2.75,1,TRUE,low,615,0.515,0.355,0,0,Friday,2023,0
US,USD,INR,mobile,45.49,45.49,1.76,83.333333,FALSE,standard,147,0.551,0.391,0,0,Saturday,2023,0
US,USD,INR, web  ,147.56,147.56,2.31,83.333333,FALSE,standard,888,0.904,0.469,1,0,Saturday,2023,0
US,USD,CNY,mobile,72.73,410.97,110.92,7.142857,FALSE,unknown,367,0.68,0.176,0,0,Saturday,2023,0
US,USD,USD,web,17.39,17.39,1.6,1,TRUE,standard,298,0.336,0.166,0,0,Saturday,2023,0
US,USD,CAD,mobile,274.97,274.97,5.54,1.351351,FALSE,standard,298,0.336,0.166,0,0,Saturday,2023,0
US,USD,PHP,web,26.68,26.68,1.86,58.823529,FALSE,enhanced,257,0.894,0.257,0,0.1,Saturday,2023,0
US,USD,CAD,web,235.55,235.55,4.06,1.351351,FALSE,standard,34,0.427,0.068,0,0,Saturday,2023,0
US,USD,INR,web,48.66,48.66,1.62,83.333333,FALSE,enhanced,257,0.894,0.257,0,0,Saturday,2023,0
US,USD,GBP,web,231.44,231.44,4.34,0.8,FALSE,standard,298,0.336,0.166,0,0,Saturday,2023,0
US,USD,CNY,mobile,247.07,247.07,4.14,7.142857,FALSE,enhanced,257,0.894,0.257,0,0,Saturday,2023,0
CA,CAD,USD,mobile,542.39,401.37,9.72,0.74,FALSE,low,824,0.607,0.282,1,0,Saturday,2023,0
US,USD,EUR,ATM,271.38,271.38,5.29,0.925926,FALSE,standard,263,0.522,0.223,0,0,Saturday,2023,0
UK,GBP,PHP,mobile,99.81,124.76,2.74,73.529412,TRUE,standard,4,0.892,0.407,1,0,Saturday,2023,0
US,USD,GBP,mobile,486.76,486.76,8.69,0.8,FALSE,enhanced,367,0.939,0.176,0,0,Saturday,2023,0
UK,GBP,GBP,mobile,29.68,410.97,110.92,1,FALSE,unknown,4,0.68,0.407,0,0,Saturday,2023,1
US,USD,PHP,mobile,365.76,365.76,6.9,58.823529,FALSE,standard,263,0.522,0.223,0,0.1,Sunday,2023,0
UK,GBP,PHP,mobile,70.24,87.79,2.14,73.529412,FALSE,standard,4,0.892,0.407,0,0,Sunday,2023,0
US,USD,EUR,mobile,1173.24,1173.24,18.81,0.925926,FALSE,standard,1018,0.934,0.087,0,0,Sunday,2023,0
US,USD,INR,mobile,244.24,244.24,4.91,83.333333,FALSE,standard,147,0.551,0.391,0,0,Sunday,2023,0
US,USD,PHP,web,108.52,108.52,3.03,58.823529,TRUE,enhanced,257,0.894,0.257,0,0.1,Sunday,2023,0
US,USD,CNY,web,219.16,219.16,4.71,7.142857,FALSE,standard,1018,0.784,0.087,0,0,Sunday,2023,0
US,USD,NGN,mobile,148.92,148.92,3.83,1111.111111,FALSE,standard,298,0.336,0.166,0,0.25,Sunday,2023,0
US,USD,GBP,web,131.21,131.21,2.96,0.8,FALSE,enhanced,257,0.894,0.257,5,0,Sunday,2023,0
US,USD,EUR,web,86.45,86.45,2.09,0.925926,FALSE,standard,1018,0.784,0.087,0,0,Sunday,2023,0
US,USD,MXN,mobile,313.05,313.05,5.89,17.241379,FALSE,enhanced,367,0.939,0.176,0,0.2,Wednesday,2023,0
US,USD,INR,web,215.4,215.4,4.52,83.333333,TRUE,standard,1018,0.934,0.087,0,0,Monday,2023,0
US,USD,GBP,mobile,9995.28,9995.28,150.14,0.8,TRUE,standard,1016,0.944,0.247,0,0,Monday,2023,0
US,USD,GBP,web,85.23,85.23,2.57,0.8,FALSE,standard,263,0.372,0.223,0,0,Monday,2023,0
US,USD,EUR,mobile,44.91,44.91,1.88,0.925926,FALSE,enhanced,257,0.894,0.257,0,0,Monday,2023,0
UK,GBP,EUR,mobile,185.1,231.37,3.67,1.157407,FALSE,standard,4,0.892,0.407,0,0.05,Monday,2023,0
UK,GBP,MXN,web,32.91,41.14,1.14,21.551724,FALSE,standard,969,0.6,0.258,0,0,Monday,2023,0
US,USD,USD,web,281.97,281.97,5.2,1,FALSE,standard,1016,0.944,0.247,0,0,Monday,2023,0
CA,CAD,CAD,mobile,108.67,80.42,3.08,1,FALSE,standard,725,0.824,0.212,0,0,Monday,2023,0
US,USD,EUR,mobile,342.78,342.78,5.27,0.925926,FALSE,standard,298,0.336,0.166,0,0,Monday,2023,0
US,USD,EUR,ATM,458.7,458.7,8.38,0.925926,FALSE,standard,1018,0.934,0.087,0,0,Monday,2023,0
UK,GBP,CAD,mobile,665.31,831.64,10.51,1.689189,FALSE,standard,718,0.953,0.169,2,0,Monday,2023,0
US,USD,EUR,web,9995.28,9995.28,151.07,0.925926,FALSE,standard,298,0.336,0.166,7,0,Tuesday,2023,0
US,USD,EUR,web,343.9,343.9,7,0.925926,FALSE,standard,147,0.551,0.391,0,0,Tuesday,2023,0
US,USD,USD,mobile,260.62,260.62,4.28,1,FALSE,standard,1018,0.934,0.087,0,0,Tuesday,2023,0
US,USD,USD,mobile,92.5,92.5,2.27,1,FALSE,standard,638,0.839,0.244,0,0,Tuesday,2023,0
US,USD,CNY,mobile,71.34,71.34,1.35,7.142857,FALSE,standard,859,0.96,0.363,1,0,Tuesday,2023,0
US,USD,CNY,mobile,174.53,174.53,3.11,7.142857,FALSE,enhanced,257,0.894,0.257,0,0,Tuesday,2023,0
UK,GBP,CAD,mobile,285.79,357.24,5.47,1.689189,FALSE,standard,4,0.892,0.407,1,0,Tuesday,2023,0
US,USD,NGN,mobile,230.1,230.1,4.1,1111.111111,FALSE,standard,263,0.522,0.223,0,0.25,Tuesday,2023,0
US,USD,INR,mobile,351.76,351.76,5.35,83.333333,FALSE,enhanced,367,0.789,0.176,0,0,Tuesday,2023,0
UK,GBP,USD,mobile,208.63,260.79,4.37,1.25,FALSE,standard,4,0.892,0.407,0,0,Tuesday,2023,0
US,USD,MXN,web,194.29,194.29,4.12,17.241379,FALSE,standard,298,0.336,0.166,0,0.2,Tuesday,2023,0
US,USD,CAD, mobile  ,864.07,864.07,14.22,1.351351,FALSE,standard,263,0.522,0.223,0,0,Tuesday,2023,0
UK,GBP,EUR,mobile,45.58,56.98,2.08,1.157407,FALSE,standard,684,0.833,0.241,0,0.05,Wednesday,2023,0
US,USD,PHP,mobile,527.59,527.59,9.44,58.823529,FALSE,standard,263,0.522,0.223,0,0.1,Wednesday,2023,0
US,USD,INR,web,261.88,261.88,4.75,83.333333,FALSE,standard,263,0.522,0.223,0,0,Wednesday,2023,0
US,USD,CAD,web,87.88,87.88,1.38,1.351351,FALSE,standard,859,0.96,0.363,0,0,Wednesday,2023,0
US,USD,MXN,mobile,123.8,123.8,3.3,17.241379,FALSE,standard,263,0.522,0.223,0,0.2,Wednesday,2023,0
US,USD,PHP,mobile,67.2,67.2,2.2,58.823529,FALSE,standard,147,0.551,0.391,2,0.1,Wednesday,2023,0
US,USD,EUR,mobile,19.79,19.79,0.98,0.925926,FALSE,standard,1018,0.934,0.087,0,0,Friday,2023,0
US,USD,NGN,web,48.42,48.42,2.03,1111.111111,FALSE,enhanced,367,0.789,0.176,0,0.25,Wednesday,2023,0
US,USD,PHP,mobile,20.53,20.53,0.84,58.823529,FALSE,standard,263,0.522,0.223,0,0.1,Wednesday,2023,0
US,USD,CNY,web,98.97,98.97,2.33,7.142857,FALSE,standard,263,0.522,0.223,0,0,Thursday,2023,0
US,USD,CAD,web,216.97,216.97,3.8,1.351351,FALSE,standard,263,0.522,0.223,0,0,Thursday,2023,0
US,USD,INR,web,464.07,464.07,7.95,83.333333,TRUE,standard,263,0.522,0.223,1,0,Thursday,2023,0
US,USD,PHP,mobile,149.7,149.7,3.82,58.823529,FALSE,standard,147,0.551,0.391,0,0.1,Thursday,2023,0
US,USD,INR,mobile,925.08,410.97,-1,83.333333,FALSE,unknown,263,-0.1,0.223,0,0,Thursday,2023,0
US,USD,NGN,web,98.67,98.67,2.68,1111.111111,FALSE,standard,147,0.401,0.391,0,0.25,Thursday,2023,0
US,USD,USD,web,359.06,359.06,7.67,1,FALSE,standard,298,0.186,0.166,0,0,Thursday,2023,0
US,USD,CNY,web,67.15,67.15,2.82,7.142857,FALSE,standard,298,0.336,0.166,0,0,Thursday,2023,0
CA,CAD,PHP,mobile,400.04,296.03,6.34,43.529412,FALSE,standard,947,0.625,0.268,0,0,Thursday,2023,0
US,USD,INR,mobile,161.27,161.27,3.09,83.333333,FALSE,standard,1018,0.784,0.087,0,0,Thursday,2023,0
UK,GBP,NGN,mobile,608.91,761.14,9.73,1388.888889,FALSE,standard,4,0.892,0.407,0,0.22,Thursday,2023,0
UK,GBP,CAD,mobile,135.29,410.97,110.92,1.689189,FALSE,unknown,4,0.68,0.407,0,0,Thursday,2023,0
US,USD,EUR,mobile,139.62,139.62,2.88,0.925926,FALSE,enhanced,257,0.894,0.257,8,0,Friday,2023,0
US,USD,NGN,web,146.32,146.32,3.14,1111.111111,FALSE,enhanced,367,0.939,0.176,0,0.25,Friday,2023,0
UK,GBP,USD,mobile,257.37,321.72,4.6,1.25,FALSE,standard,4,0.892,0.407,0,0,Friday,2023,1
US,USD,EUR,ATM,292.41,292.41,5.75,0.925926,FALSE,enhanced,367,0.939,0.176,0,0,Friday,2023,0
US,USD,GBP,mobile,278.39,278.39,4.76,0.8,FALSE,standard,298,0.336,0.166,0,0,Friday,2023,0
US,USD,PHP,mobile,173.76,173.76,4.08,58.823529,FALSE,standard,1018,0.934,0.087,0,0.1,Friday,2023,0
US,USD,CNY,ATM,118.18,118.18,3.71,7.142857,FALSE,enhanced,257,0.894,0.257,0,0,Saturday,2023,0
US,USD,CNY,mobile,120.65,120.65,2.67,7.142857,FALSE,standard,263,0.522,0.223,0,0,Saturday,2023,0
US,USD,EUR,web,263.98,263.98,4.61,0.925926,FALSE,low,954,0.576,0.332,0,0,Sunday,2023,0
UK,GBP,GBP,ATM,80.79,410.97,110.92,1,FALSE,unknown,4,0.68,0.407,0,0,Sunday,2023,0
CA,CAD,EUR,web,329.2,243.6,5.67,0.685185,FALSE,standard,947,0.625,0.268,1,0,Sunday,2023,0
US,USD,CNY,mobile,233.37,233.37,4.91,7.142857,FALSE,standard,263,0.522,0.223,0,0,Sunday,2023,0
US,USD,MXN,mobile,105.46,105.46,1.96,17.241379,FALSE,standard,1016,0.794,0.247,0,0.2,Sunday,2023,0
US,USD,CAD,mobile,118.39,410.97,110.92,1.351351,FALSE,unknown,147,0.68,0.391,0,0,Sunday,2023,0
UK,GBP,EUR,web,17.34,21.67,1.08,1.157407,FALSE,standard,718,0.953,0.169,0,0.05,Sunday,2023,0
US,USD,PHP,mobile,261.74,261.74,4.87,58.823529,FALSE,standard,263,0.522,0.223,0,0.1,Sunday,2023,0
US,USD,CNY,web,148.48,148.48,4.29,7.142857,FALSE,standard,1016,0.794,0.247,0,0,Sunday,2023,0
US,USD,EUR,mobile,223.25,223.25,4.51,0.925926,FALSE,standard,298,0.336,0.166,0,0,Monday,2023,0
US,USD,NGN,mobile,34.07,34.07,0.95,1111.111111,FALSE,standard,298,0.186,0.166,0,0.25,Monday,2023,0
US,USD,CNY,web,181.18,181.18,3.22,7.142857,FALSE,standard,1018,0.934,0.087,0,0,Monday,2023,0
US,USD,NGN,web,232.09,232.09,4.65,1111.111111,FALSE,standard,263,0.522,0.223,0,0.25,Monday,2023,0
US,USD,CNY,mobile,167.5,167.5,3.17,7.142857,FALSE,enhanced,367,0.939,0.176,0,0,Monday,2023,0
US,USD,INR,mobile,76.52,76.52,2.44,83.333333,TRUE,standard,859,0.96,0.363,0,0,Monday,2023,0
US,USD,NGN,mobile,344.39,344.39,5.4,1111.111111,FALSE,enhanced,257,0.894,0.257,1,0.25,Monday,2023,0
US,USD,GBP,mobile,55.05,55.05,1.91,0.8,FALSE,enhanced,477,0.901,0.462,0,0,Tuesday,2023,0
US,USD,INR,mobile,382.31,382.31,7.48,83.333333,FALSE,standard,263,0.522,0.223,0,0,Tuesday,2023,0
US,USD,INR,mobile,229.04,229.04,5.09,83.333333,FALSE,enhanced,257,0.744,0.257,0,0,Tuesday,2023,0
US,USD,CNY,mobile,1106.99,1106.99,17.91,7.142857,FALSE,standard,298,0.336,0.166,0,0,Tuesday,2023,0
US,USD,INR,web,263.62,263.62,5.51,83.333333,FALSE,standard,263,0.522,0.223,0,0,Tuesday,2023,0
CA,CAD,USD,mobile,109.09,80.72,2.04,0.74,FALSE,low,615,0.365,0.355,0,0,Tuesday,2023,0
US,USD,PHP,mobile,35.7,35.7,2.09,58.823529,FALSE,standard,263,0.522,0.223,0,0.1,Tuesday,2023,0
US,USD,USD,mobile,358.74,358.74,6.13,1,FALSE,standard,147,0.551,0.391,0,0,Tuesday,2023,0
US,USD,PHP,mobile,295.6,295.6,5.96,58.823529,FALSE,standard,992,0.777,0.155,0,0.1,Tuesday,2023,0
US,USD,EUR,web,422.35,422.35,7.33,0.925926,FALSE,standard,263,0.522,0.223,0,0,Tuesday,2023,0
US,USD,USD,web,161.35,161.35,3.9,1,FALSE,standard,263,0.522,0.223,0,0,Tuesday,2023,0
US,USD,PHP,mobile,83.8,83.8,1.32,58.823529,FALSE,standard,34,0.427,0.068,0,0.1,Wednesday,2023,0
 US  ,USD,EUR,WEB,34.94,34.94,1.58,0.925926,FALSE,standard,263,0.522,0.223,0,0,Wednesday,2023,0
US,USD,EUR,mobile,48.33,48.33,1.61,0.925926,TRUE,enhanced,257,0.894,0.257,0,0,Wednesday,2023,0
US,USD,NGN,mobile,771.26,771.26,12.92,1111.111111,FALSE,enhanced,367,0.939,0.176,0,0.25,Wednesday,2023,0
US,USD,EUR,ATM,262.18,262.18,5.2,0.925926,FALSE,standard,298,0.336,0.166,1,0,Wednesday,2023,0
US,USD,PHP,mobile,203.61,203.61,3.53,58.823529,FALSE,standard,1018,0.934,0.087,0,0.1,Wednesday,2023,0
UK,GBP,CNY,web,293.64,367.05,5.81,8.928571,FALSE,standard,718,0.953,0.169,0,0,Wednesday,2023,0
US,USD,NGN,mobile,103.24,103.24,2.89,1111.111111,FALSE,standard,1018,0.934,0.087,0,0.25,Wednesday,2023,0
US,USD,NGN,mobile,133.7,133.7,2.94,1111.111111,FALSE,standard,147,0.551,0.391,0,0.25,Wednesday,2023,0
US,USD,MXN,mobile,145.75,145.75,3.69,17.241379,FALSE,standard,298,0.336,0.166,0,0.2,Thursday,2023,0
US,USD,USD,mobile,91.92,91.92,1.43,1,FALSE,standard,147,0.401,0.391,0,0,Thursday,2023,0
UK,GBP,CAD,mobile,9992.77,12490.96,150.31,1.689189,FALSE,standard,718,0.953,0.169,0,0,Thursday,2023,0
US,USD,CAD,web,253.59,253.59,5.23,1.351351,FALSE,standard,263,0.522,0.223,0,0,Thursday,2023,0
US,USD,GBP,web,73.25,73.25,1.64,0.8,FALSE,standard,298,0.336,0.166,0,0,Thursday,2023,0
US,USD,CNY,mobile,163.15,163.15,3.37,7.142857,TRUE,enhanced,367,0.789,0.176,0,0,Thursday,2023,0
UK,GBP,USD,mobile,64.45,80.57,1.8,1.25,FALSE,standard,718,0.953,0.169,0,0,Thursday,2023,0
US,USD,EUR,mobile,240.3,240.3,3.92,0.925926,FALSE,standard,1016,0.944,0.247,0,0,Friday,2023,0
US,USD,USD,web,54.96,54.96,1.91,1,FALSE,standard,147,0.551,0.391,0,0,Friday,2023,0
US,USD,GBP,ATM,191.54,191.54,3.15,0.8,TRUE,enhanced,661,0.92,0.259,0,0,Friday,2023,0
CA,CAD,NGN,mobile,77.5,57.35,2.35,822.222222,FALSE,standard,172,0.881,0.199,0,0,Friday,2023,0
UK,GBP,CNY,web,385.93,482.41,7.07,8.928571,FALSE,standard,4,0.892,0.407,0,0,Friday,2023,0
US,USD,CNY,mobile,154.6,154.6,3.74,7.142857,TRUE,standard,1018,0.934,0.087,0,0,Friday,2023,0
US,USD,CNY,mobile,-165.36,410.97,9999.99,7.142857,TRUE,unknown,1016,-0.1,0.247,0,0,Friday,2023,0
UK,GBP,MXN,web,197.75,247.18,4.56,21.551724,FALSE,standard,718,0.953,0.169,1,0,Saturday,2023,0
US,USD,NGN,mobile,98.52,98.52,3.18,1111.111111,FALSE,standard,830,0.799,0.102,0,0.25,Saturday,2023,0
UK,GBP,MXN,web,282.12,352.65,5.73,21.551724,FALSE,standard,4,0.892,0.407,0,0,Saturday,2023,0
US,USD,NGN,web,226.55,226.55,2.71,1111.111111,FALSE,enhanced,367,0.939,0.176,0,0.25,Saturday,2023,0
UK,GBP,INR,web,308.7,385.88,4.93,104.166667,FALSE,standard,4,0.892,0.407,0,0,Saturday,2023,0
US,USD,NGN,web,220.36,220.36,3.43,1111.111111,FALSE,enhanced,257,0.894,0.257,0,0.25,Saturday,2023,0
UK,GBP,CAD,mobile,261.23,326.54,4.61,1.689189,FALSE,standard,4,0.892,0.407,0,0,Saturday,2023,0
US,USD,GBP,web,336.3,336.3,5.75,0.8,FALSE,standard,34,0.427,0.068,1,0,Sunday,2023,0
US,USD,PHP,mobile,238.4,238.4,4.02,58.823529,FALSE,standard,147,0.551,0.391,0,0.1,Sunday,2023,0
US,USD,EUR,mobile,227.57,227.57,4.33,0.925926,FALSE,standard,263,0.522,0.223,0,0,Sunday,2023,0
US,USD,EUR,web,74.01,410.97,110.92,0.925926,FALSE,unknown,1016,0.68,0.247,0,0,Sunday,2023,0
UK,GBP,USD,ATM,146.16,182.71,2.99,1.25,FALSE,standard,718,0.953,0.169,1,0,Sunday,2023,0
US,USD,CNY,mobile,251.87,251.87,4.54,7.142857,FALSE,enhanced,367,0.939,0.176,0,0,Sunday,2023,0
US,USD,USD,mobile,9993.44,9993.44,150.77,1,FALSE,enhanced,257,0.894,0.257,1,0,-1,0,0
US,USD,NGN,web,127.74,127.74,2.98,1111.111111,FALSE,standard,263,0.522,0.223,0,0.25,Monday,2023,0
US,USD,CAD,mobile,153.39,153.39,3.77,1.351351,FALSE,low,616,0.702,0.361,0,0,Monday,2023,0
US,USD,CNY,mobile,105.96,105.96,2.58,7.142857,FALSE,standard,1016,0.944,0.247,0,0,Monday,2023,0
US,USD,EUR,mobile,322.28,322.28,7.04,0.925926,FALSE,enhanced,367,0.939,0.176,0,0,Monday,2023,0
UK,GBP,CNY,web,73.48,91.85,2.73,8.928571,TRUE,standard,4,0.892,0.407,0,0,Monday,2023,0
US,USD,CAD,web,235.13,235.13,4.31,1.351351,FALSE,standard,147,0.551,0.391,0,0,Tuesday,2023,0
US,USD,CNY,mobile,198.91,198.91,3.52,7.142857,FALSE,standard,298,0.336,0.166,0,0,Tuesday,2023,0
UK,GBP,GBP,web,9996.48,12495.59,150.42,1,FALSE,standard,718,0.953,0.169,0,0,Tuesday,2023,0
US,USD,NGN,web,152.64,152.64,3.48,1111.111111,TRUE,standard,298,0.336,0.166,0,0.25,Tuesday,2023,1
US,USD,INR,web,189.75,189.75,3.69,83.333333,TRUE,standard,147,0.551,0.391,0,0,Tuesday,2023,0
UK,GBP,INR,web,97.4,121.75,2.75,104.166667,FALSE,standard,4,0.892,0.407,0,0,Tuesday,2023,0
US,USD,INR,mobile,97.17,97.17,2.7,83.333333,FALSE,enhanced,367,0.789,0.176,0,0,Tuesday,2023,0
US,USD,INR,mobile,151.06,151.06,2.42,83.333333,FALSE,standard,298,0.336,0.166,0,0,Tuesday,2023,0
UK,GBP,MXN,unknown,468.6,585.74,7.88,21.551724,FALSE,standard,4,0.892,0.407,0,0,Tuesday,2023,0
US,USD,CNY,ATM,292.53,292.53,4.62,7.142857,FALSE,standard,263,0.522,0.223,0,0,Tuesday,2023,0
US,USD,CNY,mobile,134.39,134.39,3.34,7.142857,FALSE,enhanced,257,0.894,0.257,0,0,Tuesday,2023,0
US,USD,NGN,web,192.95,192.95,3.64,1111.111111,FALSE,standard,298,0.336,0.166,0,0.25,Tuesday,2023,0
US,USD,CAD,mobile,292.69,292.69,5.76,1.351351,FALSE,standard,1018,0.934,0.087,0,0,Wednesday,2023,0
CA,CAD,EUR,mobile,182.16,134.8,3.29,0.685185,FALSE,standard,366,0.662,0.225,0,0,Wednesday,2023,0
US,USD,CAD,mobile,58.94,58.94,1.48,1.351351,TRUE,standard,1089,0.864,0.366,7,0,Wednesday,2023,0
US,USD,USD,mobile,93.08,93.08,3.27,1,FALSE,standard,263,0.522,0.223,0,0,Wednesday,2023,0
US,USD,USD,mobile,532.23,532.23,8.83,1,FALSE,standard,263,0.522,0.223,1,0,Wednesday,2023,0
UK,GBP,INR,web,79.23,99.04,2.12,104.166667,FALSE,standard,4,0.892,0.407,0,0,Wednesday,2023,0
US,USD,USD,mobile,124.56,124.56,3.44,1,FALSE,standard,147,0.551,0.391,0,0,Thursday,2023,0
US,USD,PHP,mobile,108.32,108.32,2.59,58.823529,FALSE,standard,298,0.336,0.166,0,0.1,Thursday,2023,0
US,USD,CAD,web,159.15,159.15,3.46,1.351351,TRUE,standard,298,0.336,0.166,1,0,Thursday,2023,0
UK,GBP,INR,ATM,98.32,122.9,1.96,104.166667,FALSE,standard,4,0.892,0.407,0,0,Thursday,2023,0
US,USD,USD,mobile,138,410.97,110.92,1,FALSE,unknown,34,0.68,0.068,0,0,Friday,2023,0
US,USD,GBP,mobile,51.41,51.41,1.56,0.8,FALSE,standard,34,0.427,0.068,0,0,Friday,2023,0
UK,GBP,GBP,mobile,166.17,207.71,3.67,1,FALSE,standard,718,0.953,0.169,0,0,Friday,2023,0
US,USD,USD,mobile,310.31,310.31,5.27,1,TRUE,standard,263,0.522,0.223,0,0,Friday,2023,0
US,USD,INR,ATM,64.76,64.76,2.11,83.333333,FALSE,enhanced,367,0.789,0.176,0,0,Friday,2023,0
UK,GBP,USD,mobile,219,273.75,4.12,1.25,TRUE,standard,4,0.892,0.407,0,0,Friday,2023,0
UK,GBP,NGN,web,66.37,82.96,2.17,1388.888889,TRUE,standard,4,0.892,0.407,0,0.22,Friday,2023,0
UK,GBP,PHP,mobile,329.18,411.48,6,73.529412,FALSE,standard,1027,0.873,0.074,0,0,Friday,2023,0
CA,CAD,CNY,web,552.3,408.7,9.93,5.285714,TRUE,standard,947,0.625,0.268,0,0,Friday,2023,0
UK,GBP,NGN,mobile,280.04,350.05,5.71,1388.888889,FALSE,standard,4,0.892,0.407,0,0.22,Friday,2023,0
US,USD,CNY,web,241.22,241.22,5.52,7.142857,TRUE,standard,263,0.522,0.223,1,0,Saturday,2023,0
US,USD,CAD,mobile,109.25,109.25,3.2,1.351351,FALSE,standard,263,0.522,0.223,0,0,Saturday,2023,0
US,USD,CAD,mobile,217.92,217.92,3.85,1.351351,TRUE,standard,1016,0.944,0.247,0,0,Saturday,2023,0
US,USD,PHP,mobile,70.97,70.97,2.13,58.823529,FALSE,standard,298,0.336,0.166,0,0.1,Saturday,2023,0
US,USD,NGN,web,403.86,403.86,7.37,1111.111111,FALSE,low,616,0.702,0.361,1,0.25,Saturday,2023,0
US,USD,CAD,mobile,50.87,50.87,1.44,1.351351,FALSE,enhanced,367,0.939,0.176,0,0,Saturday,2023,0
US,USD,EUR,mobile,136.58,136.58,3.67,0.925926,FALSE,standard,1058,0.923,0.139,0,0,Saturday,2023,0
US,USD,CNY,mobile,327.04,327.04,5.15,7.142857,FALSE,standard,263,0.522,0.223,0,0,Saturday,2023,0
CA,CAD,PHP,mobile,151.25,111.92,3.9,43.529412,FALSE,standard,1035,0.497,0.236,0,0,Saturday,2023,0
US,USD,EUR,mobile,140.98,140.98,3.21,0.925926,FALSE,standard,263,0.522,0.223,0,0,Saturday,2023,0
US,USD,GBP,mobile,74.48,74.48,1.67,0.8,TRUE,standard,147,0.551,0.391,0,0,Sunday,2023,0
US,USD,CNY,web,89.93,89.93,2.3,7.142857,TRUE,standard,147,0.551,0.391,0,0,Sunday,2023,0
UK,GBP,MXN,web,132.25,165.31,3.3,21.551724,FALSE,standard,718,0.953,0.169,0,0,Sunday,2023,0
US,USD,EUR,web,21.69,21.69,1.14,0.925926,FALSE,standard,298,0.336,0.166,0,0,Sunday,2023,0
US,USD,CAD,mobile,102.94,102.94,2.39,1.351351,TRUE,standard,1018,0.934,0.087,0,0,Sunday,2023,1
US,USD,INR,web,135.9,135.9,2.02,83.333333,TRUE,standard,298,0.336,0.166,0,0,Monday,2023,0
CA,CAD,MXN,mobile,212.14,156.98,4.84,12.758621,FALSE,standard,947,0.625,0.268,0,0,Monday,2023,0
US,USD,CAD,mobile,133.89,133.89,2.09,1.351351,FALSE,standard,1018,0.934,0.087,0,0,Friday,2023,0
CA,CAD,MXN,mobile,291.98,216.06,4.91,12.758621,FALSE,low,615,0.515,0.355,0,0,Monday,2023,0
US,USD,INR,web,84.58,84.58,1.65,83.333333,FALSE,standard,298,0.336,0.166,0,0,Monday,2023,0
CA,CAD,EUR,web,17.71,13.11,1.21,0.685185,FALSE,standard,172,0.881,0.199,0,0,Monday,2023,0
US,USD,GBP,mobile,265.14,265.14,4.8,0.8,FALSE,standard,1018,0.934,0.087,0,0,Monday,2023,0
US,USD,USD,mobile,151.43,151.43,3.78,1,TRUE,standard,263,0.522,0.223,0,0,Monday,2023,0
US,USD,CAD,mobile,177.36,177.36,3.31,1.351351,TRUE,standard,1016,0.944,0.247,0,0,Monday,2023,1
US,USD,GBP,mobile,643.7,643.7,10.57,0.8,FALSE,standard,1018,0.934,0.087,0,0,Monday,2023,0
US,USD,CAD,mobile,87.65,87.65,2.07,1.351351,FALSE,standard,147,0.551,0.391,0,0,Tuesday,2023,0
US,USD,INR,web,111.26,111.26,3.12,83.333333,TRUE,standard,1018,0.934,0.087,0,0,Tuesday,2023,0
US,USD,EUR,web,15.29,15.29,1.48,0.925926,FALSE,standard,298,0.336,0.166,0,0,Tuesday,2023,0
US,USD,USD,mobile,86.42,86.42,2.06,1,TRUE,standard,147,0.551,0.391,0,0,Tuesday,2023,0
US,USD,NGN,web,71.78,71.78,1.42,1111.111111,TRUE,standard,263,0.522,0.223,0,0.25,Tuesday,2023,0
US,USD,CNY,mobile,152.82,152.82,3.65,7.142857,FALSE,enhanced,257,0.744,0.257,0,0,Wednesday,2023,0
US,USD,INR,web,63.47,63.47,1.47,83.333333,FALSE,standard,298,0.336,0.166,0,0,Wednesday,2023,0
US,USD,INR,web,172.28,172.28,2.78,83.333333,FALSE,enhanced,367,0.939,0.176,0,0,Wednesday,2023,0
US,USD,NGN,web,234.5,234.5,5,1111.111111,FALSE,standard,147,0.551,0.391,0,0.25,Wednesday,2023,0
US,USD,CNY,mobile,60.42,60.42,1.81,7.142857,FALSE,standard,263,0.522,0.223,0,0,Wednesday,2023,0
US,USD,GBP,mobile,221.27,221.27,4.65,0.8,FALSE,standard,1016,0.944,0.247,0,0,Wednesday,2023,0
US,USD,EUR,mobile,52.01,52.01,1.28,0.925926,FALSE,enhanced,257,0.744,0.257,0,0,Thursday,2023,0
US,USD,USD,mobile,188.9,188.9,3.82,1,FALSE,standard,298,0.186,0.166,0,0,Thursday,2023,0
UK,GBP,CNY,mobile,31.79,39.74,1.03,8.928571,FALSE,standard,4,0.892,0.407,0,0,Thursday,2023,0
US,USD,CAD,web,74.88,74.88,1.9,1.351351,FALSE,standard,298,0.336,0.166,0,0,Thursday,2023,0
US,USD,CNY,web,173.87,173.87,4.03,7.142857,FALSE,enhanced,367,0.939,0.176,0,0,Thursday,2023,0
US,USD,EUR,mobile,53.49,53.49,2.31,0.925926,FALSE,standard,263,0.522,0.223,0,0,Thursday,2023,0
US,USD,INR,mobile,50.1,50.1,1.98,83.333333,FALSE,standard,1018,0.934,0.087,0,0,Thursday,2023,0
US,USD,EUR,web,274.92,274.92,5.03,0.925926,FALSE,standard,147,0.551,0.391,0,0,Thursday,2023,0
US,USD,PHP,web,17.64,17.64,0.9,58.823529,FALSE,standard,1011,0.824,0.123,0,0.1,Thursday,2023,0
UK,GBP,GBP,mobile,256.97,321.22,4.67,1,FALSE,low,704,0.515,0.283,0,0,Thursday,2023,0
US,USD,INR,mobile,117.43,117.43,2.72,83.333333,FALSE,standard,263,0.522,0.223,0,0,Thursday,2023,0
UK,GBP,PHP,mobile,383.88,479.86,7.56,73.529412,TRUE,standard,4,0.742,0.407,0,0,Saturday,2023,0
CA,CAD,NGN,mobile,173.34,410.97,110.92,822.222222,FALSE,unknown,564,0.68,0.4,0,0,Thursday,2023,0
US,USD,CAD,ATM,130.17,130.17,3.09,1.351351,TRUE,enhanced,367,0.939,0.176,0,0,Friday,2023,0
US,USD,EUR,mobile,55.02,55.02,2.14,0.925926,FALSE,standard,298,0.336,0.166,0,0,Saturday,2023,0
UK,GBP,PHP,mobile,187.88,234.85,3.19,73.529412,FALSE,standard,4,0.892,0.407,0,0,Saturday,2023,0
US,USD,NGN,mobile,321.04,321.04,5.45,1111.111111,TRUE,standard,1016,0.944,0.247,1,0.25,Saturday,2023,0
US,USD,CAD,web,447.19,447.19,7.25,1.351351,FALSE,standard,263,0.522,0.223,6,0,Saturday,2023,0
US,USD,EUR,mobile,401.32,401.32,6.1,0.925926,FALSE,enhanced,367,0.939,0.176,0,0,Saturday,2023,0
US,USD,GBP,web,-504.71,504.71,9999.99,0.8,FALSE,standard,263,-0.1,0.223,0,0,Saturday,2023,0
US,USD,USD,ATM,106.93,106.93,2.58,1,FALSE,standard,263,0.522,0.223,0,0,Saturday,2023,0
US,USD,NGN,mobile,270.38,270.38,4.64,1111.111111,FALSE,enhanced,367,0.939,0.176,0,0.25,Saturday,2023,0
US,USD,CNY,web,9993.43,9993.43,151.39,7.142857,FALSE,standard,1016,0.944,0.247,0,0,Saturday,2023,0
US,USD,PHP,mobile,36.81,36.81,1.71,58.823529,FALSE,standard,263,0.522,0.223,0,0.1,Sunday,2023,0
UK,GBP,CNY,mobile,511.04,638.8,8.05,8.928571,FALSE,standard,4,0.892,0.407,0,0,Sunday,2023,0
US,USD,MXN,ATM,114.01,114.01,2.46,17.241379,FALSE,standard,1018,0.934,0.087,1,0.2,Sunday,2023,0
UK,GBP,CAD,web,169,211.25,2.93,1.689189,FALSE,standard,4,0.892,0.407,0,0,Sunday,2023,0
UK,GBP,MXN,mobile,115.59,144.49,2.71,21.551724,FALSE,standard,4,0.892,0.407,0,0,Sunday,2023,0
US,USD,MXN,ATM,263.18,263.18,5.68,17.241379,FALSE,standard,298,0.186,0.166,0,0.2,Sunday,2023,0
UK,GBP,USD,mobile,39.37,49.21,0.85,1.25,FALSE,standard,4,0.892,0.407,0,0,Sunday,2023,0
US,USD,NGN,web,-144.1,144.1,9999.99,1111.111111,FALSE,standard,263,-0.1,0.223,0,0.25,Sunday,2023,0
US,USD,PHP,web,55.76,55.76,0.83,58.823529,FALSE,standard,34,0.427,0.068,0,0.1,Sunday,2023,0
US,USD,INR,mobile,55.21,55.21,2.12,83.333333,FALSE,enhanced,367,0.939,0.176,0,0,Monday,2023,0
UK,GBP,INR,web,9994.67,12493.34,150.68,104.166667,FALSE,standard,4,0.892,0.407,0,0,Monday,2023,1
US,USD,INR,mobile,9997.65,9997.65,151.19,83.333333,FALSE,enhanced,257,0.894,0.257,1,0,Monday,2023,0
CA,CAD,CNY,ATM,409.6,303.1,6.63,5.285714,FALSE,standard,172,0.881,0.199,0,0,Monday,2023,0
US,USD,GBP,web,176.93,176.93,2.95,0.8,FALSE,standard,298,0.336,0.166,0,0,Tuesday,2023,0
US,USD,NGN,ATM,169.25,169.25,4.57,1111.111111,FALSE,standard,263,0.522,0.223,0,0.25,Tuesday,2023,0
US,USD,GBP,ATM,50.54,50.54,2.6,0.8,FALSE,enhanced,367,0.939,0.176,0,0,Tuesday,2023,0
US,USD,CNY,ATM,142.62,142.62,2.38,7.142857,FALSE,standard,1018,0.784,0.087,0,0,Tuesday,2023,0
US,USD,GBP,mobile,1031.55,1031.55,16.22,0.8,FALSE,standard,263,0.522,0.223,0,0,Tuesday,2023,0
US,USD,GBP,web,95.3,95.3,1.82,0.8,FALSE,standard,298,0.336,0.166,0,0,Tuesday,2023,0
US,USD,EUR,mobile,172.01,172.01,3.14,0.925926,FALSE,enhanced,661,0.92,0.259,0,0,Tuesday,2023,0
US,USD,EUR,mobile,862.93,862.93,13.42,0.925926,TRUE,enhanced,257,0.744,0.257,1,0,Tuesday,2023,0
unknown,USD,INR,mobille,118.77,118.77,2.69,83.333333,FALSE,standard,1018,0.934,0.087,0,0,Wednesday,2023,0
US,USD,CAD,mobile,241.69,241.69,3.49,1.351351,FALSE,enhanced,257,0.744,0.257,0,0,Wednesday,2023,0
UK,GBP,CNY,mobile,514.5,643.12,8.72,8.928571,FALSE,standard,4,0.892,0.407,0,0,Wednesday,2023,0
US,USD,CAD,mobile,281.6,281.6,5.35,1.351351,FALSE,standard,1018,0.784,0.087,0,0,Wednesday,2023,0
UK,GBP,EUR,web,9990.05,12487.56,149.96,1.157407,TRUE,standard,718,0.953,0.169,0,0.05,Wednesday,2023,0
US,USD,PHP,web,223.65,223.65,4.09,58.823529,FALSE,enhanced,367,0.939,0.176,0,0.1,Thursday,2023,0
UK,GBP,CAD,mobile,112.87,141.08,3.79,1.689189,FALSE,standard,4,0.892,0.407,0,0,Thursday,2023,0
UK,GBP,INR,mobile,267.3,334.12,4.73,104.166667,FALSE,standard,4,0.892,0.407,0,0,Thursday,2023,0
US,USD,CAD,ATM,221.85,221.85,4.69,1.351351,FALSE,standard,298,0.336,0.166,0,0,Thursday,2023,0
CA,CAD,CAD,web,41.22,30.5,1.72,1,FALSE,standard,947,0.625,0.268,0,0,Thursday,2023,0
UK,GBP,INR,mobile,314.45,393.07,6.12,104.166667,FALSE,standard,4,0.892,0.407,0,0,Thursday,2023,0
US,USD,NGN,ATM,63.17,63.17,2.17,1111.111111,FALSE,standard,263,0.522,0.223,0,0.25,Thursday,2023,0
CA,CAD,PHP,web,151,111.74,3.4,43.529412,FALSE,standard,172,0.881,0.199,0,0,Thursday,2023,0
US,USD,GBP,web,165.07,165.07,3.45,0.8,FALSE,standard,298,0.336,0.166,0,0,Thursday,2023,0
UK,GBP,GBP,ATM,206.26,257.82,3.64,1,FALSE,standard,4,0.892,0.407,0,0,Friday,2023,0
US,USD,EUR,web,28.02,28.02,1.93,0.925926,TRUE,standard,263,0.522,0.223,0,0,Friday,2023,0
CA,CAD,NGN,web,48.99,36.25,1.16,822.222222,FALSE,low,824,0.607,0.282,0,0,Friday,2023,0
US,USD,EUR,mobile,96.49,96.49,2.66,0.925926,TRUE,standard,1018,0.934,0.087,0,0,Friday,2023,0
US,USD,EUR,web,368.28,368.28,6.74,0.925926,FALSE,enhanced,257,0.894,0.257,0,0,Friday,2023,0
UK,GBP,CAD,mobile,103.05,128.82,3.17,1.689189,FALSE,standard,4,0.892,0.407,0,0,Friday,2023,0
US,USD,EUR,ATM,240.82,240.82,4.19,0.925926,FALSE,standard,1016,0.944,0.247,0,0,Friday,2023,0
US,USD,CNY,web,241.51,241.51,3.56,7.142857,FALSE,standard,263,0.522,0.223,0,0,Friday,2023,0
CA,CAD,CNY,mobile,387.22,286.54,6.42,5.285714,FALSE,low,615,0.515,0.355,0,0,Friday,2023,0
US,USD,MXN,mobile,116.11,116.11,2.07,17.241379,FALSE,standard,147,0.551,0.391,0,0.2,Saturday,2023,0
US,USD,INR,web,102.24,102.24,2.16,83.333333,FALSE,standard,298,0.336,0.166,0,0,Saturday,2023,0
US,USD,USD,web,76.68,410.97,110.92,1,FALSE,unknown,1018,0.68,0.087,0,0,Saturday,2023,0
CA,CAD,INR,mobile,83.24,61.6,2.54,61.666667,FALSE,low,824,0.607,0.282,0,0.12,Saturday,2023,0
US,USD,INR,web,157.72,157.72,3.04,83.333333,TRUE,standard,263,0.372,0.223,0,0,Saturday,2023,0
US,USD,CNY,ATM,246.91,246.91,4.73,7.142857,FALSE,standard,147,0.551,0.391,0,0,Saturday,2023,0
US,USD,PHP,web,127.57,127.57,3.34,58.823529,FALSE,standard,1018,0.934,0.087,0,0.1,Saturday,2023,0
US,USD,PHP,mobile,147.86,147.86,3.05,58.823529,TRUE,standard,263,0.522,0.223,0,0.1,Saturday,2023,0
US,USD,PHP,web,23.92,23.92,0.5,58.823529,FALSE,standard,263,0.522,0.223,0,0.1,Saturday,2023,0
US,USD,CNY,web,33.86,33.86,1.81,7.142857,FALSE,standard,263,0.522,0.223,0,0,Saturday,2023,0
UK,GBP,MXN,web,129.32,161.65,4.37,21.551724,FALSE,standard,4,0.892,0.407,0,0,Saturday,2023,0
US,USD,USD,web,107.44,107.44,2.25,1,FALSE,enhanced,257,0.894,0.257,0,0,Saturday,2023,0
US,USD,INR,mobile,127.42,127.42,2.9,83.333333,FALSE,standard,263,0.522,0.223,0,0,Saturday,2023,0
US,USD,USD,mobile,90.31,90.31,2.27,1,FALSE,standard,263,0.372,0.223,0,0,Saturday,2023,0
US,USD,INR,web,400.73,400.73,7.44,83.333333,FALSE,enhanced,367,0.939,0.176,0,0,Saturday,2023,0
US,USD,MXN, web  ,124.56,124.56,2.62,17.241379,TRUE,standard,298,0.336,0.166,0,0.2,Saturday,2023,0
US,USD,PHP,mobile,71.38,71.38,1.67,58.823529,FALSE,standard,147,0.551,0.391,0,0.1,Saturday,2023,0
US,USD,USD,web,68.43,68.43,1.66,1,FALSE,standard,1018,0.934,0.087,0,0,Saturday,2023,0
CA,CAD,PHP,web,108.67,80.42,1.81,43.529412,FALSE,low,824,0.607,0.282,0,0,Sunday,2023,0
US,USD,INR,mobile,233.98,233.98,4.67,83.333333,FALSE,standard,1016,0.944,0.247,0,0,Sunday,2023,0
US,USD,NGN,mobile,141.38,141.38,2.39,1111.111111,FALSE,standard,147,0.551,0.391,0,0.25,Sunday,2023,0
US,USD,NGN,mobile,139.05,139.05,3.85,1111.111111,FALSE,standard,1018,0.934,0.087,0,0.25,Sunday,2023,0
UK,GBP,GBP,ATM,161.8,202.25,3.23,1,FALSE,standard,718,0.953,0.169,0,0,Sunday,2023,0
US,USD,EUR,mobile,80.75,80.75,1.72,0.925926,FALSE,standard,147,0.551,0.391,0,0,Sunday,2023,0
US,USD,CAD,web,239.56,239.56,4.17,1.351351,FALSE,standard,298,0.336,0.166,0,0,Sunday,2023,0
US,USD,PHP,web,-80.95,80.95,9999.99,58.823529,TRUE,standard,298,-0.1,0.166,0,0.1,Sunday,2023,0
US,USD,EUR,ATM,263.61,263.61,3.66,0.925926,FALSE,standard,263,0.522,0.223,0,0,Monday,2023,0
US,USD,CAD,ATM,107.63,107.63,2.61,1.351351,FALSE,standard,147,0.551,0.391,0,0,Monday,2023,0
US,USD,CAD,weeb,760.89,760.89,12.31,1.351351,FALSE,standard,34,0.427,0.068,0,0,Monday,2023,0
US,USD,NGN,mobile,115.25,115.25,3.49,1111.111111,FALSE,standard,1018,0.934,0.087,0,0.25,Monday,2023,0
UK,GBP,USD,ATM,20.79,25.99,0.87,1.25,FALSE,standard,4,0.892,0.407,0,0,Monday,2023,0
US,USD,CAD,mobile,121.05,121.05,2.55,1.351351,FALSE,standard,263,0.522,0.223,0,0,Monday,2023,0
US,USD,INR,mobile,187.78,187.78,4.68,83.333333,FALSE,standard,263,0.522,0.223,0,0,Monday,2023,0
US,USD,CAD,mobile,248.11,248.11,4.17,1.351351,FALSE,standard,263,0.522,0.223,0,0,Monday,2023,0
UK,GBP,CNY,mobile,93.75,117.19,2.4,8.928571,FALSE,standard,4,0.892,0.407,0,0,Tuesday,2023,0
US,USD,GBP,web,165.8,165.8,3.62,0.8,FALSE,enhanced,367,0.939,0.176,0,0,-1,0,0
CA,CAD,NGN,mobile,103.23,76.39,1.8,822.222222,FALSE,standard,947,0.625,0.268,0,0,Tuesday,2023,0
US,USD,GBP,web,204.17,204.17,3.84,0.8,FALSE,standard,147,0.551,0.391,0,0,Tuesday,2023,0
UK,GBP,USD,web,122.77,153.46,2.35,1.25,FALSE,standard,4,0.892,0.407,0,0,Tuesday,2023,0
US,USD,PHP,mobile,115.08,115.08,2.39,58.823529,FALSE,standard,1018,0.934,0.087,0,0.1,Tuesday,2023,0
US,USD,USD,mobile,167.91,167.91,3.72,1,FALSE,standard,1018,0.934,0.087,0,0,Tuesday,2023,0
US,USD,NGN,mobile,198.21,198.21,4.67,1111.111111,FALSE,standard,263,0.522,0.223,0,0.25,Tuesday,2023,0
US,USD,MXN,mobile,127.77,127.77,2.92,17.241379,FALSE,standard,263,0.372,0.223,0,0.2,Tuesday,2023,0
UK,GBP,GBP,mobile,71.31,89.14,1.35,1,FALSE,standard,4,0.742,0.407,0,0,Tuesday,2023,0
UK,GBP,NGN,mobile,25.77,32.21,-1,1388.888889,TRUE,standard,4,-0.1,0.407,0,0.22,Tuesday,2023,0
US,USD,USD,mobile,250.85,250.85,5.06,1,FALSE,standard,298,0.336,0.166,0,0,Tuesday,2023,0
US,USD,INR,mobile,109.17,109.17,2.75,83.333333,TRUE,standard,830,0.799,0.102,0,0,Tuesday,2023,0
CA,CAD,MXN,ATM,9991.71,7393.86,151.17,12.758621,FALSE,low,824,0.607,0.282,0,0,Tuesday,2023,0
US,USD,CNY,mobille,92.38,92.38,2.24,7.142857,FALSE,standard,1016,0.944,0.247,1,0,Tuesday,2023,0
US,USD,PHP,web,216.72,216.72,4,58.823529,FALSE,enhanced,367,0.939,0.176,0,0.1,Tuesday,2023,0
US,USD,GBP,web,77.07,77.07,1.71,0.8,FALSE,standard,1018,0.934,0.087,0,0,Wednesday,2023,0
UK,GBP,INR,mobile,230.46,288.08,4.58,104.166667,TRUE,standard,4,0.892,0.407,0,0,Wednesday,2023,1
US,USD,GBP,web,256.73,256.73,5.32,0.8,FALSE,standard,298,0.186,0.166,0,0,Wednesday,2023,0
US,USD,CAD,mobile,1508.89,1508.89,23.44,1.351351,FALSE,standard,1018,0.934,0.087,0,0,Wednesday,2023,0
US,USD,USD,web,108.13,108.13,2.32,1,FALSE,enhanced,367,0.939,0.176,0,0,Wednesday,2023,0
US,USD,NGN,mobile,136.86,136.86,2.82,1111.111111,FALSE,standard,1018,0.934,0.087,0,0.25,Wednesday,2023,0
US,USD,GBP,mobile,90.11,90.11,2.42,0.8,FALSE,standard,147,0.551,0.391,0,0,-1,0,0
CA,CAD,MXN,mobile,188.65,139.6,4.18,12.758621,FALSE,low,615,0.515,0.355,0,0,Wednesday,2023,0
UK,GBP,CNY,mobile,75.84,94.81,2.73,8.928571,FALSE,standard,4,0.892,0.407,0,0,Wednesday,2023,0
US,USD,GBP,ATM,272.08,272.08,4.86,0.8,TRUE,standard,1016,0.794,0.247,0,0,Thursday,2023,0
CA,CAD,USD,mobile,260.12,192.49,5.46,0.74,FALSE,standard,947,0.625,0.268,0,0,Thursday,2023,0
US,USD,USD,mobile,121.21,121.21,2.76,1,FALSE,standard,298,0.336,0.166,0,0,Thursday,2023,0
US,USD,USD,mobile,104.77,104.77,2.5,1,FALSE,standard,263,0.522,0.223,0,0,Thursday,2023,0
US,USD,NGN,ATM,71.47,71.47,2.52,1111.111111,FALSE,standard,263,0.522,0.223,0,0.25,Thursday,2023,0
US,USD,PHP,ATM,774.51,774.51,13.27,58.823529,FALSE,standard,147,0.551,0.391,0,0.1,Thursday,2023,0
US,USD,CNY,web,49.14,49.14,1.32,7.142857,TRUE,standard,1011,0.824,0.123,0,0,Friday,2023,0
US,USD,PHP,mobile,682.74,682.74,11.41,58.823529,FALSE,enhanced,367,0.939,0.176,0,0.1,Friday,2023,0
US,USD,GBP,web,203.88,203.88,3.43,0.8,FALSE,enhanced,257,0.894,0.257,0,0,Friday,2023,0
UK,GBP,PHP,mobile,566.92,708.65,8.89,73.529412,FALSE,standard,4,0.892,0.407,0,0,Friday,2023,0
US,USD,GBP,web,217.7,217.7,4.48,0.8,FALSE,standard,298,0.336,0.166,0,0,Friday,2023,0
US,USD,CNY,mobile,422.8,422.8,7.95,7.142857,FALSE,standard,298,0.336,0.166,1,0,Friday,2023,0
US,USD,PHP,mobile,73.95,73.95,2.31,58.823529,FALSE,standard,263,0.522,0.223,3,0.1,Friday,2023,0
CA,CAD,CNY,web,105.24,77.88,3.21,5.285714,FALSE,standard,947,0.625,0.268,0,0,Friday,2023,0
UK,GBP,CNY,ATM,227.41,284.27,4.69,8.928571,FALSE,standard,4,0.892,0.407,0,0,Friday,2023,0
CA,CAD,USD,web,468.34,346.57,7.48,0.74,FALSE,low,615,0.515,0.355,3,0,Friday,2023,0
US,USD,NGN,ATM,262.67,262.67,5.38,1111.111111,TRUE,standard,1058,0.923,0.139,0,0.25,Friday,2023,0
CA,CAD,USD,mobile,84.29,62.37,2.27,0.74,FALSE,low,214,0.596,0.233,0,0,Saturday,2023,0
US,USD,EUR,web,330.3,330.3,5.63,0.925926,FALSE,standard,147,0.401,0.391,0,0,Saturday,2023,0
UK,GBP,EUR,ATM,133.84,167.31,3.16,1.157407,FALSE,standard,718,0.953,0.169,0,0.05,Saturday,2023,0
US,USD,GBP,mobile,74.64,74.64,1.35,0.8,FALSE,enhanced,257,0.894,0.257,0,0,Saturday,2023,0
US,USD,PHP,MOBILE,105.38,105.38,2,58.823529,FALSE,enhanced,257,0.894,0.257,0,0.1,Saturday,2023,0
US,USD,GBP,ATM,170.63,170.63,3.36,0.8,FALSE,enhanced,477,0.901,0.462,0,0,Saturday,2023,0
CA,CAD,CNY,web,184.75,136.71,4.02,5.285714,FALSE,standard,947,0.625,0.268,0,0,Saturday,2023,0
UK,GBP,MXN,mobile,53.68,67.1,1.49,21.551724,FALSE,standard,718,0.953,0.169,0,0,Saturday,2023,0
US,USD,PHP,mobile,300.57,410.97,110.92,58.823529,FALSE,unknown,367,0.68,0.176,0,0.1,Saturday,2023,0
US,USD,CAD,mobile,263.4,263.4,5.92,1.351351,FALSE,standard,263,0.522,0.223,0,0,Sunday,2023,0
US,USD,CNY,mobile,138.89,138.89,3.41,7.142857,FALSE,enhanced,367,0.939,0.176,0,0,Sunday,2023,0
US,USD,INR,web,59.5,59.5,1.66,83.333333,FALSE,standard,147,0.551,0.391,0,0,Sunday,2023,0
UK,GBP,MXN,mobile,291.77,364.71,4.61,21.551724,FALSE,standard,4,0.892,0.407,0,0,Sunday,2023,0
UK,GBP,NGN,web,510.36,637.95,8.88,1388.888889,FALSE,standard,718,0.953,0.169,0,0.22,Sunday,2023,0
US,USD,PHP,web,203.9,203.9,4.73,58.823529,FALSE,enhanced,367,0.939,0.176,0,0.1,Sunday,2023,0
CA,CAD,CAD,mobile,295.56,218.72,5.96,1,FALSE,standard,947,0.625,0.268,0,0,Sunday,2023,0
UK,GBP,CAD,web,422.45,528.06,8.18,1.689189,FALSE,standard,969,0.75,0.258,0,0,Sunday,2023,0
US,USD,EUR,mobile,452.27,452.27,7.74,0.925926,FALSE,enhanced,367,0.939,0.176,0,0,Sunday,2023,0
CA,CAD,NGN,mobile,292.62,410.97,110.92,822.222222,TRUE,unknown,947,0.68,0.268,0,0,Sunday,2023,0
US,USD,INR,mobile,349.37,349.37,6.79,83.333333,FALSE,standard,298,0.336,0.166,0,0,Monday,2023,0
US,USD,EUR,web,469.56,469.56,8.7,0.925926,FALSE,standard,263,0.522,0.223,0,0,Monday,2023,0
US,USD,INR,mobile,259.83,259.83,4.96,83.333333,FALSE,standard,263,0.522,0.223,0,0,Monday,2023,0
US,USD,CNY,mobile,73.66,73.66,2.51,7.142857,TRUE,standard,263,0.522,0.223,0,0,Monday,2023,0
US,USD,CAD,mobile,42.32,42.32,1.28,1.351351,FALSE,standard,132,0.349,0.3,0,0,Monday,2023,0
US,USD,NGN,mobile,62.75,62.75,1.41,1111.111111,FALSE,enhanced,367,0.939,0.176,0,0.25,Monday,2023,0
UK,GBP,INR,mobile,170.26,212.82,3.96,104.166667,FALSE,standard,4,0.892,0.407,0,0,Monday,2023,0
US,USD,INR,mobile,178.14,178.14,3.36,83.333333,TRUE,standard,263,0.522,0.223,0,0,Monday,2023,0
US,USD,NGN,mobile,330.25,330.25,6.43,1111.111111,TRUE,standard,298,0.336,0.166,0,0.25,Monday,2023,1
CA,CAD,PHP,ATM,525.71,389.03,9.35,43.529412,FALSE,standard,564,0.658,0.4,0,0,Monday,2023,0
US,USD,EUR,web,336.73,336.73,5.56,0.925926,FALSE,enhanced,367,0.939,0.176,0,0,Monday,2023,0
UK,GBP,EUR,mobile,48.31,60.38,2.25,1.157407,FALSE,standard,4,0.892,0.407,0,0.05,Monday,2023,0
CA,CAD,PHP,mobile,341.14,252.45,5.99,43.529412,FALSE,low,824,0.607,0.282,0,0,Monday,2023,0
US,USD,CAD,web,148.45,148.45,2.91,1.351351,TRUE,standard,147,0.551,0.391,2,0,Monday,2023,0
UK,GBP,USD,mobile,232.06,290.07,4.3,1.25,FALSE,standard,4,0.742,0.407,0,0,Tuesday,2023,0
US,USD,USD,web,56.07,56.07,2.2,1,FALSE,low,616,0.702,0.361,0,0,Tuesday,2023,0
US,USD,NGN,web,60.1,60.1,2.08,1111.111111,FALSE,enhanced,367,0.939,0.176,0,0.25,Tuesday,2023,0
US,USD,CAD,mobile,106.7,106.7,2.83,1.351351,FALSE,enhanced,367,0.939,0.176,0,0,Tuesday,2023,0
US,USD,GBP,web,280.84,280.84,6.39,0.8,FALSE,standard,263,0.522,0.223,0,0,Tuesday,2023,0
US,USD,EUR,mobile,790.51,790.51,12.71,0.925926,FALSE,standard,859,0.96,0.363,0,0,Tuesday,2023,0
CA,CAD,USD,mobille,239.18,176.99,4.88,0.74,TRUE,low,1066,0.522,0,0,0,Tuesday,2023,0
US,USD,MXN,web,49.25,49.25,1.74,17.241379,FALSE,enhanced,367,0.939,0.176,0,0.2,Tuesday,2023,0
US,USD,EUR,web,175.57,175.57,4.14,0.925926,FALSE,standard,298,0.336,0.166,0,0,Tuesday,2023,0
US,USD,INR,mobile,81.64,81.64,2.15,83.333333,FALSE,standard,1018,0.934,0.087,0,0,Tuesday,2023,0
US,USD,GBP,mobile,277.53,277.53,5.43,0.8,FALSE,enhanced,367,0.939,0.176,0,0,Tuesday,2023,0
US,USD,PHP,web,29.26,29.26,1.09,58.823529,FALSE,standard,147,0.551,0.391,0,0.1,Tuesday,2023,0
US,USD,USD,mobile,162.4,162.4,3.48,1,FALSE,standard,147,0.551,0.391,0,0,Wednesday,2023,0
 US  ,USD,CAD,mobille,144.37,144.37,3.23,1.351351,FALSE,enhanced,257,0.894,0.257,0,0,Wednesday,2023,0
US,USD,GBP,mobile,176.35,176.35,4.3,0.8,FALSE,enhanced,367,0.939,0.176,0,0,Wednesday,2023,0
US,USD,CNY,web,467.55,467.55,9.41,7.142857,FALSE,standard,263,0.522,0.223,0,0,Wednesday,2023,0
US,USD,CNY,mobile,528.43,528.43,9.33,7.142857,FALSE,standard,263,0.522,0.223,0,0,Wednesday,2023,0
US,USD,CAD,web,308.37,308.37,5.98,1.351351,FALSE,standard,935,0.719,0.262,0,0,Wednesday,2023,0
US,USD,NGN,web,890.15,890.15,14.23,1111.111111,FALSE,standard,263,0.522,0.223,0,0.25,Wednesday,2023,0
US,USD,USD,mobile,167.39,167.39,3.53,1,TRUE,enhanced,257,0.894,0.257,0,0,Wednesday,2023,0
UK,GBP,USD, web  ,310.57,388.21,5.63,1.25,TRUE,standard,4,0.892,0.407,0,0,Wednesday,2023,1
US,USD,GBP,mobile,127.37,127.37,2.35,0.8,FALSE,standard,147,0.551,0.391,0,0,Wednesday,2023,0
US,USD,USD,mobile,120.38,120.38,2.52,1,FALSE,standard,1018,0.934,0.087,0,0,Thursday,2023,0
US,USD,GBP,mobile,66.26,66.26,2.42,0.8,TRUE,standard,147,0.551,0.391,0,0,Thursday,2023,0
US,USD,EUR,web,425.93,425.93,7.92,0.925926,FALSE,low,415,0.568,0.304,2,0,Thursday,2023,0
UK,GBP,NGN,mobile,62.92,78.65,2.47,1388.888889,FALSE,standard,4,0.892,0.407,0,0.22,Thursday,2023,0
US,USD,EUR,mobile,568.12,568.12,9.52,0.925926,FALSE,standard,34,0.427,0.068,0,0,Thursday,2023,0
US,USD,PHP,mobile,111.36,111.36,1.91,58.823529,FALSE,enhanced,367,0.939,0.176,0,0.1,Thursday,2023,0
US,USD,USD,web,258.48,258.48,5.73,1,FALSE,standard,263,0.372,0.223,0,0,Thursday,2023,0
US,USD,CAD,mobile,652.98,652.98,10.57,1.351351,FALSE,enhanced,257,0.894,0.257,0,0,Thursday,2023,0
UK,GBP,PHP,mobile,76.45,95.56,1.99,73.529412,FALSE,standard,4,0.892,0.407,0,0,Thursday,2023,0
CA,CAD,CNY,mobile,17.76,13.14,0.5,5.285714,TRUE,low,824,0.607,0.282,0,0,Thursday,2023,0
US,USD,GBP,web,330.02,330.02,6.15,0.8,FALSE,standard,1016,0.944,0.247,1,0,Thursday,2023,0
UK,GBP,INR,web,210.21,262.76,4.17,104.166667,FALSE,standard,4,0.892,0.407,0,0,Thursday,2023,0
US,USD,CAD,ATM,100.43,100.43,1.68,1.351351,FALSE,enhanced,367,0.939,0.176,0,0,Friday,2023,0
US,USD,NGN,mobile,19.9,19.9,0.5,1111.111111,FALSE,enhanced,367,0.939,0.176,0,0.25,Friday,2023,0
UK,GBP,EUR,mobile,248.7,310.87,5.51,1.157407,FALSE,standard,4,0.892,0.407,0,0.05,Friday,2023,0
CA,CAD,PHP,mobile,974.67,721.26,14.66,43.529412,FALSE,standard,947,0.625,0.268,1,0,Friday,2023,0
US,USD,NGN,web,207.39,207.39,4.32,1111.111111,FALSE,enhanced,367,0.939,0.176,0,0.25,Friday,2023,0
UK,GBP,MXN,web,96.13,120.16,2.4,21.551724,FALSE,standard,718,0.953,0.169,0,0,Friday,2023,0
UK,GBP,CNY,ATM,49.5,61.87,2.19,8.928571,FALSE,standard,718,0.953,0.169,0,0,Friday,2023,0
US,USD,CNY,ATM,99.53,99.53,2.03,7.142857,FALSE,enhanced,257,0.894,0.257,0,0,Friday,2023,0
US,USD,CNY,mobile,124.46,124.46,2.42,7.142857,FALSE,standard,263,0.372,0.223,0,0,Friday,2023,0
UK,GBP,EUR,web,269.45,336.81,4.59,1.157407,TRUE,standard,718,0.953,0.169,0,0.05,Friday,2023,0
UK,GBP,MXN,web,239.15,298.93,3.91,21.551724,FALSE,standard,4,0.892,0.407,0,0,Friday,2023,0
US,USD,INR,ATM,73.05,73.05,1.13,83.333333,FALSE,enhanced,661,0.92,0.259,0,0,Saturday,2023,0
UK,GBP,CAD,mobile,211.12,263.9,3.66,1.689189,FALSE,standard,718,0.953,0.169,0,0,Saturday,2023,0
US,USD,GBP,mobile,327.08,327.08,5.59,0.8,FALSE,standard,263,0.522,0.223,0,0,Saturday,2023,0
US,USD,CAD, mobile  ,307.01,307.01,5.95,1.351351,FALSE,standard,263,0.522,0.223,0,0,Saturday,2023,0
US,USD,GBP,web,211.92,211.92,3.65,0.8,FALSE,enhanced,367,0.939,0.176,0,0,Saturday,2023,0
US,USD,CNY,web,330.79,330.79,5.98,7.142857,FALSE,standard,1016,0.944,0.247,0,0,Saturday,2023,0
US,USD,CNY,unknown,156.47,156.47,3.16,7.142857,FALSE,standard,298,0.336,0.166,0,0,Friday,2023,0
US,USD,GBP,mobile,73.69,73.69,1.69,0.8,FALSE,standard,263,0.522,0.223,0,0,Sunday,2023,0
CA,CAD,MXN,mobile,164.13,121.45,3.95,12.758621,FALSE,standard,172,0.881,0.199,0,0,Sunday,2023,0
US,USD,GBP,web,67.95,67.95,2.04,0.8,FALSE,standard,1016,0.944,0.247,0,0,Sunday,2023,0
US,USD,USD,web,368.53,368.53,6.49,1,FALSE,standard,298,0.186,0.166,0,0,Sunday,2023,0
US,USD,USD,mobile,31.16,31.16,1.37,1,FALSE,standard,147,0.401,0.391,0,0,Sunday,2023,0
US,USD,CNY,mobile,123.37,123.37,2.38,7.142857,FALSE,standard,263,0.522,0.223,0,0,Sunday,2023,0
CA,CAD,MXN,web,235.58,174.33,5.27,12.758621,FALSE,low,615,0.515,0.355,0,0,Sunday,2023,0
US,USD,CNY,mobile,146.74,146.74,3.37,7.142857,FALSE,enhanced,367,0.939,0.176,0,0,Tuesday,2023,0
US,USD,EUR,web,112.64,112.64,2.29,0.925926,FALSE,standard,859,0.81,0.363,0,0,Sunday,2023,0
CA,CAD,PHP,mobile,157.6,116.62,2.87,43.529412,FALSE,standard,853,0.83,0.29,0,0,Sunday,2023,0
CA,CAD,CNY,mobile,308.18,228.05,5.67,5.285714,FALSE,low,824,0.607,0.282,0,0,Sunday,2023,0
UK,GBP,EUR,mobile,418.16,522.7,-1,1.157407,FALSE,standard,4,-0.1,0.407,0,0.05,Monday,2023,0
US,USD,USD,web,110.85,110.85,2.54,1,FALSE,standard,1018,0.934,0.087,0,0,Monday,2023,0
UK,GBP,NGN,mobile,160.03,200.04,3.71,1388.888889,FALSE,standard,4,0.892,0.407,0,0.22,Monday,2023,0
US,USD,EUR,ATM,224.83,224.83,4.12,0.925926,FALSE,standard,263,0.372,0.223,0,0,Monday,2023,0
US,USD,CAD,mobile,95.17,95.17,2.02,1.351351,FALSE,standard,298,0.336,0.166,0,0,Monday,2023,0
US,USD,GBP,mobile,78.71,78.71,2.4,0.8,FALSE,standard,263,0.522,0.223,0,0,Monday,2023,0
UK,GBP,USD,web,92.04,115.05,2.53,1.25,FALSE,low,704,0.365,0.283,0,0,Monday,2023,0
US,USD,EUR,mobile,143.87,143.87,3.39,0.925926,FALSE,standard,263,0.522,0.223,0,0,Monday,2023,0
US,USD,NGN,web,330.08,330.08,6.77,1111.111111,FALSE,standard,1018,0.934,0.087,0,0.25,Tuesday,2023,0
CA,CAD,EUR,mobile,92.98,68.81,3.17,0.685185,FALSE,standard,947,0.625,0.268,0,0,Tuesday,2023,0
UK,GBP,CNY,unknown,142.75,178.43,3.58,8.928571,FALSE,unknown,4,0.892,0.407,0,0,Tuesday,2023,0
US,USD,NGN,mobile,126.32,126.32,2.78,1111.111111,FALSE,enhanced,367,0.939,0.176,0,0.25,Tuesday,2023,0
US,USD,MXN,web,154.4,154.4,3.4,17.241379,FALSE,enhanced,367,0.939,0.176,1,0.2,Tuesday,2023,0
UK,GBP,GBP,web,175.12,218.9,3.58,1,FALSE,standard,4,0.892,0.407,0,0,Tuesday,2023,0
US,USD,EUR,mobile,85.73,85.73,1.4,0.925926,FALSE,standard,147,0.551,0.391,0,0,Tuesday,2023,0
US,USD,GBP,mobile,9990.81,9990.81,151.28,0.8,FALSE,standard,263,0.522,0.223,0,0,Wednesday,2023,0
US,USD,USD,web,142.32,142.32,3.51,1,FALSE,enhanced,367,0.939,0.176,7,0,Wednesday,2023,0
US,USD,INR,web,139.25,139.25,3.36,83.333333,TRUE,standard,298,0.336,0.166,0,0,Wednesday,2023,0
US,USD,CNY,mobile,58.75,58.75,2.34,7.142857,FALSE,standard,263,0.522,0.223,0,0,Wednesday,2023,0
CA,CAD,NGN,mobile,110.14,81.51,2.05,822.222222,FALSE,standard,947,0.625,0.268,0,0,Wednesday,2023,0
UK,GBP,INR,web,183.9,229.88,3.07,104.166667,FALSE,standard,718,0.953,0.169,0,0,Wednesday,2023,0
UK,GBP,INR,web,184.55,230.69,4.4,104.166667,FALSE,standard,4,0.892,0.407,0,0,Wednesday,2023,0
US,USD,EUR,mobile,52.45,52.45,1.96,0.925926,FALSE,standard,1018,0.934,0.087,0,0,Wednesday,2023,0
US,USD,MXN,mobile,78.7,78.7,2.08,17.241379,FALSE,enhanced,367,0.939,0.176,0,0.2,Wednesday,2023,0
UK,GBP,INR,mobile,243.02,303.78,5.43,104.166667,FALSE,standard,4,0.892,0.407,0,0,Wednesday,2023,0
US,USD,MXN,unknown,135.44,135.44,2.96,17.241379,FALSE,standard,1018,0.934,0.087,0,0.2,Wednesday,2023,0
US,USD,PHP,ATM,-59.01,59.01,9999.99,58.823529,FALSE,standard,298,-0.1,0.166,0,0.1,Wednesday,2023,0
US,USD,NGN,mobile,128.11,128.11,2.03,1111.111111,FALSE,standard,298,0.336,0.166,0,0.25,Thursday,2023,0
US,USD,GBP,mobile,173.93,173.93,3.39,0.8,FALSE,standard,298,0.336,0.166,0,0,Thursday,2023,0
US,USD,PHP,web,62.33,62.33,1.48,58.823529,FALSE,standard,298,0.336,0.166,0,0.1,Thursday,2023,0
UK,GBP,USD,web,98.96,123.71,2.99,1.25,FALSE,standard,4,0.892,0.407,4,0,Thursday,2023,0
US,USD,NGN,mobile,41.61,41.61,0.84,1111.111111,FALSE,standard,263,0.522,0.223,0,0.25,Thursday,2023,0
US,USD,CNY,mobile,90.52,90.52,1.8,7.142857,FALSE,enhanced,367,0.939,0.176,0,0,Thursday,2023,0
US,USD,PHP,mobile,123.69,123.69,3.37,58.823529,FALSE,standard,263,0.522,0.223,3,0.1,Thursday,2023,1
US,USD,PHP,mobile,421.24,421.24,6.95,58.823529,FALSE,enhanced,257,0.894,0.257,0,0.1,Friday,2023,0
US,USD,PHP,mobile,345.37,345.37,6.84,58.823529,FALSE,standard,298,0.336,0.166,0,0.1,Friday,2023,0
US,USD,EUR,mobile,9995.06,9995.06,150.93,0.925926,TRUE,standard,147,0.551,0.391,0,0,Friday,2023,0
US,USD,CNY,ATM,218.89,218.89,3.95,7.142857,FALSE,standard,1018,0.934,0.087,1,0,Thursday,2023,0
US,USD,NGN,mobile,911.07,911.07,14.3,1111.111111,FALSE,standard,263,0.522,0.223,0,0.25,Friday,2023,0
US,USD,PHP,mobile,139.44,410.97,-1,58.823529,FALSE,unknown,1016,-0.1,0.247,0,0.1,Friday,2023,0
UK,GBP,USD,web,150.07,187.59,2.47,1.25,FALSE,standard,4,0.892,0.407,0,0,Friday,2023,0
US,USD,NGN,mobile,709.22,709.22,11.86,1111.111111,TRUE,standard,263,0.522,0.223,0,0.25,Friday,2023,0
US,USD,GBP,mobile,118.16,118.16,3.07,0.8,FALSE,enhanced,257,0.894,0.257,0,0,Friday,2023,0
US,USD,EUR,MOBILE,147.48,147.48,2.37,0.925926,FALSE,enhanced,367,0.939,0.176,0,0,Friday,2023,0
US,USD,PHP,web,42.04,42.04,1.55,58.823529,FALSE,enhanced,367,0.939,0.176,0,0.1,Saturday,2023,0
US,USD,CNY,ATM,161.67,161.67,3.64,7.142857,FALSE,standard,1018,0.934,0.087,0,0,Saturday,2023,0
UK,GBP,PHP,web,123.24,154.04,2.53,73.529412,FALSE,standard,4,0.892,0.407,0,0,Saturday,2023,0
US,USD,CNY,web,136.97,136.97,3.4,7.142857,TRUE,standard,263,0.522,0.223,0,0,Saturday,2023,0
US,USD,INR,mobile,42.3,42.3,1.5,83.333333,TRUE,standard,298,0.336,0.166,0,0,Saturday,2023,0
US,USD,CAD,mobile,43.11,43.11,1.69,1.351351,FALSE,standard,263,0.522,0.223,0,0,Saturday,2023,0
US,USD,EUR,web,160.06,160.06,3.58,0.925926,FALSE,standard,263,0.522,0.223,0,0,Saturday,2023,0
US,USD,USD, mobile  ,155.75,155.75,3.26,1,TRUE,unknown,257,0.894,0.257,0,0,Saturday,2023,0
UK,GBP,MXN,mobile,260.59,325.73,4.89,21.551724,FALSE,standard,718,0.953,0.169,0,0,Saturday,2023,0
US,USD,USD,ATM,433.21,433.21,7.19,1,TRUE,standard,1018,0.934,0.087,0,0,Sunday,2023,0
US,USD,GBP,web,154.04,154.04,3.31,0.8,FALSE,standard,263,0.522,0.223,0,0,Sunday,2023,0
US,USD,GBP,mobile,199.53,199.53,3.54,0.8,FALSE,standard,298,0.336,0.166,0,0,Sunday,2023,0
US,USD,NGN,mobile,95.78,95.78,3.36,1111.111111,FALSE,enhanced,257,0.744,0.257,0,0.25,Sunday,2023,0
US,USD,PHP,web,73.13,73.13,2.72,58.823529,FALSE,standard,263,0.522,0.223,0,0.1,Sunday,2023,0
US,USD,NGN,mobile,174.01,174.01,3.87,1111.111111,FALSE,standard,263,0.522,0.223,0,0.25,Sunday,2023,0
UK,GBP,GBP,mobile,78.72,98.4,2.48,1,FALSE,standard,4,0.892,0.407,0,0,Sunday,2023,0
US,USD,INR,mobile,503.16,503.16,8.39,83.333333,FALSE,standard,1018,0.934,0.087,0,0,Sunday,2023,0
US,USD,NGN,ATM,250.48,250.48,5.01,1111.111111,FALSE,standard,263,0.522,0.223,0,0.25,Sunday,2023,0
US,USD,INR,web,153.35,153.35,3.71,83.333333,FALSE,low,954,0.576,0.332,0,0,Monday,2023,0
US,USD,PHP,WEB,261.15,261.15,4.85,58.823529,TRUE,standard,263,0.522,0.223,0,0.1,Monday,2023,0
US,USD,USD,mobile,104.25,104.25,3.02,1,FALSE,enhanced,367,0.939,0.176,0,0,Monday,2023,0
US,USD,CAD,mobile,195.4,195.4,4.31,1.351351,FALSE,standard,298,0.336,0.166,0,0,Monday,2023,0
US,USD,INR,web,57.11,57.11,1.32,83.333333,FALSE,standard,1018,0.934,0.087,0,0,Monday,2023,0
US,USD,CNY,web,711.47,711.47,12.03,7.142857,FALSE,standard,1018,0.934,0.087,0,0,Tuesday,2023,0
US,USD,INR,mobile,107.67,107.67,2.77,83.333333,FALSE,standard,830,0.799,0.102,0,0,Tuesday,2023,0
US,USD,GBP,mobile,138.18,138.18,3.33,0.8,FALSE,enhanced,257,0.894,0.257,0,0,Tuesday,2023,0
US,USD,USD,mobile,101.71,101.71,2.77,1,FALSE,standard,298,0.336,0.166,0,0,Tuesday,2023,0
US,USD,CAD,mobile,85.09,85.09,2.53,1.351351,FALSE,standard,298,0.336,0.166,0,0,Tuesday,2023,0
US,USD,USD,mobile,153.54,153.54,3.37,1,TRUE,enhanced,257,0.894,0.257,0,0,Tuesday,2023,0
US,USD,INR,mobile,53.01,53.01,2.08,83.333333,FALSE,standard,263,0.522,0.223,0,0,Wednesday,2023,0
US,USD,CAD,web,55.71,55.71,2.09,1.351351,FALSE,standard,298,0.336,0.166,0,0,Wednesday,2023,0
US,USD,USD,ATM,119.29,119.29,3.81,1,FALSE,standard,1016,0.944,0.247,0,0,Wednesday,2023,0
UK,GBP,NGN,web,51.98,64.97,2.21,1388.888889,FALSE,standard,4,0.892,0.407,0,0.22,Wednesday,2023,0
UK,GBP,GBP,web,60.44,75.55,2.49,1,FALSE,standard,4,0.892,0.407,0,0,Wednesday,2023,0
UK,GBP,GBP,mobile,86.03,107.54,1.6,1,FALSE,standard,4,0.892,0.407,0,0,Wednesday,2023,0
CA,CAD,NGN,web,56.8,42.03,1.94,822.222222,FALSE,standard,1041,0.717,0.245,0,0,Wednesday,2023,0
CA,CAD,GBP,mobile,129.78,96.04,2.97,0.592,FALSE,low,615,0.515,0.355,7,0,Friday,2023,0
US,USD,USD,mobile,232.57,232.57,4.41,1,TRUE,standard,263,0.372,0.223,0,0,Wednesday,2023,0
US,USD,EUR,mobile,285.03,285.03,5.04,0.925926,FALSE,standard,1016,0.944,0.247,0,0,Wednesday,2023,0
UK,GBP,CNY,mobile,69.02,86.28,1.97,8.928571,FALSE,standard,684,0.833,0.241,0,0,Wednesday,2023,0
US,USD,CAD,mobile,178.84,178.84,4.75,1.351351,FALSE,standard,1016,0.794,0.247,0,0,Wednesday,2023,0
UK,GBP,GBP,web,138.04,172.54,3.82,1,FALSE,standard,4,0.892,0.407,0,0,Wednesday,2023,0
CA,CAD,CNY,web,208.46,154.26,3.62,5.285714,FALSE,standard,564,0.658,0.4,0,0,Wednesday,2023,0
US,USD,NGN,mobile,124.89,124.89,2.75,1111.111111,FALSE,standard,147,0.551,0.391,0,0.25,Thursday,2023,0
US,USD,CNY,web,85.71,85.71,1.2,7.142857,FALSE,standard,263,0.522,0.223,0,0,Thursday,2023,0
CA,CAD,CAD,web,86.42,63.95,2.24,1,FALSE,standard,853,0.83,0.29,0,0,Thursday,2023,0
US,USD,PHP,mobile,166.09,166.09,4.54,58.823529,FALSE,standard,147,0.551,0.391,0,0.1,Thursday,2023,0
US,USD,MXN,mobile,325.12,325.12,6.18,17.241379,FALSE,standard,1018,0.934,0.087,0,0.2,Thursday,2023,0
US,USD,GBP,web,24.34,24.34,1.71,0.8,FALSE,standard,298,0.336,0.166,0,0,Thursday,2023,0
US,USD,MXN,web,670.57,670.57,10.74,17.241379,FALSE,standard,1016,0.944,0.247,0,0.2,Thursday,2023,0
US,USD,PHP,web,204.34,204.34,-1,58.823529,FALSE,standard,298,-0.1,0.166,0,0.1,Thursday,2023,0
US,USD,CNY,web,108.86,108.86,2.55,7.142857,FALSE,enhanced,367,0.789,0.176,0,0,Thursday,2023,0
US,USD,EUR,mobile,147.98,147.98,4.17,0.925926,FALSE,enhanced,367,0.939,0.176,0,0,Thursday,2023,0
US,USD,CAD,web,248.33,248.33,5.26,1.351351,FALSE,standard,1016,0.944,0.247,0,0,Friday,2023,0
US,USD,CNY,mobile,173.19,173.19,3.51,7.142857,FALSE,enhanced,257,0.894,0.257,0,0,Friday,2023,0
UK,GBP,NGN,mobile,109.86,137.33,2.78,1388.888889,FALSE,standard,718,0.953,0.169,0,0.22,Friday,2023,0
CA,CAD,NGN,mobile,719.72,532.59,11.83,822.222222,FALSE,low,615,0.515,0.355,0,0,Friday,2023,0
 US  ,USD,CAD, mobile  ,95.35,95.35,2.08,1.351351,FALSE,standard,859,0.96,0.363,0,0,Friday,2023,0
UK,GBP,GBP,mobile,136.71,170.89,3.91,1,FALSE,standard,4,0.892,0.407,0,0,Friday,2023,0
US,USD,INR,mobile,599.6,599.6,9.44,83.333333,FALSE,enhanced,367,0.939,0.176,1,0,Friday,2023,0
CA,CAD,GBP,mobile,504.77,373.53,9.55,0.592,FALSE,low,824,0.607,0.282,0,0,Friday,2023,0
CA,CAD,CNY,web,133.91,99.09,3.48,5.285714,FALSE,standard,172,0.731,0.199,0,0,Friday,2023,0
US,USD,CNY,mobile,32.81,32.81,1.55,7.142857,TRUE,standard,147,0.551,0.391,1,0,Friday,2023,0
CA,CAD,GBP,web,9993.35,7395.08,151.61,0.592,FALSE,standard,947,0.625,0.268,0,0,Friday,2023,0
US,USD,NGN,web,103.13,103.13,2.7,1111.111111,FALSE,standard,298,0.336,0.166,0,0.25,Friday,2023,0
US,USD,CNY,ATM,281.84,281.84,5.04,7.142857,TRUE,standard,830,0.799,0.102,0,0,Friday,2023,0
US,USD,PHP,mobile,1126.73,1126.73,17.46,58.823529,FALSE,standard,830,0.799,0.102,0,0.1,Friday,2023,0
CA,CAD,CAD,ATM,59.92,44.34,2,1,FALSE,standard,172,0.881,0.199,0,0,Friday,2023,0
US,USD,PHP,mobile,96.44,96.44,2.66,58.823529,FALSE,enhanced,257,0.894,0.257,0,0.1,Friday,2023,0
UK,GBP,MXN,web,207.08,258.85,4.41,21.551724,FALSE,standard,4,0.742,0.407,0,0,Saturday,2023,0
UK,GBP,PHP,web,264.23,330.28,4.53,73.529412,FALSE,standard,4,0.892,0.407,0,0,Saturday,2023,0
US,USD,EUR,mobile,87.75,87.75,2.14,0.925926,FALSE,standard,298,0.336,0.166,0,0,Saturday,2023,0
CA,CAD,PHP,mobile,169.22,125.22,3.63,43.529412,FALSE,standard,725,0.824,0.212,0,0,Saturday,2023,0
US,USD,NGN,mobile,68.69,68.69,1.32,1111.111111,FALSE,standard,263,0.522,0.223,0,0.25,Saturday,2023,0
US,USD,EUR,mobile,159.77,159.77,3.06,0.925926,FALSE,standard,1018,0.934,0.087,0,0,Saturday,2023,1
US,USD,CAD,web,126.95,126.95,3.97,1.351351,FALSE,enhanced,367,0.939,0.176,0,0,Sunday,2023,0
US,USD,CAD,web,127.01,127.01,3.39,1.351351,FALSE,standard,1018,0.934,0.087,0,0,Sunday,2023,0
UK,GBP,NGN,web,174.67,218.34,4.28,1388.888889,FALSE,standard,259,0.691,0.187,0,0.22,Sunday,2023,0
US,USD,USD,mobile,309.56,309.56,6.08,1,FALSE,standard,263,0.522,0.223,0,0,Sunday,2023,0
US,USD,CNY,mobile,81,81,2,7.142857,FALSE,enhanced,367,0.939,0.176,0,0,Sunday,2023,0
US,USD,INR,mobile,190.4,190.4,4.74,83.333333,FALSE,standard,147,0.551,0.391,0,0,Sunday,2023,0
US,USD,CNY,mobile,109.65,109.65,2.43,7.142857,FALSE,standard,34,0.427,0.068,0,0,Sunday,2023,0
US,USD,INR,ATM,81.98,81.98,3.14,83.333333,FALSE,standard,1016,0.944,0.247,0,0,Monday,2023,0
US,USD,GBP,mobile,195.77,410.97,110.92,0.8,FALSE,unknown,1016,0.68,0.247,0,0,Monday,2023,0
US,USD,NGN,mobile,167.29,167.29,2.93,1111.111111,FALSE,standard,147,0.551,0.391,0,0.25,Monday,2023,0
UK,GBP,PHP,mobile,388.1,485.13,6.67,73.529412,FALSE,standard,4,0.892,0.407,0,0,Monday,2023,0
UK,GBP,GBP,web,549.71,687.14,9.73,1,FALSE,standard,4,0.892,0.407,0,0,Monday,2023,0
US,USD,NGN,mobile,180.74,180.74,3.42,1111.111111,FALSE,standard,263,0.522,0.223,0,0.25,Monday,2023,0
 US  ,USD,GBP, web  ,286.49,286.49,4.46,0.8,FALSE,standard,298,0.336,0.166,0,0,Monday,2023,0
US,USD,PHP,mobile,158.42,158.42,3.57,58.823529,FALSE,enhanced,367,0.939,0.176,1,0.1,Tuesday,2023,0
US,USD,NGN,mobile,207.43,207.43,3.94,1111.111111,TRUE,enhanced,257,0.894,0.257,1,0.25,Tuesday,2023,0
CA,CAD,EUR,mobile,94.29,69.77,1.87,0.685185,FALSE,low,615,0.515,0.355,0,0,Tuesday,2023,0
US,USD,CAD,mobile,97.19,97.19,2.07,1.351351,FALSE,enhanced,367,0.939,0.176,0,0,Tuesday,2023,0
US,USD,CNY,mobile,85.34,85.34,1.99,7.142857,FALSE,standard,1018,0.934,0.087,0,0,Tuesday,2023,0
CA,CAD,USD,web,100.14,74.1,2.81,0.74,FALSE,low,824,0.607,0.282,0,0,Tuesday,2023,0
US,USD,CAD,web,92.53,92.53,2.31,1.351351,FALSE,standard,298,0.336,0.166,0,0,Tuesday,2023,0
UK,GBP,INR,mobile,66.55,83.19,1.56,104.166667,TRUE,standard,4,0.892,0.407,0,0,Tuesday,2023,0
US,USD,CAD,web,368.38,368.38,6.43,1.351351,FALSE,enhanced,367,0.939,0.176,0,0,Tuesday,2023,0
UK,GBP,PHP,web,41.1,51.37,2.13,73.529412,FALSE,standard,4,0.892,0.407,0,0,-1,0,1
CA,CAD,GBP,mobile,51.07,37.79,2.01,0.592,FALSE,low,615,0.515,0.355,0,0,Tuesday,2023,0
US,USD,NGN,mobile,419.5,419.5,6.62,1111.111111,FALSE,low,616,0.702,0.361,0,0.25,Wednesday,2023,0
US,USD,PHP,web,344.77,344.77,5.06,58.823529,FALSE,standard,34,0.427,0.068,0,0.1,Wednesday,2023,0
UK,GBP,CNY,web,810.37,1012.96,12.94,8.928571,FALSE,standard,4,0.892,0.407,0,0,Wednesday,2023,0
US,USD,GBP,mobile,54.98,54.98,2.43,0.8,TRUE,enhanced,367,0.939,0.176,0,0,Wednesday,2023,0
US,USD,CNY,web,47.66,47.66,2.33,7.142857,FALSE,enhanced,367,0.939,0.176,0,0,Wednesday,2023,0
UK,GBP,NGN,mobile,482.6,603.25,8.72,1388.888889,TRUE,standard,4,0.892,0.407,0,0.22,Wednesday,2023,0
US,USD,GBP,mobile,109.37,109.37,2.32,0.8,FALSE,enhanced,367,0.939,0.176,0,0,Wednesday,2023,0
US,USD,GBP,mobile,178.45,178.45,4.03,0.8,FALSE,standard,830,0.799,0.102,0,0,Wednesday,2023,0
US,USD,USD,mobile,-120.7,120.7,9999.99,1,FALSE,low,616,-0.1,0.361,0,0,Thursday,2023,0
US,USD,CAD,web,111.1,111.1,2.33,1.351351,FALSE,standard,298,0.186,0.166,0,0,Thursday,2023,0
US,USD,CAD,web,169.87,169.87,3.5,1.351351,FALSE,enhanced,367,0.939,0.176,0,0,Thursday,2023,0
US,USD,EUR,mobile,186.82,186.82,3.64,0.925926,FALSE,standard,263,0.522,0.223,0,0,Thursday,2023,0
US,USD,USD,mobile,249.53,249.53,5.35,1,FALSE,standard,298,0.336,0.166,0,0,Thursday,2023,0
US,USD,CNY,web,125.9,125.9,3.97,7.142857,FALSE,low,616,0.702,0.361,0,0,Thursday,2023,0
US,USD,MXN,web,260.34,260.34,4.82,17.241379,FALSE,enhanced,257,0.894,0.257,0,0.2,Thursday,2023,1
UK,GBP,EUR,mobile,194.64,243.3,4.16,1.157407,FALSE,standard,4,0.892,0.407,0,0.05,Thursday,2023,0
UK,GBP,CNY,mobile,332.81,416.02,5.98,8.928571,FALSE,standard,4,0.742,0.407,0,0,Friday,2023,0
UK,GBP,GBP,ATM,144.94,181.18,3.09,1,FALSE,standard,718,0.953,0.169,1,0,Friday,2023,0
US,USD,NGN,mobile,530.44,530.44,8.09,1111.111111,FALSE,standard,263,0.522,0.223,1,0.25,Friday,2023,0
US,USD,NGN,mobile,46.82,46.82,1.74,1111.111111,FALSE,enhanced,367,0.939,0.176,0,0.25,Friday,2023,0
US,USD,CNY,mobile,89.88,89.88,2.21,7.142857,FALSE,standard,147,0.551,0.391,0,0,Friday,2023,0
US,USD,PHP,mobile,300.35,300.35,5.05,58.823529,FALSE,enhanced,367,0.939,0.176,0,0.1,Friday,2023,0
US,USD,EUR,web,874.01,874.01,13.64,0.925926,FALSE,standard,147,0.551,0.391,0,0,Saturday,2023,0
US,USD,GBP,mobile,109.6,109.6,2.81,0.8,TRUE,enhanced,257,0.894,0.257,0,0,Saturday,2023,0
US,USD,CNY,mobile,258.25,258.25,5.23,7.142857,FALSE,standard,532,0.842,0.15,0,0,Saturday,2023,0
US,USD,PHP,mobile,250.86,250.86,3.46,58.823529,FALSE,standard,1016,0.944,0.247,0,0.1,Saturday,2023,0
US,USD,EUR,web,394.26,394.26,6.84,0.925926,FALSE,enhanced,367,0.939,0.176,0,0,Saturday,2023,0
US,USD,PHP,web,123.98,123.98,2.72,58.823529,FALSE,standard,1066,0.775,0.254,0,0.1,Saturday,2023,0
US,USD,NGN,mobile,210.22,210.22,4.02,1111.111111,FALSE,standard,263,0.522,0.223,0,0.25,Saturday,2023,0
CA,CAD,INR,web,26.61,19.69,1.64,61.666667,FALSE,standard,947,0.625,0.268,0,0.12,Saturday,2023,0
US,USD,INR,mobile,427.04,427.04,7.84,83.333333,FALSE,standard,638,0.839,0.244,0,0,Saturday,2023,0
CA,CAD,GBP,mobile,91.53,67.73,2.23,0.592,TRUE,standard,947,0.625,0.268,0,0,Saturday,2023,0
US,USD,GBP,ATM,52.86,52.86,2.13,0.8,FALSE,standard,263,0.522,0.223,0,0,Saturday,2023,0
UK,GBP,USD,mobile,765.43,956.78,13.66,1.25,FALSE,standard,4,0.892,0.407,0,0,Saturday,2023,0
US,USD,INR,ATM,9993.03,9993.03,150.46,83.333333,FALSE,standard,1018,0.934,0.087,0,0,Saturday,2023,0
US,USD,MXN,web,63.4,63.4,2.59,17.241379,FALSE,low,616,0.702,0.361,0,0.2,Sunday,2023,0
US,USD,EUR,ATM,9990.8,9990.8,151.01,0.925926,FALSE,standard,298,0.336,0.166,0,0,Sunday,2023,0
US,USD,CNY,mobile,293.69,293.69,4.52,7.142857,FALSE,standard,1016,0.944,0.247,0,0,Sunday,2023,0
US,USD,INR,mobile,748.41,748.41,11.82,83.333333,TRUE,standard,1018,0.934,0.087,0,0,Sunday,2023,0
US,USD,USD,mobile,172.69,172.69,3.33,1,FALSE,standard,859,0.96,0.363,0,0,Sunday,2023,0
US,USD,CNY,mobile,128.19,410.97,110.92,7.142857,TRUE,unknown,1016,0.68,0.247,0,0,Sunday,2023,0
US,USD,GBP,mobile,353.96,353.96,5.91,0.8,FALSE,enhanced,367,0.939,0.176,0,0,Sunday,2023,0
UK,GBP,CAD,mobile,109.78,137.22,2.85,1.689189,FALSE,standard,4,0.892,0.407,0,0,Sunday,2023,0
US,USD,GBP,web,180.5,180.5,2.58,0.8,FALSE,standard,298,0.336,0.166,0,0,Monday,2023,0
UK,GBP,PHP,web,115.25,144.06,2.78,73.529412,FALSE,standard,4,0.892,0.407,0,0,Monday,2023,0
US,USD,NGN,web,116.83,116.83,2.51,1111.111111,FALSE,enhanced,367,0.939,0.176,0,0.25,Monday,2023,0
UK,GBP,CNY,ATM,217.36,271.7,4.4,8.928571,FALSE,standard,4,0.892,0.407,0,0,Monday,2023,0
US,USD,PHP,mobile,260.22,260.22,5.19,58.823529,FALSE,enhanced,367,0.939,0.176,0,0.1,Monday,2023,0
US,USD,GBP,web,214.71,214.71,4.4,0.8,FALSE,standard,263,0.522,0.223,0,0,Monday,2023,0
US,USD,CNY,mobile,89.16,89.16,2.74,7.142857,FALSE,standard,263,0.522,0.223,0,0,Monday,2023,0
US,USD,EUR,mobile,91.43,91.43,1.85,0.925926,FALSE,enhanced,257,0.894,0.257,0,0,Monday,2023,0
US,USD,EUR,web,210.49,210.49,4.26,0.925926,FALSE,standard,830,0.799,0.102,0,0,Monday,2023,0
US,USD,PHP,web,80.03,80.03,2.61,58.823529,FALSE,standard,263,0.522,0.223,0,0.1,Monday,2023,0
UK,GBP,NGN,mobile,32.16,40.2,1.27,1388.888889,FALSE,standard,4,0.892,0.407,0,0.22,Wednesday,2023,0
US,USD,USD,ATM,111.29,111.29,2.65,1,FALSE,enhanced,367,0.939,0.176,0,0,Tuesday,2023,0
US,USD,PHP,mobile,111.9,111.9,2.77,58.823529,FALSE,standard,263,0.522,0.223,6,0.1,Tuesday,2023,0
US,USD,INR,mobile,43.63,43.63,1.55,83.333333,TRUE,standard,263,0.522,0.223,0,0,Tuesday,2023,0
US,USD,INR,mobile,218.73,218.73,4.32,83.333333,FALSE,standard,263,0.522,0.223,0,0,Tuesday,2023,0
US,USD,PHP,mobile,93.5,93.5,2.37,58.823529,FALSE,standard,263,0.522,0.223,0,0.1,Tuesday,2023,0
US,USD,INR,ATM,221.93,221.93,4.05,83.333333,FALSE,standard,298,0.336,0.166,0,0,Tuesday,2023,0
US,USD,MXN,web,129.9,129.9,2.61,17.241379,FALSE,standard,1018,0.784,0.087,0,0.2,Tuesday,2023,0
UK,GBP,CAD,web,362.72,453.4,6.41,1.689189,FALSE,standard,718,0.953,0.169,0,0,Wednesday,2023,0
US,USD,PHP,web,31.88,31.88,2.06,58.823529,FALSE,enhanced,257,0.894,0.257,0,0.1,Wednesday,2023,0
US,USD,CAD,mobile,117.64,117.64,2.86,1.351351,FALSE,standard,648,0.62,0.24,0,0,Wednesday,2023,0
US,USD,CAD,mobile,1507.42,1507.42,23.39,1.351351,FALSE,standard,298,0.336,0.166,0,0,Wednesday,2023,0
US,USD,CNY,ATM,308.87,308.87,5.37,7.142857,TRUE,standard,298,0.336,0.166,0,0,Wednesday,2023,0
US,USD,GBP,mobile,179.01,179.01,3.42,0.8,FALSE,standard,263,0.372,0.223,0,0,Wednesday,2023,0
CA,CAD,CAD,ATM,77.55,57.39,2.23,1,FALSE,standard,947,0.625,0.268,0,0,Wednesday,2023,0
UK,GBP,GBP,web,198.39,410.97,110.92,1,FALSE,unknown,4,0.68,0.407,1,0,Wednesday,2023,0
US,USD,PHP,web,178.67,410.97,110.92,58.823529,FALSE,unknown,298,0.68,0.166,0,0.1,Wednesday,2023,0
UK,GBP,PHP,mobile,133.94,167.43,3.43,73.529412,FALSE,standard,4,0.892,0.407,0,0,Wednesday,2023,0
CA,CAD,MXN,web,224.12,165.85,4.4,12.758621,TRUE,standard,947,0.625,0.268,0,0,Thursday,2023,0
US,USD,EUR,web,205.92,205.92,3.71,0.925926,TRUE,enhanced,257,0.744,0.257,0,0,Thursday,2023,0
US,USD,CAD,mobile,339.07,339.07,5.92,1.351351,FALSE,standard,263,0.522,0.223,0,0,Thursday,2023,0
US,USD,CAD,mobile,-580.81,580.81,9999.99,1.351351,TRUE,standard,1018,-0.1,0.087,0,0,Thursday,2023,0
UK,GBP,MXN,mobile,777.27,971.59,12.48,21.551724,FALSE,standard,4,0.892,0.407,0,0,Friday,2023,0
UK,GBP,INR,web,9994.28,12492.85,151.23,104.166667,FALSE,standard,4,0.892,0.407,1,0,Friday,2023,0
US,USD,USD,mobile,298.72,298.72,5.68,1,FALSE,standard,263,0.522,0.223,0,0,Friday,2023,0
US,USD,INR,mobile,73.56,73.56,2.26,83.333333,FALSE,standard,147,0.551,0.391,0,0,Friday,2023,0
US,USD,INR,web,409.3,409.3,6.67,83.333333,FALSE,standard,1018,0.784,0.087,0,0,Friday,2023,0
US,USD,CAD,mobile,54.61,54.61,2.16,1.351351,FALSE,standard,1016,0.944,0.247,0,0,Friday,2023,0
UK,GBP,INR,web,424.13,530.16,7.69,104.166667,FALSE,standard,4,0.892,0.407,0,0,Friday,2023,0
US,USD,PHP,web,72.98,72.98,2.41,58.823529,FALSE,enhanced,367,0.939,0.176,0,0.1,Saturday,2023,0
US,USD,CAD,ATM,230.25,230.25,4.51,1.351351,FALSE,enhanced,367,0.939,0.176,0,0,Saturday,2023,0
US,USD,CAD,mobile,133.34,133.34,2.98,1.351351,FALSE,enhanced,367,0.939,0.176,0,0,Saturday,2023,0
US,USD,PHP,ATM,144.12,144.12,3.35,58.823529,FALSE,standard,263,0.522,0.223,1,0.1,Saturday,2023,0
US,USD,USD,ATM,221.04,410.97,110.92,1,FALSE,unknown,1016,0.68,0.247,0,0,Saturday,2023,0
US,USD,PHP,mobile,58.48,58.48,2.03,58.823529,FALSE,standard,298,0.336,0.166,0,0.1,Saturday,2023,0
US,USD,EUR,ATM,45.72,45.72,1.49,0.925926,TRUE,standard,298,0.336,0.166,0,0,Saturday,2023,0
UK,GBP,GBP,mobile,42.44,53.04,0.5,1,FALSE,standard,4,0.892,0.407,0,0,Saturday,2023,0
US,USD,CAD,mobile,212.73,212.73,4.11,1.351351,FALSE,standard,1018,0.934,0.087,0,0,Saturday,2023,0
US,USD,PHP,mobile,610.94,410.97,110.92,58.823529,FALSE,unknown,257,0.68,0.257,0,0.1,Saturday,2023,0
US,USD,EUR,web,633.57,633.57,8.64,0.925926,TRUE,standard,263,0.522,0.223,0,0,Saturday,2023,0
CA,CAD,EUR,web,87,64.38,1.93,0.685185,FALSE,low,824,0.457,0.282,0,0,Saturday,2023,0
US,USD,GBP,web,114.42,114.42,1.85,0.8,FALSE,enhanced,257,0.894,0.257,0,0,Saturday,2023,0
US,USD,GBP,mobile,36.68,36.68,1.36,0.8,FALSE,standard,263,0.522,0.223,0,0,Sunday,2023,0
US,USD,EUR,mobile,95.5,95.5,1.95,0.925926,FALSE,standard,888,0.904,0.469,0,0,Sunday,2023,0
US,USD,USD,web,1123.96,1123.96,17.9,1,FALSE,standard,859,0.96,0.363,0,0,Sunday,2023,0
US,USD,PHP,mobile,294.21,294.21,5.54,58.823529,FALSE,standard,1018,0.934,0.087,0,0.1,Sunday,2023,0
US,USD,GBP,mobile,197.48,197.48,4.51,0.8,FALSE,standard,298,0.336,0.166,0,0,Sunday,2023,1
UK,GBP,CNY,web,232.21,290.26,4.27,8.928571,FALSE,standard,4,0.892,0.407,0,0,Sunday,2023,0
US,USD,GBP,web,71.74,71.74,1.84,0.8,FALSE,standard,263,0.522,0.223,1,0,Sunday,2023,0
UK,GBP,CNY,mobile,172.76,215.95,3.21,8.928571,FALSE,standard,4,0.892,0.407,0,0,Sunday,2023,0
US,USD,CAD,web,224.02,224.02,4.34,1.351351,TRUE,standard,1018,0.934,0.087,0,0,Sunday,2023,0
US,USD,EUR,web,131.19,131.19,3.06,0.925926,FALSE,standard,298,0.336,0.166,0,0,Sunday,2023,0
CA,CAD,EUR,web,146.37,108.31,3.08,0.685185,FALSE,low,824,0.607,0.282,0,0,Sunday,2023,0
US,USD,EUR,ATM,115.48,115.48,3.14,0.925926,FALSE,standard,298,0.336,0.166,0,0,Sunday,2023,0
US,USD,INR,mobile,52.22,52.22,1.36,83.333333,FALSE,enhanced,367,0.939,0.176,0,0,Friday,2023,0
US,USD,USD,mobile,376.33,376.33,6.49,1,FALSE,standard,298,0.336,0.166,0,0,Sunday,2023,0
US,USD,PHP,web,181.8,181.8,2.87,58.823529,FALSE,standard,147,0.551,0.391,0,0.1,Sunday,2023,0
US,USD,MXN,mobile,38.04,38.04,1.02,17.241379,FALSE,enhanced,257,0.894,0.257,0,0.2,Sunday,2023,0
US,USD,EUR,mobile,32.5,32.5,1.21,0.925926,FALSE,enhanced,257,0.744,0.257,0,0,Saturday,2023,0
US,USD,EUR,mobile,186.54,186.54,3.58,0.925926,FALSE,standard,147,0.551,0.391,0,0,Monday,2023,0
US,USD,EUR,web,367.72,367.72,5.39,0.925926,FALSE,standard,147,0.551,0.391,0,0,Monday,2023,0
UK,GBP,PHP,ATM,191.69,239.62,4.54,73.529412,FALSE,standard,718,0.953,0.169,0,0,Monday,2023,0
CA,CAD,EUR,ATM,69.06,51.11,2.25,0.685185,FALSE,standard,172,0.881,0.199,0,0,Monday,2023,0
CA,CAD,CAD,mobile,226.37,167.51,4.2,1,FALSE,low,824,0.607,0.282,1,0,Monday,2023,0
US,USD,CNY,web,72.46,72.46,1.41,7.142857,FALSE,standard,298,0.336,0.166,0,0,Monday,2023,0
CA,CAD,CNY,mobile,469.71,347.59,7.27,5.285714,FALSE,standard,172,0.881,0.199,6,0,Monday,2023,0
UK,GBP,CNY,mobile,57.93,72.41,2.25,8.928571,FALSE,standard,4,0.892,0.407,1,0,Monday,2023,0
UK,GBP,MXN,ATM,208.2,260.25,3.86,21.551724,FALSE,standard,4,0.892,0.407,0,0,Monday,2023,0
UK,GBP,EUR,mobile,51.15,63.94,1.33,1.157407,FALSE,standard,4,0.892,0.407,0,0.05,Monday,2023,0
US,USD,PHP,web,42.57,42.57,1.92,58.823529,FALSE,standard,147,0.551,0.391,0,0.1,Tuesday,2023,0
US,USD,CNY,web,89.31,89.31,3.06,7.142857,FALSE,enhanced,367,0.939,0.176,0,0,Tuesday,2023,0
US,USD,PHP,mobile,52.17,52.17,1.98,58.823529,FALSE,enhanced,257,0.894,0.257,0,0.1,Tuesday,2023,0
US,USD,CAD,mobile,224.77,224.77,3.74,1.351351,FALSE,enhanced,257,0.894,0.257,0,0,Tuesday,2023,0
US,USD,PHP,ATM,904.7,904.7,13.68,58.823529,FALSE,enhanced,257,0.894,0.257,0,0.1,Tuesday,2023,0
CA,CAD,NGN,mobile,263.06,194.66,4.43,822.222222,FALSE,standard,172,0.881,0.199,0,0,Tuesday,2023,0
UK,GBP,INR,ATM,179.5,410.97,110.92,104.166667,FALSE,unknown,4,0.68,0.407,0,0,Tuesday,2023,0
CA,CAD,PHP,web,40.13,29.7,1.03,43.529412,FALSE,standard,947,0.625,0.268,0,0,Tuesday,2023,0
US,USD,CNY,web,173.67,173.67,3.36,7.142857,FALSE,enhanced,367,0.939,0.176,0,0,Tuesday,2023,0
CA,CAD,CNY,web,62.95,46.58,2.3,5.285714,TRUE,standard,172,0.881,0.199,0,0,Wednesday,2023,0
CA,CAD,USD,mobile,214.04,158.39,4.48,0.74,FALSE,low,1066,0.522,0,0,0,Wednesday,2023,0
US,USD,CAD,web,151.31,151.31,3.79,1.351351,FALSE,enhanced,367,0.789,0.176,0,0,Wednesday,2023,0
US,USD,CNY,web,128.93,128.93,2.76,7.142857,FALSE,standard,263,0.372,0.223,0,0,Wednesday,2023,0
US,USD,EUR,mobile,9995.83,9995.83,151.03,0.925926,FALSE,enhanced,367,0.939,0.176,0,0,Thursday,2023,0
UK,GBP,INR,mobile,88.56,110.71,1.97,104.166667,FALSE,standard,718,0.953,0.169,0,0,Thursday,2023,0
US,USD,NGN,mobile,47.79,47.79,1.11,1111.111111,FALSE,standard,147,0.551,0.391,0,0.25,Thursday,2023,0
US,USD,GBP,mobile,176.26,176.26,3.37,0.8,FALSE,enhanced,367,0.939,0.176,0,0,Thursday,2023,0
US,USD,GBP,web,63.71,63.71,2.35,0.8,FALSE,standard,298,0.336,0.166,0,0,Thursday,2023,0
UK,GBP,NGN,mobile,668.93,836.16,9.92,1388.888889,FALSE,standard,4,0.892,0.407,0,0.22,Thursday,2023,1
US,USD,CNY,mobile,280.66,280.66,4.8,7.142857,TRUE,standard,298,0.336,0.166,7,0,Friday,2023,0
US,USD,USD,mobile,62.22,62.22,2.64,1,FALSE,standard,1011,0.824,0.123,0,0,Friday,2023,0
UK,GBP,NGN,web,108.8,136,2.33,1388.888889,FALSE,standard,4,0.892,0.407,0,0.22,Friday,2023,0
US,USD,CNY,ATM,166.08,166.08,-1,7.142857,FALSE,standard,147,-0.1,0.391,1,0,Friday,2023,0
US,USD,USD,web,92.27,92.27,2.09,1,FALSE,standard,298,0.336,0.166,0,0,Friday,2023,0
US,USD,INR,ATM,249.58,249.58,5.09,83.333333,FALSE,standard,263,0.522,0.223,0,0,Friday,2023,0
US,USD,GBP,web,58.66,58.66,1.98,0.8,FALSE,standard,298,0.336,0.166,0,0,Friday,2023,0
CA,CAD,GBP,ATM,138.15,102.23,3.05,0.592,FALSE,standard,564,0.658,0.4,0,0,Friday,2023,0
US,USD,EUR, web  ,288.78,288.78,5.17,0.925926,FALSE,standard,298,0.336,0.166,0,0,Friday,2023,0
US,USD,NGN,ATM,364.88,364.88,6.63,1111.111111,FALSE,standard,263,0.522,0.223,0,0.25,Friday,2023,0
US,USD,USD,mobile,358.06,358.06,6.66,1,TRUE,standard,1016,0.944,0.247,0,0,Friday,2023,0
US,USD,NGN,mobile,58.6,58.6,1.44,1111.111111,FALSE,standard,263,0.522,0.223,0,0.25,Saturday,2023,0
US,USD,NGN,mobile,930.2,930.2,13.68,1111.111111,FALSE,standard,263,0.522,0.223,0,0.25,Saturday,2023,0
US,USD,NGN,web,26.34,26.34,2.38,1111.111111,FALSE,standard,263,0.522,0.223,0,0.25,Saturday,2023,0
US,USD,INR,web,120.39,120.39,3.09,83.333333,FALSE,standard,1018,0.934,0.087,0,0,Saturday,2023,0
US,USD,INR,mobile,51.48,51.48,1.25,83.333333,FALSE,standard,830,0.799,0.102,0,0,Saturday,2023,0
US,USD,PHP,web,138.38,138.38,2.53,58.823529,TRUE,enhanced,367,0.939,0.176,0,0.1,Saturday,2023,0
US,USD,GBP,web,94.67,94.67,2.54,0.8,FALSE,enhanced,367,0.939,0.176,0,0,Saturday,2023,0
US,USD,INR,web,369.1,369.1,7.79,83.333333,TRUE,standard,263,0.372,0.223,1,0,Saturday,2023,0
UK,GBP,USD,mobile,182.03,227.54,4.55,1.25,FALSE,standard,4,0.892,0.407,0,0,Saturday,2023,0
US,USD,PHP,mobile,-251.88,251.88,9999.99,58.823529,FALSE,standard,1016,-0.1,0.247,3,0.1,Saturday,2023,0
US,USD,INR,web,253.53,253.53,4.27,83.333333,FALSE,standard,298,0.336,0.166,0,0,Sunday,2023,0
US,USD,NGN,mobile,89.25,89.25,2.54,1111.111111,FALSE,standard,34,0.427,0.068,0,0.25,Sunday,2023,0
US,USD,EUR,web,863.94,863.94,15.1,0.925926,FALSE,standard,830,0.799,0.102,0,0,Sunday,2023,0
US,USD,PHP,mobile,80.62,80.62,1.99,58.823529,FALSE,enhanced,367,0.939,0.176,1,0.1,Sunday,2023,0
CA,CAD,USD,mobile,327.24,242.16,6.26,0.74,FALSE,standard,1041,0.867,0.245,0,0,Sunday,2023,0
US,USD,CAD,mobile,282.3,282.3,5.68,1.351351,FALSE,standard,1018,0.934,0.087,7,0,Sunday,2023,0
UK,GBP,USD,ATM,88.73,110.91,1.81,1.25,FALSE,standard,4,0.892,0.407,0,0,Sunday,2023,0
US,USD,CNY,web,216.2,216.2,3.21,7.142857,TRUE,standard,298,0.186,0.166,0,0,Sunday,2023,0
US,USD,GBP,web,387.82,387.82,6.77,0.8,FALSE,standard,147,0.401,0.391,0,0,Sunday,2023,0
US,USD,EUR,web,229.16,229.16,4.2,0.925926,FALSE,standard,1016,0.944,0.247,0,0,Sunday,2023,0
US,USD,PHP,mobile,208.74,208.74,4.85,58.823529,FALSE,low,616,0.702,0.361,0,0.1,Sunday,2023,0
CA,CAD,PHP,mobile,148.79,110.11,3.57,43.529412,FALSE,low,824,0.607,0.282,3,0,Sunday,2023,0
US,USD,NGN,ATM,165.22,165.22,3.93,1111.111111,FALSE,standard,263,0.522,0.223,0,0.25,Monday,2023,0
US,USD,PHP,mobile,451.45,451.45,7.64,58.823529,FALSE,enhanced,257,0.894,0.257,0,0.1,Monday,2023,0
US,USD,NGN,web,122.13,122.13,3.33,1111.111111,FALSE,standard,263,0.522,0.223,0,0.25,-1,0,0
US,USD,CNY,mobile,71.55,71.55,2.78,7.142857,FALSE,low,616,0.702,0.361,0,0,Monday,2023,0
UK,GBP,MXN,mobile,188.34,235.42,4.36,21.551724,FALSE,standard,4,0.892,0.407,0,0,Monday,2023,0
US,USD,PHP,web,301.51,301.51,5.41,58.823529,FALSE,standard,298,0.336,0.166,0,0.1,Monday,2023,1
US,USD,USD,ATM,417.26,417.26,7.25,1,FALSE,standard,263,0.522,0.223,0,0,Monday,2023,0
US,USD,NGN,mobile,9994.53,9994.53,151.23,1111.111111,FALSE,standard,794,0.77,0.22,0,0.25,Monday,2023,0
UK,GBP,CAD,ATM,61.79,77.24,1.88,1.689189,FALSE,standard,4,0.892,0.407,0,0,Monday,2023,0
 US  ,USD,CAD, mobile  ,78.1,78.1,2.32,1.351351,FALSE,enhanced,367,0.939,0.176,0,0,Monday,2023,0
 UK  ,GBP,USD,unknown,529.91,662.39,9.51,1.25,TRUE,standard,4,0.892,0.407,0,0,Monday,2023,0
UK,GBP,GBP,mobile,9997.43,12496.79,150.61,1,TRUE,standard,4,0.892,0.407,0,0,Tuesday,2023,0
US,USD,MXN,web,131.22,131.22,2.99,17.241379,FALSE,standard,147,0.551,0.391,1,0.2,Tuesday,2023,0
US,USD,USD,mobile,437.21,437.21,7.69,1,FALSE,standard,147,0.551,0.391,0,0,Tuesday,2023,0
US,USD,PHP,web,109.39,109.39,2.54,58.823529,FALSE,standard,263,0.522,0.223,0,0.1,Tuesday,2023,0
US,USD,EUR,web,113.98,113.98,2.81,0.925926,FALSE,standard,147,0.551,0.391,0,0,Tuesday,2023,0
UK,GBP,MXN,mobile,109.13,136.41,3.77,21.551724,TRUE,standard,4,0.892,0.407,0,0,Wednesday,2023,0
US,USD,GBP,web,223.99,223.99,4.06,0.8,FALSE,standard,298,0.336,0.166,0,0,Wednesday,2023,0
US,USD,GBP,web,390.91,390.91,7.46,0.8,FALSE,standard,1018,0.934,0.087,0,0,Wednesday,2023,0
US,USD,USD,web,146.88,146.88,3.54,1,FALSE,enhanced,257,0.894,0.257,0,0,Wednesday,2023,0
US,USD,MXN,ATM,397.22,397.22,7.77,17.241379,FALSE,standard,147,0.551,0.391,0,0.2,Wednesday,2023,0
US,USD,PHP,mobile,58.73,58.73,0.94,58.823529,TRUE,standard,147,0.551,0.391,0,0.1,Wednesday,2023,0
UK,GBP,GBP,ATM,210.54,263.17,4.27,1,FALSE,standard,4,0.892,0.407,0,0,Thursday,2023,0
US,USD,USD,web,141.06,141.06,2.9,1,FALSE,standard,1018,0.934,0.087,0,0,Thursday,2023,0
US,USD,GBP,mobile,102.37,102.37,3.26,0.8,FALSE,standard,298,0.336,0.166,0,0,Thursday,2023,0
US,USD,EUR,web,72.47,72.47,1.57,0.925926,FALSE,standard,263,0.522,0.223,0,0,Thursday,2023,0
US,USD,CAD,mobile,296.65,296.65,5.06,1.351351,FALSE,standard,1016,0.944,0.247,5,0,Thursday,2023,0
US,USD,USD,web,262.53,262.53,4.94,1,FALSE,standard,263,0.522,0.223,0,0,Thursday,2023,0
US,USD,GBP,mobile,92.72,92.72,2.3,0.8,FALSE,standard,263,0.522,0.223,0,0,Thursday,2023,0
UK,GBP,NGN,mobile,264.85,331.06,5.19,1388.888889,TRUE,standard,4,0.892,0.407,0,0.22,Thursday,2023,0
unknown,GBP,NGN,unknown,311.17,388.97,4.9,1388.888889,FALSE,standard,4,0.892,0.407,0,0.22,Thursday,2023,1
US,USD,NGN,web,49.39,49.39,1.61,1111.111111,FALSE,standard,263,0.522,0.223,1,0.25,Thursday,2023,0
US,USD,NGN,mobile,238.04,238.04,5.36,1111.111111,FALSE,enhanced,257,0.744,0.257,1,0.25,Friday,2023,0
US,USD,PHP,mobile,257.38,257.38,3.87,58.823529,TRUE,standard,263,0.522,0.223,0,0.1,Friday,2023,0
UK,GBP,NGN,mobile,178.73,223.42,4.35,1388.888889,FALSE,standard,4,0.892,0.407,0,0.22,Friday,2023,0
US,USD,CNY,web,59.79,59.79,2.75,7.142857,FALSE,standard,263,0.522,0.223,0,0,Friday,2023,0
UK,GBP,USD,mobile,397.48,496.85,7.19,1.25,FALSE,standard,4,0.742,0.407,0,0,Friday,2023,0
UK,GBP,CNY,mobile,410.48,513.1,6.58,8.928571,FALSE,standard,4,0.892,0.407,0,0,Friday,2023,0
US,USD,NGN,web,120.64,410.97,110.92,1111.111111,FALSE,unknown,257,0.68,0.257,0,0.25,Friday,2023,0
UK,GBP,CAD,web,35.75,44.69,2.3,1.689189,FALSE,standard,4,0.892,0.407,0,0,Saturday,2023,0
US,USD,INR,web,246.21,246.21,4.35,83.333333,FALSE,enhanced,367,0.939,0.176,0,0,Saturday,2023,0
US,USD,EUR,web,239.22,239.22,5.05,0.925926,FALSE,enhanced,367,0.939,0.176,0,0,Saturday,2023,0
US,USD,NGN,mobile,886.19,410.97,110.92,1111.111111,TRUE,unknown,367,0.68,0.176,0,0.25,Saturday,2023,0
UK,GBP,GBP,mobile,42.85,53.56,1.58,1,FALSE,standard,4,0.892,0.407,0,0,Saturday,2023,0
US,USD,EUR,web,341,341,6.08,0.925926,FALSE,standard,147,0.551,0.391,0,0,Monday,2023,0
US,USD,INR,mobile,508.57,508.57,9.05,83.333333,FALSE,enhanced,367,0.939,0.176,0,0,Sunday,2023,0
US,USD,EUR,mobile,9997.65,9997.65,150.71,0.925926,FALSE,standard,298,0.336,0.166,0,0,Sunday,2023,0
US,USD,INR,mobile,212.85,212.85,4.77,83.333333,FALSE,standard,298,0.336,0.166,0,0,Sunday,2023,0
US,USD,CAD,mobile,163.64,163.64,3.56,1.351351,TRUE,standard,298,0.336,0.166,0,0,Sunday,2023,0
US,USD,PHP,mobile,136.95,136.95,2.7,58.823529,TRUE,standard,147,0.551,0.391,1,0.1,Sunday,2023,0
US,USD,USD,mobile,75.62,75.62,2.11,1,FALSE,standard,1018,0.934,0.087,1,0,Sunday,2023,0
US,USD,EUR,mobile,208.67,410.97,110.92,0.925926,FALSE,unknown,263,0.68,0.223,0,0,Sunday,2023,0
US,USD,NGN,mobile,75.41,75.41,2.12,1111.111111,TRUE,enhanced,257,0.894,0.257,0,0.25,Sunday,2023,0
UK,GBP,CNY,web,154.51,193.14,4.01,8.928571,FALSE,standard,4,0.892,0.407,0,0,Sunday,2023,0
US,USD,USD,mobile,254.73,254.73,4.41,1,TRUE,standard,263,0.372,0.223,0,0,Sunday,2023,0
US,USD,GBP,ATM,73.21,73.21,2.34,0.8,FALSE,standard,1016,0.944,0.247,0,0,Monday,2023,0
US,USD,INR,web,155.3,155.3,3.55,83.333333,FALSE,standard,263,0.522,0.223,0,0,Monday,2023,0
UK,GBP,CNY,web,119.06,148.83,3.27,8.928571,FALSE,standard,4,0.892,0.407,0,0,Monday,2023,0
CA,CAD,CNY,mobile,108.6,80.37,2.17,5.285714,FALSE,standard,947,0.625,0.268,0,0,Monday,2023,0
US,USD,CNY,ATM,104.88,104.88,2.21,7.142857,FALSE,standard,263,0.372,0.223,0,0,Monday,2023,0
US,USD,CNY,mobile,202.35,202.35,4.45,7.142857,FALSE,standard,147,0.551,0.391,0,0,Monday,2023,0
US,USD,CAD,web,9996.69,9996.69,151.17,1.351351,TRUE,standard,1018,0.934,0.087,0,0,Monday,2023,0
US,USD,PHP,web,170.64,170.64,3.49,58.823529,FALSE,standard,298,0.336,0.166,0,0.1,Monday,2023,0
US,USD,EUR,web,252.74,252.74,4.97,0.925926,FALSE,enhanced,257,0.894,0.257,1,0,Monday,2023,0
US,USD,CNY,mobile,75,75,2.89,7.142857,FALSE,enhanced,257,0.894,0.257,1,0,Monday,2023,0
 US  ,USD,USD, web  ,49.07,49.07,1.16,1,FALSE,standard,298,0.336,0.166,0,0,Monday,2023,0
UK,GBP,GBP,mobile,36.15,45.19,0.84,1,FALSE,standard,4,0.892,0.407,0,0,Monday,2023,0
US,USD,CNY,mobile,454.32,454.32,7.43,7.142857,FALSE,enhanced,257,0.894,0.257,0,0,Tuesday,2023,0
US,USD,INR,mobile,350.98,350.98,5.93,83.333333,FALSE,enhanced,257,0.894,0.257,0,0,Tuesday,2023,0
US,USD,CNY,web,71.78,71.78,2.12,7.142857,FALSE,standard,1018,0.934,0.087,0,0,Tuesday,2023,0
CA,CAD,MXN,web,157.5,116.55,3.3,12.758621,TRUE,standard,947,0.625,0.268,0,0,Tuesday,2023,0
CA,CAD,INR,mobile,147.25,108.97,3.14,61.666667,FALSE,low,615,0.515,0.355,0,0.12,Wednesday,2023,0
US,USD,CNY,mobile,161.96,161.96,3.14,7.142857,FALSE,standard,298,0.336,0.166,0,0,Wednesday,2023,0
US,USD,EUR,web,9998.8,9998.8,150.76,0.925926,FALSE,standard,298,0.336,0.166,0,0,Wednesday,2023,0
UK,GBP,NGN,mobile,86.36,107.95,2.32,1388.888889,FALSE,standard,4,0.892,0.407,0,0.22,Wednesday,2023,0
US,USD,MXN,mobile,30.77,30.77,1.34,17.241379,FALSE,standard,298,0.336,0.166,0,0.2,Wednesday,2023,0
US,USD,CAD,web,186,186,3.23,1.351351,FALSE,standard,263,0.522,0.223,0,0,Thursday,2023,0
CA,CAD,INR,web,149.71,110.78,4.01,61.666667,TRUE,standard,172,0.881,0.199,0,0.12,Thursday,2023,0
US,USD,GBP,mobile,194.77,194.77,3.8,0.8,FALSE,standard,298,0.186,0.166,0,0,Thursday,2023,0
UK,GBP,CNY,web,85.66,107.08,1.51,8.928571,FALSE,standard,4,0.742,0.407,0,0,Friday,2023,0
US,USD,NGN,web,200.55,200.55,4.06,1111.111111,FALSE,standard,263,0.372,0.223,0,0.25,Friday,2023,0
US,USD,GBP,mobile,108.26,410.97,110.92,0.8,FALSE,unknown,298,0.68,0.166,5,0,Friday,2023,0
US,USD,NGN,ATM,235.98,235.98,4.35,1111.111111,FALSE,standard,298,0.336,0.166,0,0.25,Friday,2023,0
US,USD,EUR,mobile,216.27,216.27,4.14,0.925926,FALSE,enhanced,367,0.939,0.176,0,0,Friday,2023,0
US,USD,NGN,mobile,138.23,138.23,3.5,1111.111111,FALSE,enhanced,257,0.894,0.257,0,0.25,Friday,2023,0
US,USD,GBP,mobile,40.3,40.3,1.87,0.8,FALSE,standard,1018,0.934,0.087,0,0,Friday,2023,0
US,USD,NGN,mobile,338.73,338.73,5.37,1111.111111,FALSE,standard,532,0.842,0.15,0,0.25,Friday,2023,0
UK,GBP,USD,mobille,175.5,219.38,3.86,1.25,FALSE,standard,718,0.953,0.169,0,0,Friday,2023,0
US,USD,USD,mobile,342.02,342.02,5.53,1,TRUE,standard,147,0.551,0.391,0,0,Friday,2023,0
UK,GBP,NGN,mobile,198.93,248.67,3.84,1388.888889,FALSE,standard,4,0.892,0.407,0,0.22,Friday,2023,0
US,USD,PHP,web,105.07,105.07,2.51,58.823529,FALSE,standard,147,0.551,0.391,0,0.1,Friday,2023,0
US,USD,EUR,mobile,145.75,145.75,3.03,0.925926,FALSE,standard,147,0.551,0.391,0,0,Friday,2023,0
US,USD,INR,mobile,105.2,105.2,2.16,83.333333,FALSE,enhanced,367,0.939,0.176,0,0,Saturday,2023,0
US,USD,NGN,mobile,237.53,237.53,3.26,1111.111111,FALSE,standard,298,0.336,0.166,0,0.25,Saturday,2023,0
US,USD,GBP,mobile,72.51,72.51,2.92,0.8,FALSE,enhanced,367,0.939,0.176,0,0,Saturday,2023,0
UK,GBP,INR,mobile,384.46,480.57,6.77,104.166667,FALSE,standard,4,0.892,0.407,0,0,Saturday,2023,0
UK,GBP,GBP,mobile,739.28,924.1,12.15,1,FALSE,standard,4,0.892,0.407,0,0,Saturday,2023,0
US,USD,PHP,mobile,126.75,126.75,3.55,58.823529,FALSE,standard,1018,0.934,0.087,0,0.1,-1,0,0
UK,GBP,GBP,mobile,118.53,148.16,2.95,1,FALSE,standard,4,0.892,0.407,0,0,Saturday,2023,0
US,USD,PHP,mobile,79.35,79.35,2.58,58.823529,FALSE,standard,147,0.551,0.391,0,0.1,Saturday,2023,0
 US  ,USD,USD, web  ,480.38,480.38,8.14,1,FALSE,standard,263,0.522,0.223,0,0,Saturday,2023,0
US,USD,MXN,mobile,50.12,50.12,1.68,17.241379,FALSE,standard,298,0.336,0.166,0,0.2,Sunday,2023,0
UK,GBP,PHP,ATM,296.92,371.15,5.29,73.529412,FALSE,standard,4,0.892,0.407,0,0,Sunday,2023,0
US,USD,GBP,web,329.83,329.83,6.47,0.8,FALSE,standard,298,0.336,0.166,0,0,Sunday,2023,0
US,USD,EUR,weeb,177.62,177.62,3.3,0.925926,FALSE,standard,298,0.336,0.166,4,0,Sunday,2023,0
UK,GBP,CNY,web,217.87,272.34,4.48,8.928571,FALSE,standard,4,0.892,0.407,0,0,Sunday,2023,0
US,USD,CNY,mobile,261.57,261.57,4.79,7.142857,FALSE,low,415,0.568,0.304,1,0,Sunday,2023,0
US,USD,INR,web,95.31,95.31,1.87,83.333333,FALSE,low,616,0.702,0.361,0,0,Sunday,2023,0
UK,GBP,INR,mobile,283.66,354.58,5.46,104.166667,FALSE,standard,4,0.892,0.407,0,0,Sunday,2023,0
US,USD,GBP,mobile,51.18,410.97,110.92,0.8,FALSE,unknown,1018,0.68,0.087,1,0,Sunday,2023,0
CA,CAD,USD,mobile,807.26,597.37,13.31,0.74,FALSE,standard,172,0.881,0.199,1,0,Sunday,2023,0
CA,CAD,USD,web,563.76,417.18,9.78,0.74,FALSE,standard,725,0.824,0.212,0,0,Sunday,2023,0
US,USD,USD,mobile,56.7,56.7,1.89,1,FALSE,standard,263,0.522,0.223,0,0,Sunday,2023,0
UK,GBP,USD,mobile,183.78,229.72,3.6,1.25,FALSE,standard,4,0.892,0.407,0,0,Sunday,2023,0
US,USD,EUR,mobile,431.02,431.02,6.51,0.925926,FALSE,standard,263,0.522,0.223,1,0,Sunday,2023,0
US,USD,GBP,mobile,190.42,190.42,4.13,0.8,FALSE,standard,298,0.336,0.166,0,0,Sunday,2023,0
US,USD,NGN,mobile,105.63,105.63,3.49,1111.111111,FALSE,standard,298,0.336,0.166,0,0.25,Sunday,2023,0
US,USD,GBP,mobile,84.46,84.46,1.92,0.8,FALSE,standard,1016,0.944,0.247,0,0,Monday,2023,0
US,USD,PHP,mobile,129.09,129.09,2.23,58.823529,FALSE,enhanced,367,0.789,0.176,1,0.1,Monday,2023,0
US,USD,NGN,mobile,154,154,3.92,1111.111111,FALSE,enhanced,257,0.894,0.257,0,0.25,Monday,2023,0
US,USD,INR,mobile,101.97,101.97,2.42,83.333333,FALSE,enhanced,257,0.894,0.257,0,0,Monday,2023,0
US,USD,INR,mobile,287.75,287.75,4.87,83.333333,FALSE,standard,263,0.522,0.223,1,0,Monday,2023,0
US,USD,GBP,web,134.15,134.15,2.6,0.8,FALSE,standard,263,0.522,0.223,0,0,Monday,2023,0
US,USD,NGN,web,109.41,109.41,2.16,1111.111111,FALSE,enhanced,367,0.939,0.176,0,0.25,Monday,2023,0
US,USD,USD,ATM,510.34,510.34,9.01,1,FALSE,enhanced,367,0.939,0.176,0,0,Monday,2023,0
US,USD,NGN,mobile,20.22,410.97,110.92,1111.111111,FALSE,unknown,1016,0.68,0.247,0,0.25,Monday,2023,0
US,USD,INR,mobile,199.27,199.27,3.63,83.333333,FALSE,standard,298,0.336,0.166,0,0,Monday,2023,0
US,USD,INR,mobile,144.84,144.84,3.3,83.333333,TRUE,standard,298,0.336,0.166,0,0,Monday,2023,0
US,USD,PHP,web,369.04,369.04,7.06,58.823529,FALSE,standard,147,0.551,0.391,2,0.1,Monday,2023,0
US,USD,PHP,web,53.96,53.96,1.63,58.823529,FALSE,standard,263,0.522,0.223,0,0.1,Monday,2023,0
US,USD,NGN,ATM,70.64,70.64,1.98,1111.111111,FALSE,standard,1018,0.934,0.087,0,0.25,Monday,2023,0
US,USD,USD,mobile,85.26,85.26,2,1,FALSE,enhanced,367,0.939,0.176,0,0,Monday,2023,0
US,USD,USD,mobile,102.24,102.24,3.41,1,FALSE,standard,263,0.522,0.223,0,0,Monday,2023,0
US,USD,NGN,mobile,347.21,347.21,7.31,1111.111111,FALSE,enhanced,367,0.939,0.176,0,0.25,Tuesday,2023,0
US,USD,PHP,web,9990.44,9990.44,150.49,58.823529,FALSE,standard,298,0.186,0.166,0,0.1,Tuesday,2023,0
US,USD,INR,web,39.74,39.74,2.37,83.333333,TRUE,standard,263,0.522,0.223,0,0,Tuesday,2023,0
US,USD,EUR,mobile,368.04,368.04,6.26,0.925926,FALSE,standard,298,0.336,0.166,0,0,Tuesday,2023,0
US,USD,CNY,mobile,298.97,298.97,5.61,7.142857,FALSE,enhanced,367,0.939,0.176,0,0,Tuesday,2023,0
UK,GBP,CNY,mobile,89.17,111.46,2.78,8.928571,FALSE,standard,718,0.953,0.169,0,0,Tuesday,2023,0
UK,GBP,INR,mobile,106.49,133.11,1.93,104.166667,FALSE,standard,4,0.892,0.407,0,0,Tuesday,2023,0
US,USD,INR,web,579.51,579.51,9.18,83.333333,TRUE,standard,34,0.277,0.068,0,0,Wednesday,2023,0
US,USD,PHP,mobile,323.86,323.86,5.38,58.823529,FALSE,standard,147,0.551,0.391,0,0.1,Wednesday,2023,0
US,USD,CAD,mobile,33.42,33.42,0.73,1.351351,FALSE,enhanced,367,0.939,0.176,0,0,Wednesday,2023,0
US,USD,PHP,mobile,811.38,811.38,12.9,58.823529,FALSE,standard,263,0.372,0.223,0,0.1,Wednesday,2023,0
US,USD,GBP,web,135,135,2.21,0.8,FALSE,standard,263,0.522,0.223,0,0,Wednesday,2023,0
UK,GBP,PHP,mobile,84.84,106.05,2.06,73.529412,TRUE,standard,4,0.892,0.407,0,0,Wednesday,2023,0
UK,GBP,PHP,mobile,203.75,410.97,110.92,73.529412,FALSE,unknown,4,0.68,0.407,0,0,Wednesday,2023,0
US,USD,MXN,mobile,565.67,565.67,9.53,17.241379,FALSE,standard,263,0.522,0.223,0,0.2,Wednesday,2023,0
US,USD,NGN,mobile,165.36,165.36,3.3,1111.111111,TRUE,standard,652,0.779,0.18,0,0.25,Thursday,2023,0
US,USD,CNY,mobile,473.21,473.21,-1,7.142857,FALSE,standard,263,-0.1,0.223,0,0,Thursday,2023,0
US,USD,CAD,mobile,103.24,103.24,2.14,1.351351,FALSE,standard,147,0.551,0.391,0,0,Thursday,2023,0
UK,GBP,CAD,web,146.54,183.17,3.39,1.689189,FALSE,standard,4,0.892,0.407,0,0,Thursday,2023,0
CA,CAD,MXN,mobile,122.49,90.65,2.67,12.758621,TRUE,standard,947,0.625,0.268,0,0,Thursday,2023,0
UK,GBP,CNY,web,145.12,181.4,2.49,8.928571,FALSE,standard,4,0.892,0.407,0,0,Thursday,2023,0
US,USD,CAD,web,178.81,178.81,3.01,1.351351,TRUE,standard,263,0.522,0.223,0,0,Wednesday,2023,0
UK,GBP,CNY,web,90.36,112.95,2.42,8.928571,FALSE,standard,4,0.892,0.407,8,0,Friday,2023,0
US,USD,INR,mobile,56.95,56.95,1.78,83.333333,FALSE,standard,263,0.522,0.223,1,0,-1,0,0
US,USD,GBP,mobile,140.96,140.96,3.24,0.8,FALSE,enhanced,367,0.939,0.176,2,0,Friday,2023,0
US,USD,INR,mobile,48.21,48.21,1.97,83.333333,FALSE,standard,1016,0.944,0.247,0,0,Friday,2023,0
US,USD,EUR,mobile,70.74,70.74,2.11,0.925926,FALSE,standard,1018,0.934,0.087,0,0,Friday,2023,0
US,USD,EUR,mobile,177.56,177.56,3.47,0.925926,FALSE,standard,1016,0.794,0.247,0,0,Friday,2023,0
US,USD,MXN,mobile,550.83,550.83,9.17,17.241379,FALSE,enhanced,367,0.939,0.176,0,0.2,Saturday,2023,0
UK,GBP,CAD,mobile,180.19,225.24,4.19,1.689189,FALSE,standard,4,0.892,0.407,0,0,Saturday,2023,0
US,USD,EUR,mobile,62.18,62.18,0.71,0.925926,FALSE,standard,263,0.522,0.223,0,0,Saturday,2023,0
US,USD,NGN,mobile,230.54,230.54,4.65,1111.111111,FALSE,standard,298,0.336,0.166,0,0.25,Saturday,2023,0
unknown,USD,INR,WEB,102.84,102.84,2.06,83.333333,TRUE,standard,298,0.336,0.166,0,0,Saturday,2023,0
CA,CAD,CNY,mobile,322.67,238.78,6.06,5.285714,FALSE,low,824,0.607,0.282,0,0,Saturday,2023,0
CA,CAD,EUR,web,67.28,49.79,2.37,0.685185,TRUE,low,139,0.554,0.307,0,0,Saturday,2023,0
US,USD,PHP,mobile,155.98,155.98,2.94,58.823529,TRUE,standard,298,0.336,0.166,0,0.1,Saturday,2023,0
US,USD,CAD,mobile,238.28,238.28,4.55,1.351351,FALSE,standard,298,0.336,0.166,0,0,Sunday,2023,0
US,USD,NGN,mobile,235.95,235.95,4.49,1111.111111,FALSE,standard,263,0.522,0.223,0,0.25,Sunday,2023,0
US,USD,PHP,ATM,170.95,170.95,3.94,58.823529,FALSE,standard,1018,0.934,0.087,0,0.1,Sunday,2023,0
US,USD,USD,ATM,65.18,65.18,1.53,1,FALSE,standard,263,0.372,0.223,0,0,Sunday,2023,0
US,USD,PHP,mobile,193.19,193.19,3.58,58.823529,FALSE,standard,147,0.551,0.391,0,0.1,Sunday,2023,0
US,USD,EUR,mobile,106.4,106.4,2.97,0.925926,FALSE,standard,263,0.372,0.223,0,0,Sunday,2023,0
US,USD,GBP,mobile,208.05,208.05,4.49,0.8,FALSE,standard,263,0.522,0.223,0,0,Sunday,2023,0
US,USD,NGN,mobile,144.73,144.73,3.38,1111.111111,TRUE,standard,298,0.186,0.166,0,0.25,Sunday,2023,0
US,USD,NGN,mobile,152.61,152.61,3.21,1111.111111,TRUE,enhanced,257,0.894,0.257,0,0.25,Sunday,2023,0
US,USD,GBP,mobile,190.88,190.88,3.72,0.8,FALSE,standard,263,0.522,0.223,0,0,Sunday,2023,0
US,USD,EUR,mobile,371.58,371.58,6.4,0.925926,FALSE,standard,147,0.551,0.391,0,0,Monday,2023,0
US,USD,NGN,mobile,123.8,123.8,2.46,1111.111111,FALSE,standard,1018,0.934,0.087,0,0.25,Monday,2023,0
CA,CAD,GBP,mobile,62.67,46.38,2.08,0.592,FALSE,low,615,0.515,0.355,0,0,Monday,2023,0
US,USD,CNY,web,56.24,56.24,1.83,7.142857,FALSE,enhanced,257,0.894,0.257,0,0,Monday,2023,0
US,USD,USD,mobile,98.38,98.38,2.91,1,FALSE,standard,147,0.551,0.391,0,0,Monday,2023,0
CA,CAD,PHP,ATM,94.62,70.02,2.88,43.529412,FALSE,low,615,0.365,0.355,0,0,Monday,2023,0
US,USD,NGN,mobile,156.53,156.53,3.05,1111.111111,FALSE,standard,298,0.336,0.166,0,0.25,Monday,2023,0
US,USD,MXN,mobile,42.5,42.5,0.58,17.241379,FALSE,standard,1018,0.934,0.087,0,0.2,Monday,2023,0
UK,GBP,EUR,mobile,137.03,171.28,1.7,1.157407,FALSE,standard,718,0.953,0.169,0,0.05,Monday,2023,0
UK,GBP,USD,mobile,87.52,109.41,1.81,1.25,FALSE,standard,4,0.892,0.407,0,0,Monday,2023,0
US,USD,INR, mobile  ,47.6,47.6,1.17,83.333333,FALSE,standard,298,0.336,0.166,0,0,Tuesday,2023,0
UK,GBP,INR,ATM,40.07,50.09,2.25,104.166667,FALSE,standard,4,0.892,0.407,1,0,Tuesday,2023,0
UK,GBP,PHP,mobile,-47.3,59.12,9999.99,73.529412,FALSE,standard,4,-0.1,0.407,0,0,Tuesday,2023,0
US,USD,GBP,mobile,450.69,450.69,8.02,0.8,FALSE,standard,298,0.336,0.166,0,0,Tuesday,2023,0
UK,GBP,CNY,web,157.61,197.01,3.62,8.928571,FALSE,standard,718,0.953,0.169,0,0,Tuesday,2023,0
US,USD,INR,mobile,112.02,112.02,2.39,83.333333,FALSE,low,616,0.552,0.361,0,0,Tuesday,2023,1
US,USD,CAD,web,149.61,149.61,3.07,1.351351,FALSE,standard,1089,0.864,0.366,0,0,Tuesday,2023,0
US,USD,CAD,web,109.12,109.12,2.93,1.351351,FALSE,enhanced,367,0.789,0.176,0,0,Wednesday,2023,0
US,USD,CAD,mobile,69.48,69.48,1.39,1.351351,FALSE,enhanced,367,0.939,0.176,0,0,Wednesday,2023,0
US,USD,PHP,mobile,238.62,238.62,4.8,58.823529,FALSE,enhanced,367,0.939,0.176,0,0.1,Wednesday,2023,0
US,USD,USD,web,301.29,301.29,5.02,1,FALSE,standard,263,0.522,0.223,0,0,Wednesday,2023,0
US,USD,USD,mobile,164.5,164.5,3.31,1,FALSE,enhanced,367,0.939,0.176,0,0,Wednesday,2023,0
UK,GBP,PHP,web,33.31,41.63,1.78,73.529412,FALSE,standard,4,0.742,0.407,0,0,Wednesday,2023,0
US,USD,INR,web,554.43,554.43,8.97,83.333333,FALSE,enhanced,367,0.939,0.176,1,0,Wednesday,2023,0
CA,CAD,CNY,mobile,47.47,35.13,1.48,5.285714,TRUE,standard,564,0.658,0.4,0,0,Wednesday,2023,0
US,USD,CNY,web,389.42,410.97,110.92,7.142857,FALSE,unknown,1018,0.68,0.087,0,0,Wednesday,2023,0
UK,GBP,PHP,web,46.99,58.73,1.42,73.529412,FALSE,standard,4,0.892,0.407,0,0,Wednesday,2023,0
US,USD,NGN,mobile,130.94,130.94,2.25,1111.111111,FALSE,standard,1018,0.934,0.087,0,0.25,Wednesday,2023,0
US,USD,PHP,ATM,332.81,332.81,6.63,58.823529,FALSE,standard,263,0.372,0.223,0,0.1,Wednesday,2023,0
US,USD,EUR,mobile,97.43,410.97,110.92,0.925926,FALSE,unknown,298,0.68,0.166,0,0,Thursday,2023,0
UK,GBP,CAD,MOBILE,85.37,106.71,2.39,1.689189,FALSE,standard,4,0.892,0.407,0,0,Thursday,2023,0
CA,CAD,GBP,mobile,133.04,98.45,3.8,0.592,FALSE,standard,172,0.881,0.199,0,0,Thursday,2023,0
US,USD,PHP,web,545.76,545.76,-1,58.823529,FALSE,standard,147,-0.1,0.391,0,0.1,Thursday,2023,0
UK,GBP,MXN,mobile,297.92,372.4,5.49,21.551724,FALSE,standard,4,0.892,0.407,0,0,Thursday,2023,0
UK,GBP,CNY,web,64.78,80.98,1.53,8.928571,FALSE,standard,718,0.953,0.169,4,0,Thursday,2023,0
US,USD,NGN,mobile,20.55,20.55,1.26,1111.111111,FALSE,standard,298,0.186,0.166,0,0.25,Thursday,2023,0
UK,GBP,CNY,mobile,154.9,193.63,4.22,8.928571,FALSE,standard,718,0.953,0.169,0,0,Friday,2023,0
US,USD,GBP,web,44,44,1.61,0.8,FALSE,standard,147,0.551,0.391,0,0,Friday,2023,0
US,USD,PHP,web,148.64,148.64,2.96,58.823529,FALSE,standard,298,0.336,0.166,0,0.1,Friday,2023,0
US,USD,CAD,mobile,355.62,355.62,6.58,1.351351,FALSE,standard,1016,0.944,0.247,0,0,Friday,2023,0
US,USD,INR,mobile,228.81,228.81,4.55,83.333333,FALSE,standard,147,0.551,0.391,0,0,Friday,2023,0
US,USD,CNY,ATM,99.85,99.85,2.13,7.142857,FALSE,standard,263,0.522,0.223,0,0,Friday,2023,0
US,USD,CNY,mobile,139.97,139.97,2.59,7.142857,FALSE,enhanced,367,0.939,0.176,0,0,Friday,2023,0
CA,CAD,CNY,mobile,81.78,60.52,2.06,5.285714,FALSE,low,615,0.515,0.355,0,0,Saturday,2023,0
US,USD,NGN,mobile,96.35,96.35,2.8,1111.111111,FALSE,enhanced,257,0.744,0.257,0,0.25,Saturday,2023,0
US,USD,CAD,web,531.67,531.67,8.19,1.351351,FALSE,enhanced,477,0.901,0.462,0,0,Saturday,2023,0
UK,GBP,PHP,web,341.22,426.52,5.44,73.529412,FALSE,standard,718,0.953,0.169,0,0,Saturday,2023,0
US,USD,NGN, web  ,150.87,150.87,3.54,1111.111111,FALSE,standard,1018,0.934,0.087,1,0.25,Saturday,2023,0
US,USD,MXN,web,125.29,125.29,2.04,17.241379,TRUE,standard,147,0.401,0.391,0,0.2,Sunday,2023,0
US,USD,MXN,mobile,51.92,410.97,110.92,17.241379,FALSE,unknown,661,0.68,0.259,0,0.2,Sunday,2023,0
US,USD,GBP,mobile,122.38,122.38,2.23,0.8,FALSE,standard,263,0.522,0.223,0,0,Sunday,2023,0
US,USD,USD,mobile,209.54,209.54,3.84,1,FALSE,standard,147,0.551,0.391,0,0,Sunday,2023,0
US,USD,INR,web,44.11,44.11,0.72,83.333333,TRUE,standard,298,0.186,0.166,0,0,Sunday,2023,0
US,USD,CAD,ATM,107.65,107.65,2.19,1.351351,FALSE,standard,298,0.336,0.166,0,0,Sunday,2023,0
US,USD,PHP,web,171.33,171.33,3.57,58.823529,FALSE,standard,298,0.336,0.166,0,0.1,Sunday,2023,0
US,USD,EUR,web,65.31,65.31,2.23,0.925926,FALSE,standard,298,0.336,0.166,0,0,Sunday,2023,0
US,USD,INR,web,461.52,461.52,8.36,83.333333,FALSE,enhanced,257,0.894,0.257,0,0,Sunday,2023,0
US,USD,CAD,ATM,503.33,503.33,8.93,1.351351,TRUE,standard,1018,0.784,0.087,0,0,Sunday,2023,0
UK,GBP,GBP,mobile,477.45,596.81,8.22,1,FALSE,standard,4,0.892,0.407,0,0,Sunday,2023,0
US,USD,CAD,ATM,398.75,398.75,6.72,1.351351,FALSE,standard,298,0.336,0.166,1,0,Sunday,2023,0
US,USD,CNY,mobile,320.4,320.4,6.32,7.142857,FALSE,standard,830,0.799,0.102,0,0,Sunday,2023,0
US,USD,USD,mobile,67.58,67.58,1.54,1,FALSE,standard,298,0.336,0.166,0,0,Sunday,2023,0
US,USD,CNY,mobile,446.72,446.72,8.27,7.142857,FALSE,standard,298,0.336,0.166,0,0,Sunday,2023,0
US,USD,EUR,mobile,50.92,50.92,1.75,0.925926,FALSE,standard,147,0.551,0.391,0,0,Sunday,2023,0
US,USD,CNY,web,303.45,303.45,4.74,7.142857,FALSE,standard,263,0.522,0.223,0,0,Monday,2023,0
US,USD,USD,mobile,282.41,282.41,5.32,1,FALSE,enhanced,367,0.939,0.176,0,0,Monday,2023,0
US,USD,CAD,mobile,83.29,83.29,3.16,1.351351,FALSE,standard,1018,0.784,0.087,0,0,Monday,2023,0
US,USD,INR,mobile,613.37,613.37,8.98,83.333333,FALSE,standard,263,0.522,0.223,0,0,Monday,2023,0
US,USD,EUR,mobile,85.18,85.18,1.7,0.925926,FALSE,standard,263,0.522,0.223,0,0,Monday,2023,0
US,USD,USD,web,40.03,40.03,0.95,1,FALSE,enhanced,367,0.939,0.176,0,0,Monday,2023,0
US,USD,CNY,mobile,727.1,727.1,11.45,7.142857,FALSE,low,616,0.702,0.361,0,0,Monday,2023,1
US,USD,NGN,mobile,122.6,122.6,2.91,1111.111111,FALSE,standard,830,0.799,0.102,0,0.25,Monday,2023,0
US,USD,CAD,mobile,102.87,102.87,3.28,1.351351,TRUE,standard,298,0.336,0.166,0,0,Monday,2023,0
US,USD,INR,mobile,771.96,771.96,13.43,83.333333,FALSE,standard,263,0.372,0.223,0,0,Monday,2023,0
US,USD,EUR,web,138.84,138.84,3.43,0.925926,FALSE,enhanced,367,0.939,0.176,0,0,Monday,2023,0
US,USD,CNY,web,278.28,278.28,4.99,7.142857,FALSE,standard,263,0.522,0.223,0,0,Monday,2023,0
UK,GBP,MXN,mobile,50.99,63.73,2.26,21.551724,FALSE,standard,718,0.803,0.169,0,0,Monday,2023,0
US,USD,CNY,ATM,130.28,410.97,110.92,7.142857,FALSE,unknown,263,0.68,0.223,4,0,Tuesday,2023,0
UK,GBP,NGN,mobile,80.96,101.2,1.9,1388.888889,FALSE,standard,718,0.953,0.169,0,0.22,Tuesday,2023,0
US,USD,PHP,web,413.44,413.44,6.86,58.823529,FALSE,enhanced,257,0.894,0.257,0,0.1,Tuesday,2023,0
US,USD,EUR,mobile,36.54,36.54,0.72,0.925926,TRUE,standard,263,0.522,0.223,0,0,Tuesday,2023,0
CA,CAD,CAD,web,436.58,323.07,7.63,1,FALSE,standard,172,0.881,0.199,1,0,Wednesday,2023,0
CA,CAD,NGN,unknown,94.6,70,2.93,822.222222,FALSE,low,615,0.515,0.355,0,0,Wednesday,2023,0
US,USD,CNY,web,151.65,151.65,2.89,7.142857,FALSE,standard,1018,0.934,0.087,1,0,Wednesday,2023,0
US,USD,NGN,mobile,192.05,192.05,4.15,1111.111111,FALSE,standard,147,0.551,0.391,0,0.25,Wednesday,2023,0
US,USD,CAD,web,268.77,410.97,110.92,1.351351,FALSE,unknown,298,0.68,0.166,0,0,Wednesday,2023,0
US,USD,NGN,web,126.73,126.73,3.45,1111.111111,FALSE,standard,263,0.522,0.223,0,0.25,Wednesday,2023,0
US,USD,EUR,ATM,48.02,48.02,1.73,0.925926,FALSE,standard,147,0.551,0.391,0,0,Wednesday,2023,0
US,USD,NGN,mobile,138.32,138.32,2.74,1111.111111,FALSE,standard,263,0.522,0.223,0,0.25,Wednesday,2023,0
US,USD,EUR,mobile,462.66,462.66,9.41,0.925926,TRUE,standard,298,0.336,0.166,8,0,-1,0,0
US,USD,CNY,web,49.13,49.13,0.94,7.142857,FALSE,standard,298,0.336,0.166,0,0,Thursday,2023,0
CA,CAD,GBP,mobile,308.99,228.65,5.44,0.592,FALSE,low,615,0.515,0.355,0,0,Thursday,2023,0
UK,GBP,CAD,mobile,134.4,168,2.78,1.689189,FALSE,standard,4,0.892,0.407,0,0,Thursday,2023,0
US,USD,CAD,web,115.87,115.87,3.66,1.351351,FALSE,standard,1018,0.934,0.087,0,0,Thursday,2023,0
US,USD,USD,web,80.89,80.89,2.38,1,FALSE,enhanced,367,0.939,0.176,0,0,Thursday,2023,0
US,USD,USD,mobile,241.16,241.16,4.69,1,FALSE,enhanced,367,0.939,0.176,1,0,Thursday,2023,0
UK,GBP,INR,web,251.38,314.23,4.08,104.166667,FALSE,standard,718,0.953,0.169,0,0,Thursday,2023,0
US,USD,INR,mobile,61.11,61.11,2.13,83.333333,FALSE,standard,298,0.336,0.166,0,0,Friday,2023,0
US,USD,PHP,mobile,342.93,342.93,6.29,58.823529,FALSE,standard,263,0.522,0.223,0,0.1,Thursday,2023,0
US,USD,NGN,web,58.28,58.28,2.19,1111.111111,FALSE,standard,263,0.522,0.223,0,0.25,Friday,2023,0
US,USD,PHP,mobile,360.15,360.15,7.31,58.823529,FALSE,standard,147,0.551,0.391,1,0.1,Friday,2023,0
US,USD,MXN,mobile,134.92,134.92,2.58,17.241379,FALSE,standard,1018,0.934,0.087,0,0.2,Friday,2023,0
US,USD,NGN,mobile,168.97,168.97,3.88,1111.111111,FALSE,enhanced,367,0.939,0.176,0,0.25,Friday,2023,0
US,USD,CNY,web,155.11,155.11,4.06,7.142857,FALSE,standard,1018,0.934,0.087,0,0,Friday,2023,0
US,USD,PHP,web,127.03,127.03,3.11,58.823529,FALSE,standard,298,0.336,0.166,0,0.1,Friday,2023,1
UK,GBP,INR,mobile,108.33,135.41,2.72,104.166667,FALSE,low,704,0.515,0.283,0,0,Friday,2023,0
US,USD,USD,mobile,37.83,37.83,1.78,1,FALSE,enhanced,367,0.939,0.176,0,0,Friday,2023,0
UK,GBP,PHP,mobile,168.39,210.49,4.24,73.529412,TRUE,standard,4,0.892,0.407,0,0,Saturday,2023,0
US,USD,USD,mobile,333.77,333.77,5.81,1,FALSE,standard,298,0.336,0.166,0,0,Saturday,2023,0
US,USD,INR,mobile,43,43,1.71,83.333333,FALSE,enhanced,257,0.894,0.257,1,0,Saturday,2023,0
US,USD,PHP,mobile,96.29,96.29,2.87,58.823529,FALSE,standard,298,0.336,0.166,0,0.1,Saturday,2023,0
UK,GBP,PHP,mobile,21.59,26.98,1.02,73.529412,FALSE,standard,4,0.892,0.407,0,0,Sunday,2023,0
US,USD,INR,mobile,93.13,93.13,3.03,83.333333,FALSE,standard,298,0.336,0.166,0,0,Sunday,2023,0
US,USD,CNY,web,196.19,196.19,3.48,7.142857,FALSE,standard,263,0.522,0.223,0,0,Sunday,2023,0
US,USD,PHP,web,163.19,163.19,3.39,58.823529,FALSE,standard,147,0.551,0.391,0,0.1,Sunday,2023,0
US,USD,NGN,web,141.48,141.48,3.98,1111.111111,TRUE,standard,263,0.522,0.223,0,0.25,Sunday,2023,0
UK,GBP,NGN,mobile,146.44,183.05,3.32,1388.888889,FALSE,standard,718,0.953,0.169,0,0.22,Sunday,2023,0
US,USD,GBP,mobile,177.69,177.69,3.7,0.8,FALSE,standard,34,0.427,0.068,0,0,Sunday,2023,0
US,USD,EUR,web,51.19,51.19,1.44,0.925926,FALSE,enhanced,367,0.939,0.176,0,0,Sunday,2023,0
US,USD,EUR,web,289.35,289.35,5.15,0.925926,FALSE,standard,147,0.551,0.391,4,0,Sunday,2023,0
 US  ,USD,EUR,ATM,40.1,40.1,1.55,0.925926,FALSE,enhanced,367,0.939,0.176,0,0,Sunday,2023,0
US,USD,USD,web,131.69,131.69,2.03,1,FALSE,standard,147,0.551,0.391,0,0,Wednesday,2023,0
US,USD,CNY,mobile,102.57,102.57,1.9,7.142857,FALSE,enhanced,661,0.92,0.259,0,0,Monday,2023,0
US,USD,GBP,mobile,238.47,238.47,4.48,0.8,FALSE,standard,147,0.551,0.391,1,0,Monday,2023,0
UK,GBP,NGN,mobile,445.73,557.17,6.74,1388.888889,FALSE,standard,4,0.892,0.407,0,0.22,Monday,2023,0
US,USD,INR,mobile,160.02,160.02,3.57,83.333333,FALSE,standard,298,0.336,0.166,0,0,Monday,2023,0
 US  ,USD,CAD,weeb,106.65,106.65,2.19,1.351351,FALSE,enhanced,367,0.939,0.176,0,0,Monday,2023,0
US,USD,MXN,mobile,242.02,242.02,4.38,17.241379,FALSE,standard,1018,0.934,0.087,3,0.2,Monday,2023,1
US,USD,EUR,web,494.6,494.6,8.42,0.925926,FALSE,standard,298,0.336,0.166,0,0,Monday,2023,0
US,USD,PHP,mobile,189.78,189.78,3.75,58.823529,FALSE,standard,298,0.336,0.166,0,0.1,Tuesday,2023,0
US,USD,EUR,ATM,210.58,210.58,3.97,0.925926,FALSE,standard,1018,0.934,0.087,0,0,Tuesday,2023,0
UK,GBP,CAD,mobile,109.81,137.26,2.1,1.689189,FALSE,standard,718,0.953,0.169,6,0,Tuesday,2023,0
US,USD,EUR,ATM,617.17,617.17,11.25,0.925926,FALSE,standard,1058,0.923,0.139,6,0,Tuesday,2023,0
US,USD,EUR,mobile,1085.38,1085.38,16.63,0.925926,FALSE,enhanced,257,0.894,0.257,0,0,Tuesday,2023,0
US,USD,GBP,mobile,92.71,92.71,2.66,0.8,FALSE,standard,147,0.551,0.391,0,0,Tuesday,2023,0
US,USD,USD,ATM,1021.97,1021.97,16.03,1,FALSE,enhanced,367,0.939,0.176,0,0,Wednesday,2023,0
CA,CAD,PHP,mobile,238.19,176.26,5.77,43.529412,FALSE,standard,947,0.625,0.268,0,0,Wednesday,2023,0
CA,CAD,USD,web,172.61,127.73,3.39,0.74,FALSE,standard,172,0.881,0.199,0,0,Wednesday,2023,0
US,USD,NGN,web,161.67,161.67,3.63,1111.111111,FALSE,standard,263,0.522,0.223,0,0.25,Wednesday,2023,0
US,USD,CNY,mobile,30.26,30.26,1.97,7.142857,FALSE,standard,298,0.336,0.166,0,0,Wednesday,2023,0
US,USD,CAD,ATM,47.89,47.89,1.49,1.351351,FALSE,standard,830,0.799,0.102,0,0,Wednesday,2023,0
US,USD,USD,mobile,59.64,59.64,1.69,1,FALSE,standard,1018,0.934,0.087,0,0,Wednesday,2023,0
US,USD,EUR,mobile,284.76,284.76,5.71,0.925926,FALSE,standard,298,0.336,0.166,0,0,Wednesday,2023,0
US,USD,INR,mobile,302.15,302.15,5.97,83.333333,TRUE,standard,1018,0.934,0.087,1,0,Wednesday,2023,0
CA,CAD,USD,mobile,63.51,47,2.4,0.74,FALSE,standard,947,0.625,0.268,1,0,Thursday,2023,0
US,USD,GBP,mobile,113.79,113.79,2.53,0.8,FALSE,standard,298,0.336,0.166,0,0,Thursday,2023,0
CA,CAD,PHP,mobile,311.11,230.22,5.33,43.529412,FALSE,standard,1041,0.867,0.245,0,0,Thursday,2023,0
US,USD,GBP,mobile,219.9,219.9,3.21,0.8,TRUE,standard,1018,0.934,0.087,0,0,Thursday,2023,0
US,USD,PHP,web,270.94,270.94,4.87,58.823529,FALSE,enhanced,257,0.894,0.257,0,0.1,Thursday,2023,0
US,USD,NGN,web,646.61,646.61,10.69,1111.111111,FALSE,standard,147,0.551,0.391,0,0.25,Thursday,2023,0
UK,GBP,PHP,mobile,117.46,146.83,2.98,73.529412,FALSE,standard,718,0.953,0.169,2,0,Thursday,2023,0
US,USD,GBP,web,90.76,90.76,2.68,0.8,FALSE,standard,298,0.336,0.166,0,0,Thursday,2023,0
US,USD,PHP,ATM,155.99,155.99,2.94,58.823529,FALSE,standard,263,0.522,0.223,0,0.1,Thursday,2023,0
UK,GBP,PHP,mobile,89.88,112.35,1.93,73.529412,FALSE,standard,4,0.892,0.407,0,0,Thursday,2023,0
US,USD,CNY,mobile,102.1,102.1,3.1,7.142857,FALSE,standard,147,0.551,0.391,0,0,Thursday,2023,0
US,USD,USD,web,87.44,87.44,2.21,1,FALSE,enhanced,257,0.894,0.257,0,0,Thursday,2023,0
UK,GBP,GBP,web,200.03,250.03,5.07,1,FALSE,standard,4,0.892,0.407,0,0,Thursday,2023,0
US,USD,EUR,ATM,92.74,92.74,1.48,0.925926,FALSE,standard,298,0.336,0.166,0,0,Friday,2023,0
US,USD,CNY,web,76.5,76.5,2.22,7.142857,FALSE,standard,298,0.336,0.166,0,0,Friday,2023,0
UK,GBP,CNY,web,317.42,396.77,6.2,8.928571,FALSE,standard,4,0.892,0.407,0,0,Friday,2023,0
US,USD,EUR,mobile,319.52,319.52,4.87,0.925926,FALSE,standard,263,0.522,0.223,8,0,Friday,2023,0
US,USD,NGN,mobile,123.85,123.85,3.03,1111.111111,FALSE,standard,263,0.522,0.223,0,0.25,Friday,2023,0
US,USD,CNY,ATM,102.04,102.04,2.6,7.142857,FALSE,standard,147,0.551,0.391,0,0,Friday,2023,0
US,USD,CAD,mobile,92.9,92.9,3.57,1.351351,FALSE,standard,263,0.522,0.223,0,0,Friday,2023,0
UK,GBP,INR,web,235.8,294.76,4.55,104.166667,FALSE,standard,718,0.953,0.169,0,0,Friday,2023,0
UK,GBP,GBP,mobile,121.3,151.63,2.11,1,TRUE,standard,4,0.892,0.407,0,0,Friday,2023,0
UK,GBP,CNY,mobile,185.13,231.42,3.51,8.928571,FALSE,standard,4,0.892,0.407,0,0,Friday,2023,0
US,USD,NGN,mobile,87.46,87.46,1.42,1111.111111,TRUE,enhanced,367,0.939,0.176,0,0.25,Friday,2023,0
US,USD,CAD,mobile,62.59,62.59,2.49,1.351351,FALSE,enhanced,367,0.939,0.176,0,0,Friday,2023,0
US,USD,GBP,mobile,106.59,106.59,2.36,0.8,FALSE,standard,263,0.522,0.223,0,0,Friday,2023,0
CA,CAD,CAD,mobile,925.44,684.83,14.9,1,FALSE,standard,725,0.824,0.212,0,0,Saturday,2023,0
US,USD,EUR,web,116.97,116.97,2.52,0.925926,FALSE,standard,263,0.522,0.223,0,0,Saturday,2023,0
US,USD,CNY,web,187.85,187.85,3.67,7.142857,FALSE,standard,298,0.336,0.166,0,0,Saturday,2023,0
US,USD,MXN,web,104.12,104.12,3.38,17.241379,FALSE,standard,263,0.372,0.223,0,0.2,Saturday,2023,0
US,USD,EUR,web,265.17,265.17,5.1,0.925926,FALSE,standard,1016,0.944,0.247,0,0,Saturday,2023,0
CA,CAD,GBP,ATM,488.97,361.84,8.22,0.592,FALSE,standard,172,0.881,0.199,0,0,Sunday,2023,0
UK,GBP,MXN,web,213.02,266.27,3.61,21.551724,FALSE,standard,718,0.953,0.169,0,0,Sunday,2023,0
US,USD,NGN,mobile,145.56,145.56,2.99,1111.111111,TRUE,standard,298,0.336,0.166,0,0.25,Sunday,2023,0
US,USD,CAD,mobille,353.04,353.04,6.23,1.351351,FALSE,standard,1018,0.934,0.087,0,0,Sunday,2023,0
US,USD,CAD,mobile,53.05,53.05,2.02,1.351351,FALSE,standard,1018,0.934,0.087,1,0,Sunday,2023,0
US,USD,CAD,mobile,53.67,53.67,2.02,1.351351,TRUE,enhanced,661,0.77,0.259,0,0,Sunday,2023,0
 US  ,USD,NGN,unknown,359.49,359.49,5.96,1111.111111,FALSE,standard,147,0.551,0.391,0,0.25,Saturday,2023,0
US,USD,CAD,mobile,206.77,206.77,4.05,1.351351,FALSE,low,113,0.494,0.042,0,0,Sunday,2023,0
UK,GBP,NGN,ATM,522.94,653.68,8.37,1388.888889,FALSE,standard,4,0.892,0.407,0,0.22,Sunday,2023,0
CA,CAD,MXN,mobile,109.49,81.02,1.91,12.758621,FALSE,low,824,0.607,0.282,0,0,Sunday,2023,0
US,USD,CNY,mobile,51.19,51.19,2.15,7.142857,FALSE,standard,1018,0.934,0.087,0,0,Saturday,2023,0
US,USD,PHP,web,99.39,99.39,1.91,58.823529,TRUE,standard,263,0.522,0.223,0,0.1,Monday,2023,0
US,USD,NGN,web,260.97,260.97,3.96,1111.111111,FALSE,enhanced,367,0.939,0.176,0,0.25,Monday,2023,0
US,USD,GBP,web,282.24,282.24,5.5,0.8,FALSE,standard,147,0.551,0.391,0,0,Monday,2023,0
US,USD,PHP,web,264.05,264.05,4.94,58.823529,FALSE,standard,263,0.522,0.223,0,0.1,Monday,2023,0
US,USD,GBP,web,60.64,60.64,1.34,0.8,FALSE,standard,147,0.551,0.391,0,0,Monday,2023,0
US,USD,CAD,web,50.72,50.72,2.82,1.351351,FALSE,enhanced,367,0.939,0.176,0,0,Monday,2023,0
US,USD,GBP,ATM,52.18,52.18,2.49,0.8,FALSE,standard,298,0.336,0.166,0,0,Monday,2023,0
CA,CAD,EUR,web,22.95,16.98,1.52,0.685185,FALSE,standard,172,0.881,0.199,0,0,Monday,2023,0
US,USD,GBP,web,426.31,426.31,7.5,0.8,FALSE,standard,34,0.427,0.068,0,0,Monday,2023,0
US,USD,MXN,mobile,106.21,106.21,-1,17.241379,FALSE,standard,298,-0.1,0.166,0,0.2,Monday,2023,0
UK,GBP,INR,mobile,334.49,418.11,5.75,104.166667,TRUE,standard,4,0.892,0.407,0,0,Monday,2023,0
 US  ,USD,EUR, mobile  ,34.11,34.11,1.68,0.925926,TRUE,standard,298,0.336,0.166,7,0,Monday,2023,0
US,USD,PHP,web,409.14,409.14,6.8,58.823529,FALSE,standard,830,0.799,0.102,0,0.1,Monday,2023,0
CA,CAD,CAD,web,237.17,175.51,4.57,1,FALSE,low,824,0.607,0.282,0,0,Monday,2023,0
US,USD,CNY,web,172.39,410.97,110.92,7.142857,FALSE,unknown,367,0.68,0.176,0,0,Monday,2023,0
US,USD,GBP,mobile,21.18,21.18,1.83,0.8,TRUE,standard,263,0.522,0.223,0,0,Tuesday,2023,0
UK,GBP,NGN,ATM,54.26,67.82,2.44,1388.888889,FALSE,standard,718,0.953,0.169,0,0.22,Tuesday,2023,0
US,USD,EUR,mobile,127.96,127.96,3.72,0.925926,FALSE,standard,298,0.336,0.166,0,0,Tuesday,2023,0
US,USD,CAD,web,151,151,2.58,1.351351,FALSE,enhanced,367,0.939,0.176,0,0,Tuesday,2023,0
US,USD,USD,web,95.26,95.26,2.11,1,TRUE,standard,1018,0.784,0.087,0,0,Tuesday,2023,0
US,USD,PHP,web,37.11,37.11,1.38,58.823529,FALSE,standard,1016,0.944,0.247,0,0.1,Tuesday,2023,0
US,USD,NGN,web,102.22,102.22,2.37,1111.111111,FALSE,standard,263,0.522,0.223,0,0.25,Tuesday,2023,0
UK,GBP,PHP,mobile,122.37,152.96,2.59,73.529412,FALSE,standard,718,0.953,0.169,0,0,Tuesday,2023,0
UK,GBP,USD,mobile,441.81,552.26,7.47,1.25,FALSE,standard,4,0.892,0.407,0,0,Tuesday,2023,0
UK,GBP,CNY,mobile,210.47,263.09,4.08,8.928571,FALSE,standard,4,0.892,0.407,0,0,Tuesday,2023,0
US,USD,CAD,web,156.37,156.37,3.23,1.351351,FALSE,enhanced,257,0.894,0.257,0,0,Wednesday,2023,0
CA,CAD,GBP,web,140.16,103.72,3.45,0.592,FALSE,standard,947,0.625,0.268,0,0,Wednesday,2023,0
US,USD,CNY,web,464.34,464.34,8.24,7.142857,FALSE,standard,263,0.522,0.223,0,0,Wednesday,2023,0
US,USD,NGN,mobile,189.02,189.02,3.18,1111.111111,FALSE,standard,298,0.186,0.166,0,0.25,Wednesday,2023,0
CA,CAD,USD,mobile,66.6,49.28,1.56,0.74,FALSE,low,824,0.607,0.282,0,0,Wednesday,2023,0
UK,GBP,MXN,ATM,159.68,199.61,2.5,21.551724,FALSE,standard,4,0.892,0.407,0,0,Wednesday,2023,0
UK,GBP,CAD,mobile,81.57,101.96,1.97,1.689189,FALSE,standard,718,0.953,0.169,0,0,Wednesday,2023,0
US,USD,EUR,web,637.97,637.97,11.32,0.925926,FALSE,enhanced,367,0.939,0.176,0,0,Wednesday,2023,0
US,USD,CAD,mobile,102.3,102.3,2.99,1.351351,FALSE,standard,298,0.336,0.166,0,0,Wednesday,2023,0
US,USD,EUR,MOBILE,44.24,44.24,1.26,0.925926,FALSE,standard,147,0.551,0.391,0,0,Wednesday,2023,0
US,USD,CNY,mobile,260.83,260.83,5.75,7.142857,FALSE,standard,147,0.551,0.391,0,0,Thursday,2023,0
US,USD,EUR,web,56.29,56.29,1.52,0.925926,FALSE,standard,147,0.551,0.391,0,0,Thursday,2023,0
US,USD,PHP,mobile,24.83,24.83,1.8,58.823529,FALSE,standard,298,0.336,0.166,0,0.1,Thursday,2023,0
US,USD,GBP,ATM,199.02,199.02,2.92,0.8,FALSE,standard,298,0.336,0.166,0,0,Thursday,2023,0
US,USD,NGN,web,39.97,39.97,-1,1111.111111,FALSE,standard,1018,-0.1,0.087,0,0.25,Thursday,2023,0
UK,GBP,PHP,web,70.98,88.72,-1,73.529412,FALSE,standard,718,-0.1,0.169,0,0,Thursday,2023,0
US,USD,MXN,mobile,65.54,65.54,1.47,17.241379,FALSE,standard,263,0.522,0.223,0,0.2,Thursday,2023,0
US,USD,CNY,web,608.01,608.01,9.35,7.142857,FALSE,standard,263,0.522,0.223,0,0,Thursday,2023,0
US,USD,INR,mobile,145.96,145.96,3.16,83.333333,FALSE,standard,263,0.522,0.223,0,0,Thursday,2023,0
US,USD,USD,web,458.86,458.86,7.51,1,FALSE,standard,263,0.522,0.223,0,0,Thursday,2023,0
US,USD,EUR,mobile,60.67,60.67,2.27,0.925926,FALSE,enhanced,367,0.939,0.176,0,0,Thursday,2023,0
US,USD,CAD,mobile,41.23,41.23,1.19,1.351351,FALSE,standard,1018,0.934,0.087,0,0,Friday,2023,0
US,USD,CAD,web,650.11,650.11,9.74,1.351351,FALSE,standard,147,0.551,0.391,0,0,Friday,2023,0
US,USD,NGN,mobile,167.28,167.28,4.22,1111.111111,FALSE,standard,263,0.522,0.223,0,0.25,Friday,2023,0
UK,GBP,USD,MOBILE,600.16,750.19,9.32,1.25,FALSE,standard,4,0.892,0.407,0,0,Friday,2023,0
US,USD,MXN,mobile,211.66,211.66,4.04,17.241379,FALSE,standard,1018,0.784,0.087,0,0.2,Friday,2023,0
UK,GBP,GBP,web,119.28,149.1,2.79,1,FALSE,standard,718,0.953,0.169,0,0,Friday,2023,0
US,USD,CAD,ATM,325.07,325.07,7.14,1.351351,TRUE,enhanced,661,0.92,0.259,7,0,Friday,2023,0
US,USD,CAD,web,130.34,130.34,3.21,1.351351,TRUE,enhanced,367,0.939,0.176,0,0,Friday,2023,0
US,USD,EUR,mobile,40.79,40.79,1.27,0.925926,TRUE,standard,830,0.799,0.102,0,0,Friday,2023,0
US,USD,PHP,mobile,53.93,53.93,1.38,58.823529,FALSE,standard,298,0.336,0.166,1,0.1,Friday,2023,0
US,USD,NGN,MOBILE,260.31,260.31,5.28,1111.111111,FALSE,standard,263,0.522,0.223,1,0.25,Saturday,2023,0
US,USD,CNY,mobile,135.55,135.55,2.57,7.142857,FALSE,enhanced,367,0.939,0.176,0,0,Saturday,2023,0
US,USD,INR,web,272.61,272.61,4.76,83.333333,FALSE,standard,263,0.522,0.223,0,0,Saturday,2023,0
UK,GBP,GBP,web,706.35,882.94,11.36,1,FALSE,standard,4,0.892,0.407,0,0,Saturday,2023,0
US,USD,USD,ATM,90.73,90.73,2.16,1,TRUE,standard,298,0.336,0.166,0,0,Saturday,2023,0
US,USD,EUR,unknown,122.11,122.11,2.76,0.925926,FALSE,standard,298,0.336,0.166,0,0,Saturday,2023,0
UK,GBP,NGN,mobile,193.81,242.27,4.19,1388.888889,FALSE,standard,4,0.892,0.407,0,0.22,Saturday,2023,0
US,USD,GBP,mobile,446.52,446.52,7.27,0.8,FALSE,standard,298,0.336,0.166,0,0,Saturday,2023,0
US,USD,INR,mobile,57.29,57.29,1.17,83.333333,FALSE,standard,147,0.551,0.391,0,0,Saturday,2023,0
UK,GBP,PHP,web,116.88,146.11,2.89,73.529412,FALSE,standard,4,0.892,0.407,0,0,Saturday,2023,0
CA,CAD,NGN,web,191.52,141.73,3.96,822.222222,TRUE,standard,725,0.824,0.212,0,0,Saturday,2023,0
UK,GBP,CAD,ATM,503.07,628.84,8.55,1.689189,TRUE,standard,718,0.953,0.169,0,0,Saturday,2023,0
CA,CAD,CNY,web,558.35,413.18,9.06,5.285714,FALSE,standard,947,0.625,0.268,1,0,Saturday,2023,0
US,USD,NGN,mobile,70.82,70.82,2.68,1111.111111,FALSE,enhanced,367,0.939,0.176,1,0.25,Saturday,2023,0
unknown,USD,CAD,unknown,28.18,28.18,1.36,1.351351,FALSE,standard,263,0.522,0.223,0,0,Saturday,2023,0
US,USD,NGN,mobile,218.24,218.24,-1,1111.111111,FALSE,standard,147,-0.1,0.391,1,0.25,Saturday,2023,0
US,USD,CNY,mobile,212.17,212.17,3.59,7.142857,TRUE,standard,1092,0.454,0.462,0,0,Saturday,2023,0
UK,GBP,PHP,mobile,187.55,234.43,3.33,73.529412,TRUE,standard,4,0.892,0.407,0,0,Saturday,2023,0
US,USD,EUR,mobile,43.42,43.42,-1,0.925926,FALSE,standard,1018,-0.1,0.087,0,0,Sunday,2023,0
CA,CAD,CAD,mobile,216.14,159.94,3.94,1,FALSE,standard,725,0.824,0.212,0,0,Sunday,2023,0
US,USD,CNY,web,649.02,649.02,11.12,7.142857,FALSE,enhanced,257,0.894,0.257,8,0,Sunday,2023,0
US,USD,NGN,mobile,461.76,461.76,7.77,1111.111111,FALSE,enhanced,367,0.939,0.176,0,0.25,Sunday,2023,0
US,USD,USD,mobile,136.56,136.56,2.48,1,FALSE,standard,263,0.522,0.223,0,0,Sunday,2023,0
US,USD,MXN,ATM,-255.93,255.93,9999.99,17.241379,FALSE,standard,298,-0.1,0.166,0,0.2,Sunday,2023,0
US,USD,NGN,ATM,41.6,41.6,1.44,1111.111111,FALSE,standard,34,0.427,0.068,0,0.25,Sunday,2023,0
CA,CAD,CNY,mobile,174.89,129.42,4.09,5.285714,FALSE,standard,947,0.625,0.268,1,0,Sunday,2023,0
US,USD,GBP,ATM,118.1,118.1,2.6,0.8,FALSE,standard,263,0.522,0.223,0,0,Sunday,2023,0
US,USD,USD,web,55.03,55.03,2.1,1,FALSE,standard,298,0.336,0.166,0,0,Sunday,2023,0
US,USD,NGN,mobile,163.55,163.55,3.73,1111.111111,TRUE,enhanced,367,0.939,0.176,0,0.25,Monday,2023,0
US,USD,NGN,web,84.72,84.72,2.73,1111.111111,FALSE,enhanced,367,0.939,0.176,0,0.25,Monday,2023,0
UK,GBP,GBP,mobile,120.18,150.22,2.83,1,FALSE,standard,4,0.892,0.407,0,0,-1,0,0
US,USD,USD,mobile,174.86,174.86,3.14,1,FALSE,standard,298,0.336,0.166,0,0,Monday,2023,0
CA,CAD,CAD,web,89.11,65.94,2.49,1,FALSE,standard,725,0.824,0.212,0,0,Monday,2023,0
UK,GBP,MXN,ATM,345.44,431.8,5.78,21.551724,FALSE,standard,4,0.742,0.407,0,0,Monday,2023,0
UK,GBP,NGN,ATM,340.79,425.99,6.52,1388.888889,FALSE,standard,4,0.892,0.407,0,0.22,Tuesday,2023,0
US,USD,CNY,mobile,93.29,93.29,1.96,7.142857,FALSE,standard,1016,0.944,0.247,0,0,Tuesday,2023,0
US,USD,INR,mobile,125.61,125.61,3.41,83.333333,FALSE,enhanced,257,0.894,0.257,1,0,Tuesday,2023,0
US,USD,INR,mobile,429.06,429.06,7.44,83.333333,FALSE,enhanced,257,0.894,0.257,0,0,Tuesday,2023,0
CA,CAD,CAD,mobile,29.96,22.17,1.96,1,FALSE,standard,172,0.881,0.199,0,0,Tuesday,2023,0
US,USD,GBP,web,171.23,171.23,4.39,0.8,FALSE,standard,1016,0.944,0.247,0,0,Tuesday,2023,0
US,USD,NGN,mobile,137.11,137.11,3.58,1111.111111,FALSE,standard,263,0.522,0.223,0,0.25,Tuesday,2023,0
UK,GBP,USD,mobile,411.63,514.53,7.65,1.25,TRUE,standard,718,0.953,0.169,0,0,Tuesday,2023,0
US,USD,PHP,web,132.66,132.66,2.08,58.823529,FALSE,standard,298,0.336,0.166,0,0.1,Tuesday,2023,0
US,USD,EUR,web,147.77,147.77,2.77,0.925926,FALSE,standard,263,0.372,0.223,3,0,Tuesday,2023,0
US,USD,USD,mobile,628.97,628.97,10.64,1,FALSE,standard,298,0.336,0.166,0,0,Tuesday,2023,0
UK,GBP,USD,web,52.24,65.3,2.17,1.25,FALSE,standard,4,0.892,0.407,0,0,Tuesday,2023,0
US,USD,CNY,mobile,288.88,288.88,5.03,7.142857,FALSE,standard,298,0.336,0.166,0,0,Tuesday,2023,0
US,USD,CAD,mobile,731.65,731.65,11.92,1.351351,FALSE,standard,1018,0.934,0.087,0,0,Wednesday,2023,0
US,USD,CNY,web,237.37,237.37,5.26,7.142857,FALSE,enhanced,367,0.939,0.176,0,0,Wednesday,2023,0
US,USD,PHP,web,92.54,92.54,1.92,58.823529,FALSE,enhanced,257,0.894,0.257,0,0.1,Wednesday,2023,0
US,USD,CAD,mobile,159.07,159.07,3.39,1.351351,FALSE,enhanced,367,0.939,0.176,1,0,Wednesday,2023,0
US,USD,PHP,mobile,382.92,382.92,7,58.823529,FALSE,standard,263,0.522,0.223,0,0.1,Wednesday,2023,0
UK,GBP,USD,mobile,316.18,395.22,6.04,1.25,FALSE,standard,4,0.742,0.407,0,0,Wednesday,2023,0
US,USD,EUR,web,243.82,243.82,4.87,0.925926,FALSE,standard,1018,0.934,0.087,0,0,Wednesday,2023,0
US,USD,PHP,mobile,168.74,168.74,2.79,58.823529,FALSE,standard,1016,0.794,0.247,0,0.1,Wednesday,2023,0
US,USD,INR,mobile,175.29,175.29,4.22,83.333333,FALSE,standard,1016,0.944,0.247,0,0,Wednesday,2023,0
UK,GBP,GBP,web,120.16,150.2,3.11,1,FALSE,standard,4,0.742,0.407,0,0,Wednesday,2023,0
US,USD,USD,mobile,70.98,70.98,1.54,1,FALSE,low,616,0.702,0.361,0,0,Wednesday,2023,0
US,USD,NGN,mobile,150.66,150.66,3.61,1111.111111,FALSE,standard,1018,0.934,0.087,0,0.25,Wednesday,2023,0
US,USD,MXN,web,476.44,476.44,8.11,17.241379,FALSE,standard,1016,0.944,0.247,0,0.2,Wednesday,2023,0
US,USD,CAD,mobile,75.79,75.79,1.76,1.351351,FALSE,standard,298,0.336,0.166,7,0,Thursday,2023,0
UK,GBP,INR,mobile,360.52,450.66,7.17,104.166667,FALSE,standard,4,0.892,0.407,0,0,Thursday,2023,0
US,USD,CAD,mobile,332.46,332.46,5.89,1.351351,FALSE,enhanced,257,0.894,0.257,0,0,Thursday,2023,0
UK,GBP,MXN,web,179.74,224.68,3.89,21.551724,FALSE,standard,718,0.953,0.169,0,0,Thursday,2023,0
US,USD,INR,mobile,285.49,285.49,5.05,83.333333,FALSE,enhanced,367,0.939,0.176,0,0,Thursday,2023,0
US,USD,CAD,web,90.85,90.85,2.56,1.351351,FALSE,standard,298,0.336,0.166,0,0,Thursday,2023,0
US,USD,INR,mobile,113.76,410.97,110.92,83.333333,FALSE,unknown,147,0.68,0.391,0,0,Friday,2023,0
US,USD,NGN,mobile,248.96,248.96,4.56,1111.111111,FALSE,standard,298,0.336,0.166,0,0.25,Friday,2023,0
US,USD,GBP,mobile,110.52,110.52,1.92,0.8,FALSE,standard,34,0.277,0.068,0,0,Friday,2023,0
UK,GBP,NGN,web,570.63,713.28,10.21,1388.888889,FALSE,standard,4,0.892,0.407,0,0.22,Friday,2023,1
US,USD,GBP,ATM,353.37,353.37,6.55,0.8,FALSE,standard,298,0.336,0.166,0,0,Friday,2023,0
UK,GBP,MXN,web,44.97,56.21,2.09,21.551724,FALSE,standard,4,0.892,0.407,0,0,Friday,2023,0
US,USD,CNY,MOBILE,104.19,104.19,2.07,7.142857,FALSE,low,616,0.702,0.361,0,0,Friday,2023,0
US,USD,NGN,mobile,223.08,223.08,4.55,1111.111111,FALSE,standard,263,0.522,0.223,0,0.25,Saturday,2023,0
US,USD,PHP,mobile,114.66,114.66,3.08,58.823529,FALSE,standard,147,0.551,0.391,0,0.1,Saturday,2023,0
UK,GBP,NGN,mobile,440.31,550.38,6.86,1388.888889,FALSE,standard,4,0.892,0.407,0,0.22,Saturday,2023,0
US,USD,INR,web,73,73,2.32,83.333333,FALSE,enhanced,257,0.894,0.257,0,0,Saturday,2023,0
US,USD,CNY,mobile,581.96,581.96,9.59,7.142857,FALSE,enhanced,367,0.939,0.176,0,0,Saturday,2023,0
unknown,USD,NGN,MOBILE,102.92,102.92,3.15,1111.111111,FALSE,enhanced,257,0.894,0.257,0,0.25,Saturday,2023,0
US,USD,USD,mobile,50.83,50.83,1.58,1,FALSE,standard,298,0.336,0.166,0,0,Saturday,2023,0
US,USD,CNY,mobile,172.14,172.14,4.14,7.142857,FALSE,standard,1016,0.944,0.247,4,0,Saturday,2023,0
UK,GBP,CNY,mobile,192.21,240.27,3.27,8.928571,TRUE,standard,718,0.803,0.169,0,0,Saturday,2023,0
US,USD,USD,web,155.24,410.97,110.92,1,FALSE,unknown,367,0.68,0.176,0,0,Saturday,2023,0
US,USD,INR,web,628.15,628.15,10.57,83.333333,TRUE,standard,298,0.336,0.166,0,0,Sunday,2023,0
US,USD,PHP,web,239.18,239.18,4.39,58.823529,FALSE,standard,638,0.839,0.244,0,0.1,Sunday,2023,0
US,USD,PHP,mobile,82.75,82.75,2.12,58.823529,FALSE,standard,1018,0.934,0.087,0,0.1,-1,0,0
US,USD,PHP,mobile,789.17,410.97,110.92,58.823529,FALSE,unknown,257,0.68,0.257,0,0.1,Sunday,2023,0
US,USD,GBP,mobile,115.85,115.85,2.88,0.8,FALSE,enhanced,367,0.939,0.176,0,0,Saturday,2023,0
US,USD,USD,mobile,78.06,78.06,1.81,1,FALSE,standard,830,0.799,0.102,0,0,Sunday,2023,0
US,USD,INR,mobile,56.9,56.9,1.9,83.333333,FALSE,standard,147,0.401,0.391,0,0,Sunday,2023,0
UK,GBP,INR,mobile,92.52,115.65,1.84,104.166667,TRUE,standard,4,0.892,0.407,0,0,Sunday,2023,0
US,USD,CAD,mobile,245.39,245.39,4.49,1.351351,TRUE,standard,1018,0.934,0.087,0,0,Sunday,2023,0
US,USD,EUR,web,86.58,86.58,1.99,0.925926,FALSE,standard,298,0.336,0.166,0,0,Sunday,2023,0
US,USD,USD,mobile,152.53,152.53,3.03,1,FALSE,standard,263,0.522,0.223,0,0,Sunday,2023,0
US,USD,NGN,mobile,135.16,135.16,3.27,1111.111111,TRUE,standard,298,0.336,0.166,0,0.25,Monday,2023,0
US,USD,USD,mobile,50.95,50.95,2.6,1,FALSE,standard,147,0.551,0.391,0,0,Monday,2023,0
US,USD,GBP,mobile,131.1,131.1,2.28,0.8,FALSE,enhanced,367,0.939,0.176,0,0,Monday,2023,0
US,USD,PHP,web,290.55,290.55,3.81,58.823529,FALSE,enhanced,257,0.894,0.257,0,0.1,Monday,2023,0
CA,CAD,EUR,ATM,290.05,214.64,5.31,0.685185,FALSE,low,824,0.607,0.282,0,0,Monday,2023,0
US,USD,CNY,web,9993.9,9993.9,151.08,7.142857,FALSE,standard,263,0.522,0.223,0,0,Monday,2023,0
US,USD,EUR,web,147.08,147.08,3.63,0.925926,FALSE,enhanced,257,0.894,0.257,0,0,Tuesday,2023,0
US,USD,CAD,mobile,257.91,257.91,5,1.351351,TRUE,standard,298,0.336,0.166,0,0,Tuesday,2023,0
UK,GBP,NGN,mobile,334.92,418.65,5.23,1388.888889,FALSE,standard,4,0.892,0.407,0,0.22,Tuesday,2023,0
UK,GBP,MXN,mobile,127.61,159.51,2.93,21.551724,FALSE,standard,4,0.892,0.407,1,0,-1,0,1
US,USD,EUR,web,186.83,186.83,3.57,0.925926,FALSE,standard,1018,0.934,0.087,0,0,Tuesday,2023,0
US,USD,EUR,web,336.68,336.68,6.6,0.925926,TRUE,standard,1018,0.934,0.087,0,0,Tuesday,2023,0
UK,GBP,PHP,mobile,166.37,207.97,3.51,73.529412,TRUE,standard,4,0.742,0.407,0,0,Tuesday,2023,0
US,USD,PHP,web,-153.12,153.12,9999.99,58.823529,FALSE,standard,298,-0.1,0.166,0,0.1,Tuesday,2023,0
US,USD,INR,mobile,119.55,119.55,3.39,83.333333,FALSE,standard,1016,0.944,0.247,0,0,Tuesday,2023,0
CA,CAD,CNY,web,361.86,410.97,-1,5.285714,FALSE,unknown,1041,-0.1,0.245,0,0,Wednesday,2023,0
US,USD,EUR,mobile,401.7,401.7,6.62,0.925926,FALSE,standard,298,0.336,0.166,0,0,Wednesday,2023,0
US,USD,PHP,mobile,55.09,55.09,1.67,58.823529,FALSE,standard,263,0.372,0.223,1,0.1,Wednesday,2023,0
UK,GBP,CAD,web,99.67,124.59,1.97,1.689189,FALSE,standard,4,0.892,0.407,4,0,Wednesday,2023,0
US,USD,EUR,mobile,337.05,337.05,6.71,0.925926,FALSE,standard,1018,0.934,0.087,0,0,Wednesday,2023,0
US,USD,CNY,ATM,65.46,65.46,1.32,7.142857,FALSE,standard,298,0.336,0.166,0,0,Wednesday,2023,0
US,USD,NGN,mobile,311.76,311.76,5.55,1111.111111,FALSE,standard,1018,0.934,0.087,0,0.25,Wednesday,2023,0
US,USD,USD,mobile,397.12,410.97,110.92,1,FALSE,unknown,298,0.68,0.166,0,0,Thursday,2023,0
US,USD,EUR,mobile,527.44,527.44,9.09,0.925926,FALSE,standard,263,0.522,0.223,0,0,Thursday,2023,0
US,USD,GBP,mobile,192.32,192.32,3.58,0.8,FALSE,standard,263,0.522,0.223,0,0,Thursday,2023,0
US,USD,USD,mobile,72.66,72.66,1.98,1,FALSE,standard,1018,0.934,0.087,0,0,Thursday,2023,0
US,USD,NGN,web,130.23,130.23,3.56,1111.111111,FALSE,standard,298,0.336,0.166,0,0.25,Thursday,2023,0
CA,CAD,CAD,mobile,59.45,43.99,1.69,1,FALSE,standard,947,0.625,0.268,0,0,Thursday,2023,0
US,USD,INR,mobile,63.02,63.02,1.52,83.333333,FALSE,standard,298,0.186,0.166,0,0,Thursday,2023,0
US,USD,GBP,mobile,118.2,118.2,2.38,0.8,TRUE,standard,34,0.427,0.068,0,0,Thursday,2023,0
UK,GBP,NGN,mobile,174.18,217.72,3.55,1388.888889,FALSE,standard,4,0.892,0.407,0,0.22,Thursday,2023,0
 US  ,USD,GBP,weeb,139.15,139.15,1.9,0.8,FALSE,standard,1016,0.944,0.247,0,0,Thursday,2023,0
UK,GBP,NGN,web,29.11,36.39,0.81,1388.888889,FALSE,standard,4,0.892,0.407,0,0.22,Thursday,2023,0
US,USD,NGN,mobile,209.66,209.66,4.06,1111.111111,TRUE,standard,147,0.551,0.391,0,0.25,Tuesday,2023,0
US,USD,NGN,ATM,89.63,89.63,2.51,1111.111111,FALSE,standard,147,0.551,0.391,0,0.25,Friday,2023,0
US,USD,MXN,mobile,75.78,75.78,2.3,17.241379,TRUE,standard,298,0.336,0.166,0,0.2,Friday,2023,0
CA,CAD,NGN,web,208.08,153.98,3.98,822.222222,FALSE,low,615,0.515,0.355,0,0,Friday,2023,0
US,USD,EUR,ATM,188.21,188.21,4.13,0.925926,FALSE,standard,147,0.551,0.391,0,0,Friday,2023,0
UK,GBP,MXN,mobile,141.48,176.85,3.23,21.551724,FALSE,standard,4,0.892,0.407,0,0,Friday,2023,0
US,USD,CNY,web,262.01,262.01,5.27,7.142857,FALSE,enhanced,367,0.939,0.176,0,0,Friday,2023,0
US,USD,CAD,mobile,9997.76,9997.76,150.91,1.351351,FALSE,standard,147,0.551,0.391,0,0,Friday,2023,0
UK,GBP,GBP,mobile,82.73,103.41,1.34,1,TRUE,standard,4,0.742,0.407,0,0,Friday,2023,0
US,USD,EUR,mobile,58.17,58.17,0.71,0.925926,FALSE,standard,1016,0.944,0.247,1,0,Friday,2023,0
UK,GBP,MXN,web,207.59,259.48,3.28,21.551724,FALSE,standard,4,0.892,0.407,1,0,Friday,2023,0
US,USD,CAD,mobile,161.34,161.34,3.64,1.351351,FALSE,standard,298,0.336,0.166,0,0,Saturday,2023,0
US,USD,INR,mobile,139.59,139.59,2.96,83.333333,FALSE,standard,1018,0.934,0.087,0,0,Saturday,2023,0
US,USD,PHP, web  ,130.88,130.88,3.02,58.823529,FALSE,enhanced,367,0.939,0.176,0,0.1,Saturday,2023,0
US,USD,CNY,mobile,32.12,32.12,1.41,7.142857,FALSE,enhanced,367,0.939,0.176,1,0,Saturday,2023,0
US,USD,CAD,mobile,198.22,198.22,4.04,1.351351,FALSE,standard,298,0.336,0.166,0,0,Saturday,2023,0
US,USD,EUR,mobile,68.01,68.01,1.57,0.925926,TRUE,enhanced,661,0.92,0.259,0,0,Saturday,2023,0
US,USD,USD,mobile,148.94,148.94,-1,1,FALSE,enhanced,367,-0.1,0.176,0,0,Saturday,2023,0
CA,CAD,PHP,web,139.96,103.57,3.37,43.529412,FALSE,standard,947,0.625,0.268,0,0,Saturday,2023,0
UK,GBP,USD,mobile,129.8,162.25,3.43,1.25,FALSE,standard,718,0.953,0.169,1,0,Saturday,2023,0
US,USD,NGN,mobile,92.26,92.26,2.61,1111.111111,FALSE,enhanced,367,0.789,0.176,1,0.25,Sunday,2023,0
US,USD,EUR,web,449.77,449.77,7.7,0.925926,FALSE,standard,1018,0.934,0.087,0,0,Sunday,2023,0
US,USD,PHP,mobile,53.77,53.77,2.15,58.823529,FALSE,standard,147,0.551,0.391,0,0.1,Sunday,2023,0
US,USD,EUR,mobile,327.39,327.39,4.94,0.925926,FALSE,standard,263,0.522,0.223,0,0,Sunday,2023,0
UK,GBP,EUR,mobile,139.3,174.13,3.52,1.157407,FALSE,standard,4,0.892,0.407,0,0.05,Sunday,2023,0
US,USD,INR,mobile,9998.66,9998.66,151.4,83.333333,TRUE,standard,1018,0.934,0.087,0,0,Sunday,2023,0
US,USD,NGN,web,789.44,789.44,12.89,1111.111111,TRUE,enhanced,367,0.939,0.176,1,0.25,Sunday,2023,0
US,USD,GBP,web,294.78,294.78,4.96,0.8,FALSE,standard,263,0.522,0.223,0,0,Sunday,2023,0
US,USD,EUR,ATM,242.6,242.6,5.32,0.925926,TRUE,enhanced,661,0.92,0.259,0,0,Monday,2023,0
US,USD,MXN,mobile,36.67,36.67,1.45,17.241379,FALSE,standard,147,0.551,0.391,0,0.2,Monday,2023,0
UK,GBP,MXN,web,204.15,255.19,3.88,21.551724,FALSE,standard,718,0.953,0.169,0,0,Monday,2023,0
US,USD,CNY,mobile,227.53,227.53,4.24,7.142857,TRUE,low,616,0.702,0.361,0,0,Monday,2023,0
US,USD,USD,mobile,285.37,285.37,5.18,1,FALSE,standard,1016,0.794,0.247,0,0,Monday,2023,0
UK,GBP,PHP,mobile,280.96,351.2,4.75,73.529412,TRUE,standard,4,0.892,0.407,0,0,Monday,2023,0
CA,CAD,USD,mobile,316.99,234.57,6.21,0.74,FALSE,standard,1041,0.867,0.245,0,0,Monday,2023,0
US,USD,USD,mobile,88.91,88.91,2.44,1,FALSE,standard,1018,0.934,0.087,0,0,Tuesday,2023,0
UK,GBP,CAD,web,36.4,45.5,1.88,1.689189,FALSE,standard,718,0.953,0.169,0,0,Tuesday,2023,0
CA,CAD,CAD,web,31.48,23.3,1.87,1,FALSE,standard,564,0.658,0.4,0,0,Tuesday,2023,0
CA,CAD,INR,web,455.26,336.89,7.47,61.666667,FALSE,low,214,0.596,0.233,0,0.12,Tuesday,2023,0
CA,CAD,EUR,mobile,30.27,22.4,1.43,0.685185,FALSE,standard,172,0.881,0.199,0,0,Tuesday,2023,0
US,USD,CNY,web,46.02,46.02,1.85,7.142857,FALSE,standard,1018,0.934,0.087,0,0,Wednesday,2023,0
CA,CAD,INR,mobile,35.7,26.42,0.8,61.666667,FALSE,enhanced,740,0.777,0.179,0,0.12,Wednesday,2023,0
CA,CAD,CAD,mobile,242.93,410.97,110.92,1,FALSE,unknown,824,0.68,0.282,0,0,Wednesday,2023,0
CA,CAD,USD,mobile,62.63,46.35,1.39,0.74,FALSE,low,824,0.607,0.282,0,0,Wednesday,2023,0
US,USD,CNY,mobile,70.99,70.99,1.42,7.142857,FALSE,standard,147,0.551,0.391,0,0,Wednesday,2023,0
CA,CAD,CNY,ATM,77.45,57.31,2.43,5.285714,FALSE,standard,947,0.625,0.268,0,0,Wednesday,2023,0
US,USD,EUR,mobile,266,266,4.61,0.925926,FALSE,standard,263,0.522,0.223,0,0,Wednesday,2023,0
UK,GBP,CNY,mobile,88.03,110.04,1.85,8.928571,FALSE,standard,718,0.953,0.169,0,0,Wednesday,2023,0
unknown,USD,GBP,unknown,91.35,91.35,1.8,0.8,TRUE,unknown,367,0.939,0.176,0,0,Thursday,2023,0
US,USD,USD,mobile,288.92,288.92,4.96,1,FALSE,standard,298,0.336,0.166,0,0,Thursday,2023,0
US,USD,USD,ATM,282.86,282.86,4.94,1,FALSE,standard,263,0.522,0.223,0,0,Thursday,2023,0
US,USD,CNY,web,46.81,46.81,1.2,7.142857,FALSE,standard,263,0.522,0.223,0,0,Thursday,2023,0
CA,CAD,EUR,web,120.3,89.02,3.98,0.685185,FALSE,low,824,0.607,0.282,0,0,Thursday,2023,0
US,USD,PHP,mobile,166.69,166.69,3.36,58.823529,FALSE,standard,1018,0.934,0.087,0,0.1,Thursday,2023,0
CA,CAD,PHP,mobile,384.01,284.17,6.81,43.529412,TRUE,standard,947,0.625,0.268,0,0,Thursday,2023,0
US,USD,NGN,ATM,93.09,93.09,2.14,1111.111111,FALSE,standard,34,0.427,0.068,0,0.25,Thursday,2023,0
US,USD,EUR,web,116.7,116.7,2.56,0.925926,FALSE,standard,263,0.372,0.223,0,0,Thursday,2023,0
UK,GBP,PHP,web,909.58,1136.97,14.84,73.529412,FALSE,standard,4,0.892,0.407,0,0,Thursday,2023,0
US,USD,USD,mobile,9997.99,9997.99,150.61,1,FALSE,standard,298,0.336,0.166,0,0,Thursday,2023,0
US,USD,EUR,ATM,26.04,26.04,-1,0.925926,TRUE,standard,147,-0.1,0.391,0,0,Thursday,2023,0
US,USD,USD,mobile,187.34,187.34,3.71,1,FALSE,standard,1016,0.794,0.247,0,0,Thursday,2023,0
US,USD,GBP,mobile,77.12,77.12,2.47,0.8,TRUE,enhanced,367,0.939,0.176,0,0,Thursday,2023,0
US,USD,USD,mobile,30.13,30.13,1.59,1,FALSE,standard,298,0.336,0.166,0,0,Thursday,2023,0
US,USD,EUR,web,60.09,60.09,1.55,0.925926,FALSE,standard,1016,0.944,0.247,0,0,Thursday,2023,0
UK,GBP,CAD,mobile,227.37,284.21,4.3,1.689189,FALSE,standard,4,0.892,0.407,0,0,Thursday,2023,0
UK,GBP,PHP,mobile,95.03,118.79,1.6,73.529412,FALSE,standard,4,0.892,0.407,0,0,Friday,2023,0
US,USD,GBP,mobile,19.15,19.15,1.66,0.8,FALSE,standard,263,0.522,0.223,0,0,Friday,2023,0
US,USD,CNY,mobile,126.3,126.3,3.39,7.142857,FALSE,standard,147,0.551,0.391,0,0,Friday,2023,0
US,USD,USD,mobille,91.31,91.31,0.96,1,FALSE,standard,298,0.336,0.166,0,0,Friday,2023,0
US,USD,PHP,mobile,122.88,122.88,3.17,58.823529,FALSE,standard,1018,0.934,0.087,0,0.1,Friday,2023,0
US,USD,NGN,mobile,75.12,75.12,2.45,1111.111111,FALSE,standard,263,0.522,0.223,0,0.25,Friday,2023,0
US,USD,GBP,mobile,29.64,29.64,1.46,0.8,TRUE,standard,147,0.551,0.391,0,0,Friday,2023,0
UK,GBP,CNY,web,259.62,324.52,5.08,8.928571,TRUE,standard,4,0.892,0.407,0,0,Friday,2023,0
US,USD,NGN,mobile,99.44,99.44,2.5,1111.111111,FALSE,standard,147,0.551,0.391,0,0.25,Friday,2023,0
US,USD,EUR,mobile,436.16,436.16,7.8,0.925926,FALSE,enhanced,367,0.789,0.176,0,0,Saturday,2023,0
US,USD,GBP,mobile,1140.27,1140.27,19.06,0.8,FALSE,enhanced,257,0.744,0.257,0,0,Saturday,2023,0
US,USD,NGN,mobile,1743.48,410.97,110.92,1111.111111,TRUE,unknown,257,0.68,0.257,0,0.25,Saturday,2023,0
CA,CAD,CNY,mobile,97.1,71.85,2.79,5.285714,FALSE,standard,725,0.824,0.212,0,0,Saturday,2023,0
UK,GBP,CNY,mobile,366.32,457.9,7.13,8.928571,FALSE,standard,4,0.892,0.407,0,0,Saturday,2023,0
UK,GBP,CAD,ATM,163.2,410.97,110.92,1.689189,FALSE,unknown,4,0.68,0.407,0,0,Saturday,2023,1
US,USD,CAD,web,96.98,96.98,2.23,1.351351,FALSE,enhanced,257,0.894,0.257,0,0,Saturday,2023,0
UK,GBP,GBP,mobile,131.33,164.17,2.09,1,FALSE,standard,4,0.892,0.407,0,0,Sunday,2023,0
US,USD,INR,web,44.31,44.31,1.51,83.333333,TRUE,standard,263,0.372,0.223,0,0,Sunday,2023,0
US,USD,CAD,mobile,110.42,110.42,2.77,1.351351,FALSE,standard,298,0.336,0.166,0,0,Sunday,2023,0
CA,CAD,CNY,web,569.36,421.32,9.92,5.285714,FALSE,low,615,0.515,0.355,0,0,Sunday,2023,0
US,USD,INR,mobile,64.33,64.33,1.9,83.333333,FALSE,standard,1018,0.934,0.087,0,0,Sunday,2023,0
US,USD,INR,web,1231.94,1231.94,19.03,83.333333,FALSE,enhanced,367,0.939,0.176,0,0,Sunday,2023,0
US,USD,USD,web,131.09,131.09,3.28,1,FALSE,enhanced,367,0.939,0.176,0,0,Sunday,2023,0
US,USD,CNY,mobile,68.86,68.86,1.69,7.142857,FALSE,enhanced,257,0.894,0.257,0,0,Sunday,2023,0
US,USD,EUR,web,124.88,124.88,2.81,0.925926,FALSE,standard,1018,0.934,0.087,0,0,Sunday,2023,0
US,USD,CAD,mobile,73.8,73.8,1.92,1.351351,FALSE,standard,298,0.336,0.166,0,0,Sunday,2023,0
US,USD,EUR,mobile,392.41,410.97,110.92,0.925926,FALSE,unknown,367,0.68,0.176,0,0,Sunday,2023,0
US,USD,EUR,web,1047.65,1047.65,18.16,0.925926,FALSE,standard,830,0.799,0.102,0,0,Monday,2023,0
US,USD,USD,mobile,158.4,158.4,3.53,1,FALSE,enhanced,367,0.939,0.176,0,0,Monday,2023,0
UK,GBP,MXN,MOBILE,110.77,138.46,3.52,21.551724,FALSE,standard,4,0.742,0.407,0,0,Monday,2023,0
US,USD,CNY,mobile,94.48,94.48,2.38,7.142857,FALSE,standard,1018,0.784,0.087,0,0,Monday,2023,0
US,USD,NGN,web,146,146,3.13,1111.111111,FALSE,standard,263,0.522,0.223,0,0.25,Monday,2023,0
US,USD,PHP,ATM,41.23,41.23,1.26,58.823529,FALSE,standard,298,0.336,0.166,0,0.1,Monday,2023,0
US,USD,CNY,mobile,60.26,60.26,2.28,7.142857,FALSE,standard,1018,0.934,0.087,0,0,Monday,2023,0
UK,GBP,PHP,web,164.47,205.58,3.44,73.529412,FALSE,standard,4,0.892,0.407,0,0,Monday,2023,0
US,USD,NGN,web,896.83,896.83,14.24,1111.111111,FALSE,enhanced,367,0.939,0.176,0,0.25,Tuesday,2023,0
US,USD,PHP,mobile,69.61,69.61,2.21,58.823529,FALSE,standard,263,0.522,0.223,0,0.1,Tuesday,2023,0
US,USD,USD,ATM,158.52,158.52,3.13,1,FALSE,standard,298,0.336,0.166,0,0,Tuesday,2023,0
US,USD,INR,mobile,61.33,61.33,2.15,83.333333,FALSE,standard,147,0.401,0.391,0,0,Tuesday,2023,0
US,USD,PHP,web,130.2,130.2,3.93,58.823529,FALSE,standard,298,0.336,0.166,0,0.1,Tuesday,2023,0
 US  ,USD,MXN,WEB,106.92,106.92,3.37,17.241379,FALSE,standard,1018,0.934,0.087,0,0.2,Tuesday,2023,0
US,USD,INR,mobile,50.53,50.53,1.6,83.333333,FALSE,standard,1018,0.934,0.087,0,0,Tuesday,2023,0
US,USD,GBP,mobile,188.88,188.88,3.72,0.8,FALSE,standard,298,0.336,0.166,0,0,Tuesday,2023,0
US,USD,INR,mobile,229.55,229.55,4.55,83.333333,FALSE,standard,147,0.401,0.391,0,0,Tuesday,2023,0
US,USD,INR,web,144.1,144.1,3.27,83.333333,FALSE,enhanced,257,0.894,0.257,0,0,Wednesday,2023,0
UK,GBP,PHP,MOBILE,59.52,74.4,0.88,73.529412,FALSE,standard,4,0.892,0.407,0,0,Wednesday,2023,0
US,USD,CNY,mobile,44.45,44.45,1.77,7.142857,FALSE,standard,1018,0.934,0.087,0,0,Wednesday,2023,0
US,USD,GBP,mobile,370.45,370.45,6.11,0.8,FALSE,standard,263,0.522,0.223,0,0,Wednesday,2023,0
US,USD,CNY,mobile,103.02,103.02,2.18,7.142857,FALSE,standard,147,0.551,0.391,0,0,Wednesday,2023,0
US,USD,CAD,mobile,22.54,22.54,1.49,1.351351,FALSE,standard,147,0.551,0.391,0,0,Wednesday,2023,0
US,USD,NGN,web,384.49,384.49,6.89,1111.111111,FALSE,standard,147,0.551,0.391,0,0.25,Wednesday,2023,0
UK,GBP,NGN,mobile,249.34,311.67,5.66,1388.888889,FALSE,standard,4,0.892,0.407,0,0.22,Thursday,2023,0
US,USD,CNY,web,150.13,150.13,3.18,7.142857,FALSE,enhanced,367,0.939,0.176,0,0,Thursday,2023,0
US,USD,NGN,web,33.01,33.01,2.44,1111.111111,FALSE,standard,1058,0.923,0.139,0,0.25,Thursday,2023,0
US,USD,EUR,web,23.36,23.36,1.31,0.925926,FALSE,standard,263,0.522,0.223,0,0,Thursday,2023,0
US,USD,CNY,mobile,401.14,401.14,6.92,7.142857,FALSE,standard,147,0.551,0.391,0,0,Thursday,2023,0
US,USD,CNY,web,240.42,240.42,4.22,7.142857,FALSE,enhanced,367,0.939,0.176,0,0,Thursday,2023,0
UK,GBP,EUR,mobile,130.65,163.31,3.94,1.157407,FALSE,standard,4,0.892,0.407,1,0.05,Thursday,2023,0
US,USD,EUR,ATM,331.09,410.97,110.92,0.925926,FALSE,unknown,257,0.68,0.257,1,0,Thursday,2023,0
US,USD,NGN,mobile,204.17,204.17,3.71,1111.111111,FALSE,enhanced,367,0.939,0.176,0,0.25,Friday,2023,0
US,USD,PHP,mobile,9996.7,9996.7,152.04,58.823529,FALSE,standard,298,0.336,0.166,0,0.1,Friday,2023,0
US,USD,GBP,mobile,492.38,492.38,7.76,0.8,TRUE,enhanced,367,0.939,0.176,0,0,Friday,2023,0
CA,CAD,CAD,mobile,166.7,123.36,3.07,1,FALSE,standard,947,0.625,0.268,0,0,Friday,2023,0
US,USD,CNY,mobile,159.88,159.88,2.87,7.142857,FALSE,standard,298,0.336,0.166,0,0,Friday,2023,0
CA,CAD,CNY,web,62.48,46.24,1.61,5.285714,FALSE,standard,947,0.625,0.268,0,0,Friday,2023,1
US,USD,CAD,web,293.47,293.47,5.67,1.351351,FALSE,enhanced,367,0.939,0.176,0,0,Friday,2023,0
US,USD,GBP,web,220.92,220.92,3.97,0.8,FALSE,enhanced,367,0.939,0.176,0,0,Friday,2023,0
UK,GBP,PHP,mobile,326.87,408.58,5.49,73.529412,FALSE,standard,4,0.892,0.407,0,0,Friday,2023,0
US,USD,MXN,mobile,148.26,148.26,2.41,17.241379,FALSE,standard,298,0.336,0.166,0,0.2,Friday,2023,0
US,USD,CAD,mobile,171.61,171.61,3.51,1.351351,FALSE,standard,298,0.186,0.166,0,0,Saturday,2023,0
US,USD,PHP,web,61.54,61.54,2.07,58.823529,FALSE,standard,1018,0.934,0.087,0,0.1,Saturday,2023,0
US,USD,EUR,ATM,9994.19,9994.19,151.6,0.925926,FALSE,standard,147,0.551,0.391,0,0,Saturday,2023,0
US,USD,INR,mobile,646.58,646.58,11.18,83.333333,FALSE,standard,147,0.551,0.391,0,0,Saturday,2023,0
US,USD,CAD,mobile,65.56,65.56,2.09,1.351351,FALSE,standard,1018,0.934,0.087,0,0,Saturday,2023,0
US,USD,INR,web,268.31,268.31,4.3,83.333333,FALSE,standard,298,0.336,0.166,0,0,Saturday,2023,0
UK,GBP,USD,mobile,30.59,38.23,1.94,1.25,TRUE,standard,4,0.892,0.407,1,0,Saturday,2023,0
US,USD,CAD,mobile,244.95,244.95,4.03,1.351351,FALSE,standard,263,0.372,0.223,0,0,Saturday,2023,0
US,USD,GBP,web,130.16,130.16,2.85,0.8,FALSE,low,616,0.702,0.361,0,0,Saturday,2023,0
CA,CAD,CAD,mobile,27.8,20.58,1.63,1,FALSE,standard,172,0.731,0.199,0,0,Sunday,2023,0
US,USD,CAD,mobile,620.04,620.04,9.58,1.351351,FALSE,standard,298,0.336,0.166,0,0,Sunday,2023,0
US,USD,INR,web,217.08,217.08,3.75,83.333333,FALSE,standard,1018,0.934,0.087,0,0,Sunday,2023,0
US,USD,PHP,mobile,355.55,355.55,6.69,58.823529,FALSE,standard,1018,0.784,0.087,0,0.1,Sunday,2023,0
UK,GBP,CAD,web,281.47,410.97,110.92,1.689189,FALSE,unknown,718,0.68,0.169,0,0,Sunday,2023,0
US,USD,NGN,mobile,65.83,65.83,2.41,1111.111111,TRUE,enhanced,257,0.894,0.257,0,0.25,Sunday,2023,0
US,USD,CNY,ATM,94,94,2.04,7.142857,FALSE,standard,263,0.522,0.223,0,0,Sunday,2023,0
US,USD,CAD,web,75.86,75.86,1.66,1.351351,FALSE,standard,298,0.336,0.166,0,0,Sunday,2023,0
US,USD,PHP,mobile,145.91,145.91,2.85,58.823529,FALSE,low,616,0.702,0.361,0,0.1,Sunday,2023,0
US,USD,GBP,mobile,101.26,101.26,2.27,0.8,FALSE,standard,263,0.522,0.223,1,0,Sunday,2023,0
US,USD,CNY,web,86.51,86.51,2.71,7.142857,FALSE,standard,263,0.522,0.223,0,0,Sunday,2023,0
UK,GBP,INR,mobile,655.79,819.73,11.12,104.166667,FALSE,standard,4,0.892,0.407,0,0,Sunday,2023,0
US,USD,CNY,mobile,145.9,145.9,2.38,7.142857,FALSE,standard,263,0.522,0.223,0,0,Sunday,2023,0
US,USD,PHP,mobile,229.75,229.75,3.64,58.823529,FALSE,standard,1058,0.923,0.139,0,0.1,Sunday,2023,0
UK,GBP,INR,mobile,361.34,451.67,6.03,104.166667,FALSE,standard,4,0.892,0.407,7,0,Monday,2023,0
US,USD,PHP,ATM,200.79,200.79,4.67,58.823529,FALSE,enhanced,367,0.939,0.176,0,0.1,Monday,2023,0
US,USD,NGN,web,161.59,161.59,3.28,1111.111111,FALSE,low,616,0.702,0.361,0,0.25,Monday,2023,0
UK,GBP,USD,web,71.02,88.77,1.17,1.25,FALSE,standard,718,0.953,0.169,0,0,Monday,2023,0
UK,GBP,USD,mobile,189.85,237.31,4.01,1.25,TRUE,standard,718,0.953,0.169,0,0,Monday,2023,0
US,USD,USD,web,76.27,76.27,1.87,1,FALSE,standard,263,0.522,0.223,0,0,Monday,2023,0
US,USD,PHP,mobile,267.7,267.7,5.85,58.823529,TRUE,standard,298,0.186,0.166,0,0.1,Monday,2023,0
UK,GBP,USD,web,72.49,90.61,2.07,1.25,FALSE,standard,4,0.892,0.407,0,0,Monday,2023,0
UK,GBP,INR,web,129.53,161.92,3.16,104.166667,FALSE,standard,4,0.892,0.407,0,0,Monday,2023,0
UK,GBP,CNY,mobile,190.29,237.87,2.83,8.928571,FALSE,standard,4,0.892,0.407,0,0,Monday,2023,0
US,USD,CNY,web,135.87,135.87,2.45,7.142857,FALSE,standard,298,0.336,0.166,0,0,Monday,2023,0
US,USD,INR,mobile,178.17,178.17,3.39,83.333333,FALSE,low,616,0.702,0.361,0,0,Monday,2023,0
CA,CAD,NGN,mobile,33.8,25.02,0.5,822.222222,FALSE,standard,1041,0.867,0.245,7,0,Monday,2023,0
UK,GBP,CAD,ATM,173.03,216.29,3.96,1.689189,FALSE,standard,4,0.892,0.407,0,0,Tuesday,2023,0
US,USD,USD,web,158.31,158.31,3.17,1,FALSE,standard,34,0.427,0.068,1,0,Tuesday,2023,0
US,USD,PHP,web,49.06,49.06,1.86,58.823529,TRUE,standard,1018,0.934,0.087,0,0.1,Tuesday,2023,0
US,USD,MXN,web,203,203,4.16,17.241379,FALSE,standard,1016,0.944,0.247,0,0.2,Tuesday,2023,0
US,USD,USD,mobile,66.98,66.98,2.12,1,FALSE,standard,147,0.551,0.391,0,0,Wednesday,2023,0
UK,GBP,PHP,web,123.96,154.95,2.67,73.529412,FALSE,standard,4,0.892,0.407,0,0,Wednesday,2023,0
US,USD,EUR,mobile,179.71,179.71,3.54,0.925926,FALSE,standard,298,0.336,0.166,0,0,Wednesday,2023,0
US,USD,INR,mobile,174.52,174.52,3.19,83.333333,FALSE,standard,1016,0.944,0.247,8,0,Wednesday,2023,0
US,USD,CAD,web,228.96,228.96,4.46,1.351351,FALSE,enhanced,367,0.939,0.176,0,0,Wednesday,2023,0
US,USD,EUR,mobile,210.73,210.73,4.75,0.925926,FALSE,standard,147,0.551,0.391,0,0,Wednesday,2023,0
US,USD,CAD,mobile,168.81,168.81,4.06,1.351351,FALSE,standard,298,0.336,0.166,0,0,Wednesday,2023,0
US,USD,MXN,ATM,89.84,89.84,2.59,17.241379,FALSE,enhanced,367,0.939,0.176,0,0.2,Thursday,2023,0
CA,CAD,GBP,ATM,378.51,280.1,6.73,0.592,FALSE,standard,947,0.625,0.268,0,0,Thursday,2023,0
US,USD,CNY,mobile,124.02,124.02,1.62,7.142857,TRUE,standard,263,0.522,0.223,0,0,Thursday,2023,0
US,USD,NGN,mobile,74.62,74.62,2.1,1111.111111,FALSE,enhanced,257,0.894,0.257,0,0.25,Thursday,2023,0
US,USD,USD,mobile,17.56,17.56,1.56,1,TRUE,standard,298,0.336,0.166,0,0,Thursday,2023,0
US,USD,INR,mobile,43.29,43.29,1.75,83.333333,FALSE,enhanced,367,0.939,0.176,1,0,Thursday,2023,0
US,USD,CAD,web,278.1,278.1,4.16,1.351351,FALSE,standard,298,0.336,0.166,0,0,Thursday,2023,0
US,USD,EUR,ATM,493.58,493.58,8.61,0.925926,TRUE,standard,147,0.551,0.391,0,0,Friday,2023,0
UK,GBP,EUR,web,55.47,69.33,1.31,1.157407,FALSE,standard,718,0.953,0.169,0,0.05,Friday,2023,0
US,USD,USD,mobile,9991.7,9991.7,149.85,1,FALSE,standard,298,0.186,0.166,0,0,Friday,2023,0
US,USD,GBP,web,203.78,203.78,3.85,0.8,FALSE,standard,819,0.809,0.107,0,0,Friday,2023,0
US,USD,CAD,mobile,621.03,621.03,10.49,1.351351,FALSE,standard,1016,0.944,0.247,0,0,Friday,2023,0
US,USD,EUR,mobile,65.43,65.43,2.11,0.925926,FALSE,standard,859,0.81,0.363,0,0,Friday,2023,0
CA,CAD,MXN,web,60.83,45.02,2.18,12.758621,FALSE,standard,947,0.625,0.268,0,0,Friday,2023,0
US,USD,INR,mobile,107.86,107.86,2.76,83.333333,FALSE,standard,1058,0.923,0.139,0,0,Saturday,2023,0
US,USD,CAD,mobile,159.17,159.17,3.1,1.351351,TRUE,enhanced,257,0.894,0.257,0,0,Saturday,2023,0
CA,CAD,EUR,mobile,179.69,132.97,2.71,0.685185,FALSE,standard,725,0.824,0.212,6,0,Saturday,2023,0
US,USD,USD,web,92.7,92.7,2.26,1,FALSE,standard,1016,0.944,0.247,0,0,Saturday,2023,0
US,USD,CNY,web,-78.33,78.33,9999.99,7.142857,FALSE,standard,1018,-0.1,0.087,0,0,Saturday,2023,0
UK,GBP,INR,web,310.14,387.68,5.17,104.166667,TRUE,low,449,0.483,0.103,1,0,Saturday,2023,1
US,USD,EUR,mobile,203.71,410.97,110.92,0.925926,FALSE,unknown,1016,0.68,0.247,1,0,Saturday,2023,0
US,USD,CAD,web,76.87,76.87,2.16,1.351351,FALSE,low,954,0.576,0.332,0,0,Saturday,2023,0
US,USD,INR,ATM,129.72,129.72,3.18,83.333333,FALSE,standard,263,0.522,0.223,0,0,Saturday,2023,0
US,USD,CNY,ATM,178.52,178.52,3.11,7.142857,FALSE,enhanced,367,0.939,0.176,0,0,Saturday,2023,0
US,USD,GBP,mobile,115.31,115.31,1.86,0.8,FALSE,standard,298,0.186,0.166,0,0,Saturday,2023,0
UK,GBP,NGN,ATM,86.14,107.68,2.63,1388.888889,FALSE,standard,4,0.892,0.407,0,0.22,Sunday,2023,0
US,USD,NGN,mobile,106,106,2.62,1111.111111,FALSE,standard,147,0.551,0.391,3,0.25,Sunday,2023,0
CA,CAD,MXN,weeb,888.08,657.18,13.93,12.758621,FALSE,standard,947,0.625,0.268,0,0,Sunday,2023,0
US,USD,GBP,web,40.96,40.96,1.65,0.8,TRUE,standard,263,0.522,0.223,0,0,Sunday,2023,0
CA,CAD,EUR,web,106.49,78.8,1.47,0.685185,FALSE,standard,947,0.625,0.268,0,0,Sunday,2023,0
US,USD,PHP,mobile,310.8,310.8,5.51,58.823529,FALSE,standard,1018,0.934,0.087,0,0.1,Sunday,2023,0
US,USD,NGN,mobile,404.35,404.35,7.06,1111.111111,TRUE,standard,147,0.551,0.391,0,0.25,Sunday,2023,0
US,USD,USD,mobile,886.22,886.22,14.29,1,FALSE,enhanced,367,0.939,0.176,0,0,Sunday,2023,0
US,USD,INR,web,131.39,131.39,3.92,83.333333,FALSE,standard,298,0.336,0.166,1,0,Sunday,2023,0
US,USD,EUR,mobile,330.72,330.72,6.54,0.925926,FALSE,standard,263,0.522,0.223,0,0,Monday,2023,0
UK,GBP,NGN,web,84.22,105.28,0.93,1388.888889,FALSE,standard,4,0.892,0.407,0,0.22,Monday,2023,0
US,USD,USD,ATM,77.68,77.68,1.79,1,FALSE,standard,147,0.551,0.391,0,0,Monday,2023,0
US,USD,PHP,web,83.33,83.33,2.72,58.823529,FALSE,standard,263,0.522,0.223,0,0.1,Monday,2023,0
US,USD,INR,ATM,29.61,29.61,1.32,83.333333,FALSE,standard,263,0.522,0.223,1,0,Monday,2023,0
US,USD,CNY,mobile,305.59,305.59,6.03,7.142857,FALSE,standard,1018,0.934,0.087,0,0,Monday,2023,0
US,USD,PHP,mobile,142.8,142.8,2.78,58.823529,FALSE,standard,298,0.336,0.166,1,0.1,Monday,2023,0
UK,GBP,INR,web,114.95,143.69,2.72,104.166667,FALSE,standard,4,0.892,0.407,0,0,Monday,2023,1
US,USD,USD,mobile,130.48,130.48,3.39,1,FALSE,enhanced,367,0.939,0.176,0,0,Monday,2023,0
US,USD,INR,mobile,570.67,570.67,8.91,83.333333,FALSE,standard,1016,0.944,0.247,8,0,Friday,2023,0
UK,GBP,USD,web,148.48,185.6,3.2,1.25,FALSE,standard,4,0.892,0.407,0,0,Tuesday,2023,0
US,USD,EUR,web,238.61,238.61,4.09,0.925926,FALSE,enhanced,257,0.894,0.257,0,0,Tuesday,2023,0
US,USD,USD,web,132.66,132.66,2.99,1,FALSE,standard,263,0.522,0.223,0,0,Tuesday,2023,0
UK,GBP,GBP,ATM,31.11,38.88,1.83,1,FALSE,standard,4,0.892,0.407,1,0,Tuesday,2023,0
US,USD,CNY,ATM,249.42,249.42,5.39,7.142857,FALSE,standard,1018,0.784,0.087,0,0,Tuesday,2023,0
US,USD,INR,web,105.36,105.36,-1,83.333333,TRUE,standard,298,-0.1,0.166,0,0,Tuesday,2023,0
US,USD,CAD,mobile,101.13,101.13,2.11,1.351351,FALSE,standard,147,0.551,0.391,0,0,Wednesday,2023,0
UK,GBP,USD,ATM,413.54,516.92,7.27,1.25,FALSE,standard,4,0.892,0.407,0,0,Wednesday,2023,0
UK,GBP,CNY,ATM,465.31,581.64,7.72,8.928571,FALSE,standard,969,0.75,0.258,6,0,Wednesday,2023,0
US,USD,CNY,mobile,9990.22,9990.22,151.08,7.142857,FALSE,standard,298,0.336,0.166,0,0,Wednesday,2023,0
US,USD,USD,mobile,422.89,422.89,7.69,1,FALSE,enhanced,257,0.894,0.257,1,0,Wednesday,2023,0
US,USD,CAD,web,225.56,225.56,4.93,1.351351,FALSE,enhanced,367,0.939,0.176,0,0,Thursday,2023,0
US,USD,CNY,web,103.8,103.8,2.39,7.142857,FALSE,enhanced,257,0.894,0.257,0,0,Thursday,2023,0
UK,GBP,CNY,ATM,620.97,410.97,110.92,8.928571,FALSE,unknown,4,0.68,0.407,0,0,Thursday,2023,0
US,USD,USD,mobile,136.73,136.73,3.02,1,FALSE,standard,147,0.551,0.391,0,0,Friday,2023,0
US,USD,NGN,mobile,146.43,146.43,3.59,1111.111111,FALSE,standard,34,0.427,0.068,0,0.25,Friday,2023,0
CA,CAD,CAD,web,73.07,54.07,2.45,1,TRUE,low,824,0.607,0.282,0,0,Friday,2023,0
CA,CAD,CAD,mobile,118.31,87.55,3.2,1,FALSE,standard,947,0.625,0.268,0,0,Friday,2023,0
US,USD,CAD,web,487.76,487.76,8.54,1.351351,FALSE,standard,298,0.336,0.166,0,0,Friday,2023,0
US,USD,CNY,web,134.54,134.54,2.54,7.142857,FALSE,enhanced,367,0.789,0.176,0,0,Friday,2023,0
UK,GBP,CAD,mobile,177.88,222.35,4.31,1.689189,TRUE,standard,718,0.953,0.169,0,0,Friday,2023,0
US,USD,USD,web,156.01,156.01,2.36,1,FALSE,enhanced,367,0.939,0.176,0,0,Saturday,2023,0
CA,CAD,MXN,ATM,96.4,71.33,1.75,12.758621,FALSE,standard,1041,0.867,0.245,0,0,Saturday,2023,0
US,USD,CAD,web,88.18,88.18,2.75,1.351351,FALSE,standard,298,0.336,0.166,0,0,Saturday,2023,0
unknown,USD,NGN,mobille,354.74,354.74,6.23,1111.111111,FALSE,standard,1018,0.934,0.087,0,0.25,Saturday,2023,0
US,USD,NGN,ATM,155.96,155.96,3.61,1111.111111,FALSE,standard,298,0.336,0.166,0,0.25,Saturday,2023,0
US,USD,CAD,mobile,192.05,192.05,4.48,1.351351,FALSE,standard,494,0.883,0,0,0,Saturday,2023,0
UK,GBP,MXN,ATM,158.81,198.52,3.81,21.551724,FALSE,standard,4,0.892,0.407,0,0,Sunday,2023,0
US,USD,EUR,web,137.37,137.37,3.6,0.925926,FALSE,standard,147,0.551,0.391,0,0,Sunday,2023,0
US,USD,EUR,web,131.59,131.59,2.22,0.925926,FALSE,enhanced,257,0.894,0.257,0,0,Sunday,2023,0
US,USD,CNY,mobile,96.21,410.97,110.92,7.142857,FALSE,unknown,257,0.68,0.257,0,0,Sunday,2023,0
UK,GBP,USD,mobile,454.16,567.7,-1,1.25,FALSE,standard,4,-0.1,0.407,0,0,Monday,2023,0
US,USD,PHP,web,213.43,213.43,3.63,58.823529,FALSE,standard,1016,0.944,0.247,0,0.1,Monday,2023,0
US,USD,MXN,web,259.33,259.33,6.31,17.241379,FALSE,standard,34,0.427,0.068,0,0.2,Monday,2023,0
US,USD,PHP,web,93.75,93.75,1.77,58.823529,FALSE,enhanced,367,0.939,0.176,0,0.1,Monday,2023,0
US,USD,EUR,mobile,38.5,38.5,1.86,0.925926,TRUE,standard,147,0.401,0.391,0,0,Tuesday,2023,0
US,USD,CNY,mobile,187.72,187.72,3.2,7.142857,FALSE,standard,1018,0.934,0.087,0,0,Tuesday,2023,0
US,USD,CNY,mobile,1081.68,1081.68,17.47,7.142857,FALSE,standard,859,0.96,0.363,0,0,Tuesday,2023,0
CA,CAD,GBP,web,97.37,72.06,2.97,0.592,FALSE,standard,172,0.881,0.199,0,0,Tuesday,2023,0
US,USD,USD,ATM,9.09,9.09,1.35,1,FALSE,standard,147,0.551,0.391,1,0,Tuesday,2023,0
US,USD,GBP,mobile,155.26,155.26,3.95,0.8,FALSE,standard,147,0.401,0.391,0,0,Tuesday,2023,0
US,USD,EUR,ATM,-105.75,105.75,9999.99,0.925926,FALSE,standard,263,-0.1,0.223,0,0,Tuesday,2023,0
US,USD,PHP,mobile,216.82,216.82,4.74,58.823529,FALSE,standard,1016,0.794,0.247,0,0.1,Tuesday,2023,0
US,USD,USD,mobile,17.92,17.92,1.68,1,FALSE,standard,298,0.336,0.166,0,0,Tuesday,2023,0
US,USD,CAD,ATM,180.53,180.53,4.37,1.351351,FALSE,standard,298,0.336,0.166,0,0,Wednesday,2023,0
US,USD,INR,mobile,83.92,83.92,2.01,83.333333,FALSE,enhanced,367,0.789,0.176,0,0,Wednesday,2023,0
CA,CAD,EUR,web,224.38,166.04,4.53,0.685185,FALSE,low,824,0.607,0.282,0,0,Saturday,2024,0
US,USD,NGN,web,195.49,195.49,4.26,1111.111111,FALSE,standard,263,0.522,0.223,0,0.25,Wednesday,2023,0
UK,GBP,GBP,web,168.02,210.02,3.88,1,FALSE,standard,718,0.953,0.169,1,0,Thursday,2023,0
US,USD,INR,mobile,139.85,139.85,2.55,83.333333,FALSE,standard,298,0.336,0.166,0,0,Thursday,2023,0
US,USD,USD,web,737.13,737.13,11.13,1,FALSE,standard,298,0.336,0.166,0,0,Thursday,2023,0
US,USD,USD,web,269.99,269.99,4.43,1,FALSE,enhanced,257,0.894,0.257,0,0,Thursday,2023,0
US,USD,NGN,mobile,199.57,199.57,4.38,1111.111111,FALSE,standard,263,0.522,0.223,0,0.25,Thursday,2023,0
US,USD,CNY,web,114.53,114.53,2.19,7.142857,FALSE,standard,147,0.551,0.391,1,0,Thursday,2023,0
US,USD,USD,MOBILE,96.89,96.89,3,1,FALSE,unknown,298,0.336,0.166,0,0,Thursday,2023,0
US,USD,INR,web,120.95,120.95,2.98,83.333333,FALSE,enhanced,257,0.894,0.257,0,0,Thursday,2023,0
US,USD,INR,mobile,31.65,410.97,110.92,83.333333,FALSE,unknown,367,0.68,0.176,0,0,Thursday,2023,0
UK,GBP,CAD,web,94.41,118.01,3.51,1.689189,FALSE,standard,4,0.892,0.407,0,0,Thursday,2023,0
US,USD,NGN,mobile,126.65,126.65,2.38,1111.111111,FALSE,standard,147,0.401,0.391,0,0.25,Friday,2023,0
US,USD,GBP,mobile,511.18,511.18,8.69,0.8,FALSE,standard,147,0.401,0.391,0,0,Friday,2023,0
US,USD,CNY,web,88.76,88.76,2.32,7.142857,TRUE,standard,298,0.336,0.166,0,0,Friday,2023,0
US,USD,USD,ATM,25.56,25.56,1.76,1,FALSE,standard,263,0.522,0.223,0,0,Friday,2023,0
US,USD,PHP,mobile,119.25,119.25,3.13,58.823529,FALSE,standard,263,0.522,0.223,0,0.1,Friday,2023,0
UK,GBP,MXN,mobile,-159.85,199.81,9999.99,21.551724,FALSE,standard,4,-0.1,0.407,1,0,Friday,2023,0
UK,GBP,PHP,web,76.34,95.42,2.55,73.529412,FALSE,standard,718,0.953,0.169,0,0,Friday,2023,0
UK,GBP,USD,mobile,19.53,24.42,-1,1.25,TRUE,standard,4,-0.1,0.407,0,0,Friday,2023,0
US,USD,USD,mobile,172.12,172.12,3.83,1,TRUE,standard,147,0.551,0.391,0,0,Friday,2023,0
US,USD,PHP,web,123.99,123.99,2.05,58.823529,FALSE,standard,1016,0.944,0.247,0,0.1,Friday,2023,0
US,USD,INR,mobile,413.8,413.8,7.43,83.333333,TRUE,standard,298,0.336,0.166,0,0,Friday,2023,0
US,USD,INR,mobile,127.78,127.78,2.92,83.333333,FALSE,standard,263,0.522,0.223,0,0,Friday,2023,0
UK,GBP,MXN,mobile,73.27,91.59,1.88,21.551724,FALSE,standard,4,0.892,0.407,0,0,Friday,2023,0
US,USD,GBP,web,236.03,236.03,4.71,0.8,FALSE,enhanced,367,0.939,0.176,0,0,Saturday,2023,0
US,USD,GBP,web,175.95,175.95,3.98,0.8,FALSE,standard,298,0.336,0.166,0,0,Saturday,2023,0
US,USD,USD,web,9994.6,9994.6,151.28,1,FALSE,enhanced,367,0.939,0.176,0,0,Saturday,2023,0
UK,GBP,USD,mobile,155.54,194.43,3.37,1.25,FALSE,standard,4,0.892,0.407,0,0,Saturday,2023,0
US,USD,NGN,mobile,173.43,173.43,3.26,1111.111111,FALSE,enhanced,257,0.894,0.257,5,0.25,Saturday,2023,0
US,USD,PHP,web,105.57,105.57,3.02,58.823529,FALSE,standard,147,0.551,0.391,0,0.1,Sunday,2023,0
US,USD,CAD,ATM,104.32,104.32,3.4,1.351351,FALSE,standard,1018,0.934,0.087,1,0,Sunday,2023,0
US,USD,INR,mobile,289.82,289.82,5.84,83.333333,TRUE,enhanced,367,0.939,0.176,0,0,Sunday,2023,0
US,USD,PHP,mobile,522.44,522.44,7.96,58.823529,FALSE,standard,298,0.336,0.166,0,0.1,Sunday,2023,0
UK,GBP,INR,mobile,117.46,146.82,3.3,104.166667,FALSE,standard,718,0.953,0.169,0,0,Sunday,2023,0
US,USD,CNY,mobile,90.36,90.36,2.33,7.142857,FALSE,enhanced,367,0.789,0.176,0,0,Monday,2023,0
CA,CAD,GBP,web,233.04,172.45,5.29,0.592,FALSE,low,615,0.365,0.355,0,0,Monday,2023,0
US,USD,NGN,ATM,187.37,187.37,3.71,1111.111111,FALSE,standard,1016,0.944,0.247,0,0.25,Monday,2023,0
US,USD,PHP,mobile,142.34,142.34,3.28,58.823529,FALSE,standard,263,0.522,0.223,0,0.1,Monday,2023,0
CA,CAD,NGN,mobile,97.5,72.15,1.99,822.222222,FALSE,standard,1041,0.867,0.245,0,0,Monday,2023,0
US,USD,INR,web,113.6,113.6,3.02,83.333333,FALSE,standard,263,0.522,0.223,0,0,Monday,2023,0
US,USD,INR,mobile,87.55,410.97,110.92,83.333333,FALSE,unknown,367,0.68,0.176,0,0,Monday,2023,0
US,USD,MXN,web,218.08,218.08,4.44,17.241379,TRUE,enhanced,367,0.939,0.176,0,0.2,Monday,2023,0
US,USD,CNY,mobile,123.03,123.03,3.97,7.142857,FALSE,standard,1018,0.934,0.087,0,0,Monday,2023,1
US,USD,USD,web,164.62,164.62,2.47,1,FALSE,standard,1016,0.944,0.247,0,0,Monday,2023,0
US,USD,INR,ATM,142.94,142.94,2.66,83.333333,FALSE,enhanced,257,0.894,0.257,0,0,Monday,2023,0
US,USD,INR,mobile,373.97,373.97,7.26,83.333333,FALSE,enhanced,367,0.939,0.176,0,0,Monday,2023,0
UK,GBP,MXN,mobile,144.44,180.55,2.6,21.551724,FALSE,standard,4,0.892,0.407,1,0,Monday,2023,0
US,USD,PHP,mobile,189.11,189.11,3.65,58.823529,FALSE,standard,263,0.522,0.223,0,0.1,Monday,2023,0
US,USD,EUR,mobile,164.67,164.67,4.25,0.925926,FALSE,standard,298,0.336,0.166,0,0,Tuesday,2023,0
UK,GBP,USD,mobile,164.96,206.2,4.22,1.25,FALSE,standard,4,0.892,0.407,1,0,Tuesday,2023,0
unknown,USD,NGN,unknown,122.39,122.39,2.31,1111.111111,FALSE,standard,263,0.522,0.223,0,0.25,Tuesday,2023,0
US,USD,CAD,web,502.18,502.18,7.81,1.351351,FALSE,standard,263,0.522,0.223,0,0,Tuesday,2023,0
US,USD,PHP,mobile,161.03,161.03,3.63,58.823529,FALSE,standard,263,0.522,0.223,0,0.1,Tuesday,2023,0
US,USD,GBP,MOBILE,185.89,185.89,3.31,0.8,FALSE,standard,1018,0.934,0.087,0,0,Tuesday,2023,0
UK,GBP,NGN,mobile,105.85,132.31,3.11,1388.888889,FALSE,standard,4,0.892,0.407,0,0.22,Tuesday,2023,0
US,USD,INR,mobile,90.82,90.82,2.27,83.333333,FALSE,standard,263,0.522,0.223,1,0,Tuesday,2023,0
US,USD,USD,mobile,527.92,527.92,8.73,1,FALSE,standard,147,0.551,0.391,0,0,Tuesday,2023,0
US,USD,PHP,web,159.8,159.8,3.29,58.823529,FALSE,standard,298,0.336,0.166,0,0.1,Tuesday,2023,0
UK,GBP,GBP,web,305.17,381.46,5.88,1,TRUE,standard,4,0.892,0.407,0,0,Tuesday,2023,0
US,USD,NGN,mobile,386.53,386.53,6.54,1111.111111,FALSE,standard,992,0.777,0.155,0,0.25,Tuesday,2023,0
CA,CAD,PHP,web,128.6,95.16,4.14,43.529412,FALSE,standard,172,0.881,0.199,1,0,Tuesday,2023,0
US,USD,EUR,mobile,102.37,102.37,2.37,0.925926,FALSE,standard,34,0.427,0.068,0,0,Tuesday,2023,0
US,USD,NGN,web,74.89,74.89,2.42,1111.111111,FALSE,standard,1018,0.934,0.087,3,0.25,Tuesday,2023,0
US,USD,GBP,mobile,159.55,159.55,3.19,0.8,FALSE,enhanced,367,0.939,0.176,0,0,Tuesday,2023,0
US,USD,INR,web,189.47,189.47,3.8,83.333333,FALSE,standard,1016,0.944,0.247,0,0,Tuesday,2023,0
US,USD,USD,web,201.02,201.02,3.69,1,FALSE,standard,263,0.372,0.223,0,0,Tuesday,2023,0
CA,CAD,CNY,mobile,1094.85,810.19,17.2,5.285714,FALSE,standard,903,0.624,0.18,0,0,Wednesday,2023,0
US,USD,EUR,web,62.51,62.51,2.67,0.925926,FALSE,standard,298,0.336,0.166,0,0,Wednesday,2023,0
US,USD,CNY,mobile,55.58,55.58,2.49,7.142857,FALSE,standard,1016,0.794,0.247,0,0,Wednesday,2023,0
US,USD,PHP,web,101.97,101.97,2.34,58.823529,FALSE,standard,1018,0.934,0.087,1,0.1,Wednesday,2023,0
US,USD,PHP,web,43.32,43.32,1.28,58.823529,FALSE,standard,147,0.551,0.391,0,0.1,Wednesday,2023,0
UK,GBP,CNY,mobile,393.69,492.12,6.72,8.928571,FALSE,standard,4,0.892,0.407,1,0,Wednesday,2023,0
UK,GBP,GBP,mobile,439.32,549.15,8.01,1,FALSE,standard,4,0.892,0.407,0,0,Wednesday,2023,0
UK,GBP,PHP,mobile,199.22,249.02,3.52,73.529412,FALSE,standard,718,0.953,0.169,0,0,Wednesday,2023,0
UK,GBP,CAD,web,312.71,390.89,5.91,1.689189,FALSE,standard,718,0.953,0.169,0,0,Wednesday,2023,0
US,USD,EUR,web,57.19,57.19,2.34,0.925926,FALSE,standard,263,0.522,0.223,0,0,Wednesday,2023,0
US,USD,USD,web,91.8,91.8,1.8,1,FALSE,standard,263,0.522,0.223,0,0,Wednesday,2023,0
CA,CAD,PHP,mobile,372.12,275.37,6.7,43.529412,FALSE,standard,947,0.625,0.268,0,0,Thursday,2023,0
US,USD,CNY,mobile,84.18,84.18,3.09,7.142857,FALSE,standard,263,0.372,0.223,0,0,Thursday,2023,0
US,USD,CNY,web,100.23,100.23,2.95,7.142857,FALSE,standard,34,0.427,0.068,0,0,Thursday,2023,0
US,USD,USD,ATM,430.27,430.27,8.03,1,FALSE,enhanced,367,0.939,0.176,0,0,Thursday,2023,0
US,USD,CNY,web,49.29,49.29,1.76,7.142857,FALSE,standard,263,0.522,0.223,0,0,Thursday,2023,0
US,USD,GBP,web,13.74,13.74,1.47,0.8,FALSE,standard,298,0.336,0.166,0,0,Thursday,2023,0
UK,GBP,CAD,mobile,279.2,349,4.7,1.689189,FALSE,standard,4,0.892,0.407,0,0,Thursday,2023,0
US,USD,CNY,mobile,99.24,99.24,2.57,7.142857,FALSE,enhanced,367,0.939,0.176,0,0,Thursday,2023,0
US,USD,CAD,web,9994.38,9994.38,151.06,1.351351,FALSE,standard,147,0.551,0.391,0,0,Thursday,2023,0
UK,GBP,NGN,mobile,284.2,355.25,5.12,1388.888889,FALSE,standard,718,0.953,0.169,0,0.22,Thursday,2023,0
US,USD,EUR,web,121.32,121.32,2.18,0.925926,FALSE,enhanced,257,0.894,0.257,0,0,Thursday,2023,0
CA,CAD,NGN,mobile,629.53,465.85,10.92,822.222222,FALSE,standard,947,0.625,0.268,0,0,Friday,2023,0
UK,GBP,USD,mobile,58.13,72.66,2.05,1.25,FALSE,standard,4,0.892,0.407,1,0,Friday,2023,0
US,USD,PHP,mobile,67.48,67.48,2.47,58.823529,FALSE,enhanced,257,0.894,0.257,1,0.1,Friday,2023,0
US,USD,CAD,ATM,-57.19,57.19,9999.99,1.351351,FALSE,standard,34,-0.1,0.068,1,0,Friday,2023,0
UK,GBP,NGN,mobile,190.48,238.1,3.32,1388.888889,FALSE,standard,4,0.892,0.407,0,0.22,Friday,2023,1
US,USD,CNY,mobile,104.85,104.85,1.43,7.142857,FALSE,standard,263,0.522,0.223,0,0,Friday,2023,0
US,USD,GBP,mobile,70.35,70.35,1.38,0.8,FALSE,standard,263,0.522,0.223,0,0,Friday,2023,0
US,USD,USD,web,37.54,37.54,0.95,1,TRUE,standard,298,0.186,0.166,0,0,Friday,2023,0
US,USD,GBP,mobile,149.93,410.97,110.92,0.8,FALSE,unknown,298,0.68,0.166,0,0,Friday,2023,0
US,USD,USD,web,212.44,212.44,4.58,1,FALSE,enhanced,257,0.894,0.257,0,0,Saturday,2023,0
US,USD,EUR,mobile,218.5,218.5,4.18,0.925926,FALSE,standard,298,0.336,0.166,0,0,Saturday,2023,0
US,USD,USD,mobile,248.15,248.15,5.35,1,FALSE,standard,1018,0.934,0.087,0,0,Saturday,2023,0
UK,GBP,CAD,web,394.11,492.64,6.56,1.689189,FALSE,standard,718,0.953,0.169,1,0,Saturday,2023,0
US,USD,NGN,mobile,90.78,90.78,2.92,1111.111111,FALSE,standard,298,0.336,0.166,0,0.25,Saturday,2023,0
US,USD,PHP,mobile,200.65,200.65,4.06,58.823529,FALSE,standard,263,0.522,0.223,0,0.1,Saturday,2023,0
US,USD,PHP,mobile,80.37,80.37,2.7,58.823529,FALSE,standard,263,0.522,0.223,0,0.1,Saturday,2023,0
US,USD,PHP,mobile,91.71,91.71,1.73,58.823529,FALSE,enhanced,367,0.939,0.176,0,0.1,Sunday,2023,0
US,USD,EUR,mobile,88.47,88.47,2.28,0.925926,FALSE,standard,263,0.372,0.223,0,0,Sunday,2023,0
UK,GBP,CAD,mobile,120.87,151.09,2.49,1.689189,TRUE,standard,4,0.892,0.407,0,0,Sunday,2023,1
US,USD,NGN,web,34.31,34.31,1.79,1111.111111,FALSE,standard,147,0.551,0.391,0,0.25,Sunday,2023,0
UK,GBP,GBP,mobile,65.56,81.94,1.62,1,FALSE,standard,4,0.892,0.407,0,0,Sunday,2023,0
US,USD,PHP,web,191.32,191.32,4.15,58.823529,FALSE,enhanced,257,0.894,0.257,0,0.1,Sunday,2023,0
US,USD,NGN,web,38.84,38.84,2.13,1111.111111,FALSE,standard,298,0.336,0.166,0,0.25,Monday,2023,1
US,USD,USD,mobile,112.54,112.54,2.71,1,FALSE,standard,298,0.336,0.166,0,0,Monday,2023,0
US,USD,INR,web,128.8,128.8,3.09,83.333333,FALSE,standard,298,0.336,0.166,4,0,Monday,2023,0
US,USD,EUR,web,146.62,146.62,3.28,0.925926,FALSE,standard,1018,0.934,0.087,0,0,Monday,2023,0
US,USD,CNY,mobile,9993.78,9993.78,151.49,7.142857,FALSE,standard,263,0.522,0.223,0,0,Monday,2023,1
US,USD,CAD,web,9997.99,9997.99,150.86,1.351351,FALSE,standard,298,0.336,0.166,0,0,Monday,2023,0
US,USD,CNY,mobile,73.33,73.33,1.38,7.142857,TRUE,enhanced,367,0.939,0.176,0,0,Monday,2023,0
CA,CAD,NGN,mobile,232.02,171.7,4.35,822.222222,FALSE,standard,172,0.881,0.199,0,0,Monday,2023,0
UK,GBP,CAD,MOBILE,293.92,367.41,5.39,1.689189,FALSE,unknown,4,0.892,0.407,0,0,Monday,2023,0
US,USD,USD,mobile,71.87,71.87,1.87,1,FALSE,standard,298,0.336,0.166,0,0,-1,0,0
US,USD,PHP,web,238.2,238.2,4.07,58.823529,FALSE,standard,1018,0.934,0.087,1,0.1,Monday,2023,0
CA,CAD,CNY,web,93.64,69.3,1.85,5.285714,FALSE,standard,1041,0.867,0.245,0,0,Monday,2023,0
US,USD,CNY,web,542.15,542.15,8.96,7.142857,FALSE,standard,1018,0.934,0.087,0,0,Monday,2023,0
US,USD,NGN,mobile,103.85,103.85,2.92,1111.111111,FALSE,standard,1018,0.934,0.087,5,0.25,Tuesday,2023,0
US,USD,GBP,web,70.41,70.41,1.57,0.8,FALSE,low,954,0.576,0.332,0,0,Tuesday,2023,0
US,USD,PHP,mobile,193.78,193.78,5.27,58.823529,FALSE,standard,147,0.551,0.391,0,0.1,Tuesday,2023,0
US,USD,CAD,ATM,414.24,414.24,6.32,1.351351,FALSE,standard,263,0.522,0.223,0,0,Tuesday,2023,0
US,USD,CNY,mobile,162.32,162.32,2.72,7.142857,FALSE,enhanced,367,0.939,0.176,0,0,Tuesday,2023,0
UK,GBP,USD,mobile,64.36,80.44,1.72,1.25,TRUE,standard,4,0.892,0.407,0,0,Tuesday,2023,0
US,USD,INR,mobile,28.75,28.75,1.91,83.333333,TRUE,standard,298,0.336,0.166,0,0,Tuesday,2023,0
US,USD,PHP,web,76.28,76.28,2.74,58.823529,FALSE,standard,1018,0.934,0.087,0,0.1,Tuesday,2023,0
US,USD,INR,mobile,459.46,459.46,8.6,83.333333,FALSE,enhanced,367,0.939,0.176,0,0,Wednesday,2023,0
US,USD,CAD,mobile,107.48,107.48,2.19,1.351351,FALSE,enhanced,257,0.894,0.257,0,0,Wednesday,2023,0
US,USD,NGN,mobile,422.16,422.16,6.86,1111.111111,FALSE,standard,263,0.522,0.223,0,0.25,Wednesday,2023,0
US,USD,GBP,mobile,64.06,64.06,2.99,0.8,FALSE,standard,1016,0.944,0.247,4,0,Wednesday,2023,0
UK,GBP,PHP,unknown,110.66,138.32,2.27,73.529412,FALSE,standard,4,0.742,0.407,0,0,Wednesday,2023,0
 US  ,USD,CAD, mobile  ,358.82,358.82,6.17,1.351351,FALSE,standard,298,0.336,0.166,0,0,Wednesday,2023,0
US,USD,MXN,mobile,189.84,189.84,4.11,17.241379,TRUE,enhanced,367,0.939,0.176,0,0.2,Wednesday,2023,0
US,USD,CNY,ATM,114.08,114.08,2.48,7.142857,FALSE,standard,298,0.336,0.166,0,0,Wednesday,2023,0
US,USD,CAD,mobile,56.58,56.58,1.42,1.351351,TRUE,enhanced,367,0.939,0.176,0,0,Wednesday,2023,0
CA,CAD,USD,mobile,93.08,68.88,2.22,0.74,FALSE,low,824,0.607,0.282,0,0,Thursday,2023,0
US,USD,EUR,mobile,296.89,296.89,5.01,0.925926,TRUE,standard,147,0.551,0.391,0,0,Thursday,2023,0
CA,CAD,USD,web,204.49,151.32,4.06,0.74,FALSE,standard,1041,0.867,0.245,0,0,Thursday,2023,0
UK,GBP,MXN,mobile,178.07,222.59,3.27,21.551724,TRUE,standard,4,0.892,0.407,0,0,Thursday,2023,0
US,USD,PHP,mobile,225.74,225.74,3.73,58.823529,FALSE,enhanced,367,0.939,0.176,0,0.1,Thursday,2023,0
US,USD,CAD,mobile,123.21,123.21,2.9,1.351351,FALSE,standard,298,0.336,0.166,0,0,Thursday,2023,0
US,USD,CNY,mobile,47.22,47.22,1.9,7.142857,TRUE,standard,298,0.336,0.166,0,0,Thursday,2023,0
US,USD,USD,web,208.68,208.68,3.45,1,FALSE,standard,1018,0.784,0.087,0,0,Thursday,2023,0
US,USD,CNY,mobile,209.72,209.72,4.32,7.142857,FALSE,enhanced,367,0.939,0.176,0,0,Friday,2023,0
UK,GBP,USD,mobile,448.33,560.41,7.6,1.25,FALSE,standard,4,0.742,0.407,0,0,Friday,2023,0
CA,CAD,PHP,mobile,227.78,168.56,5.51,43.529412,TRUE,standard,947,0.625,0.268,0,0,Friday,2023,0
UK,GBP,NGN,web,56.28,70.35,1.35,1388.888889,FALSE,low,704,0.515,0.283,0,0.22,Friday,2023,0
US,USD,PHP,mobile,160.49,160.49,3.73,58.823529,FALSE,enhanced,257,0.894,0.257,0,0.1,Friday,2023,0
US,USD,GBP,mobile,92.73,92.73,2.72,0.8,FALSE,standard,263,0.522,0.223,0,0,Friday,2023,0
US,USD,CNY,web,151.89,151.89,3.31,7.142857,FALSE,enhanced,367,0.939,0.176,0,0,Friday,2023,0
US,USD,CNY,mobile,59.54,59.54,2.12,7.142857,FALSE,standard,263,0.522,0.223,0,0,Friday,2023,0
CA,CAD,PHP,mobile,194.84,144.19,3.78,43.529412,FALSE,low,615,0.515,0.355,0,0,Friday,2023,0
US,USD,INR,mobile,90.47,90.47,3.36,83.333333,FALSE,standard,147,0.551,0.391,0,0,Saturday,2023,0
US,USD,USD,mobile,229.25,229.25,3.27,1,FALSE,standard,298,0.336,0.166,0,0,Saturday,2023,0
US,USD,NGN,web,193.58,193.58,3.62,1111.111111,FALSE,standard,1016,0.794,0.247,0,0.25,Saturday,2023,0
US,USD,USD,mobile,139.63,139.63,2.89,1,FALSE,standard,263,0.522,0.223,0,0,Saturday,2023,0
US,USD,INR,web,97.82,97.82,1.66,83.333333,FALSE,standard,263,0.522,0.223,0,0,Saturday,2023,0
US,USD,CAD,web,138.62,138.62,2.86,1.351351,FALSE,standard,1018,0.934,0.087,0,0,Saturday,2023,0
US,USD,PHP,mobile,85.85,85.85,2.05,58.823529,FALSE,enhanced,367,0.939,0.176,0,0.1,Saturday,2023,0
CA,CAD,EUR,mobile,68.03,50.35,2.5,0.685185,FALSE,low,615,0.515,0.355,0,0,Saturday,2023,0
UK,GBP,PHP,web,104.75,130.94,3.06,73.529412,FALSE,standard,4,0.892,0.407,0,0,Sunday,2023,0
US,USD,NGN,web,87.33,87.33,2.39,1111.111111,FALSE,standard,1016,0.944,0.247,0,0.25,Sunday,2023,0
CA,CAD,INR,web,9996.73,7397.58,150.84,61.666667,FALSE,standard,172,0.881,0.199,0,0.12,Sunday,2023,0
US,USD,EUR,web,73.22,73.22,1.46,0.925926,FALSE,enhanced,257,0.744,0.257,0,0,Sunday,2023,0
UK,GBP,GBP,web,193.29,241.61,5.09,1,FALSE,standard,4,0.892,0.407,1,0,Sunday,2023,1
CA,CAD,USD,mobile,156.83,116.06,3.24,0.74,FALSE,standard,903,0.624,0.18,0,0,Sunday,2023,0
CA,CAD,GBP,ATM,590.91,437.27,9.7,0.592,FALSE,standard,947,0.625,0.268,0,0,Sunday,2023,0
US,USD,MXN,mobile,56.19,56.19,1.48,17.241379,FALSE,standard,1018,0.934,0.087,0,0.2,Sunday,2023,0
US,USD,GBP,mobile,140.79,140.79,3.09,0.8,TRUE,standard,263,0.522,0.223,0,0,Monday,2023,0
US,USD,MXN,web,107.98,107.98,2.56,17.241379,FALSE,standard,34,0.427,0.068,0,0.2,Monday,2023,0
US,USD,MXN,mobile,88.3,88.3,1.98,17.241379,FALSE,standard,298,0.336,0.166,0,0.2,Monday,2023,0
US,USD,USD,ATM,170.68,170.68,3.93,1,FALSE,enhanced,367,0.939,0.176,0,0,Monday,2023,0
US,USD,EUR,web,655.85,655.85,10.05,0.925926,FALSE,enhanced,367,0.789,0.176,0,0,Monday,2023,0
US,USD,CAD,web,132.48,132.48,2.87,1.351351,FALSE,standard,263,0.522,0.223,0,0,Monday,2023,0
UK,GBP,GBP,mobile,96.59,120.74,2.7,1,FALSE,standard,718,0.953,0.169,0,0,Monday,2023,0
US,USD,PHP,mobile,97.68,97.68,2.32,58.823529,FALSE,standard,1018,0.934,0.087,0,0.1,Monday,2023,0
US,USD,PHP,web,68.63,68.63,1.71,58.823529,FALSE,standard,298,0.336,0.166,0,0.1,Monday,2023,0
US,USD,CNY,mobile,191.54,191.54,4.05,7.142857,FALSE,standard,263,0.372,0.223,0,0,Monday,2023,0
US,USD,INR,web,336.05,336.05,4.69,83.333333,FALSE,standard,298,0.186,0.166,0,0,Monday,2023,1
US,USD,INR,web,143.29,143.29,3.68,83.333333,FALSE,standard,263,0.522,0.223,0,0,Monday,2023,0
US,USD,EUR,mobile,481.32,481.32,7.18,0.925926,FALSE,standard,298,0.336,0.166,0,0,Monday,2023,0
UK,GBP,GBP,mobile,196.1,245.12,4.91,1,TRUE,standard,4,0.892,0.407,0,0,Monday,2023,0
UK,GBP,INR,mobile,93.98,117.47,2.33,104.166667,FALSE,standard,4,0.892,0.407,0,0,Monday,2023,0
US,USD,GBP,web,528.91,528.91,9.2,0.8,FALSE,standard,298,0.336,0.166,0,0,Tuesday,2023,0
US,USD,GBP,mobile,-320.4,320.4,9999.99,0.8,FALSE,standard,1018,-0.1,0.087,0,0,Tuesday,2023,0
US,USD,PHP,web,124.71,124.71,2.94,58.823529,FALSE,standard,298,0.336,0.166,0,0.1,Tuesday,2023,0
US,USD,PHP,web,28.28,28.28,0.91,58.823529,TRUE,enhanced,367,0.939,0.176,0,0.1,Wednesday,2023,0
US,USD,USD,mobile,347.08,347.08,6.66,1,FALSE,standard,34,0.427,0.068,0,0,Wednesday,2023,0
US,USD,EUR,mobile,57.25,57.25,1.56,0.925926,TRUE,standard,1011,0.824,0.123,0,0,Wednesday,2023,0
US,USD,INR,web,127.36,127.36,2.48,83.333333,TRUE,standard,263,0.522,0.223,0,0,Wednesday,2023,0
US,USD,CAD,mobile,128.61,128.61,2.29,1.351351,FALSE,enhanced,367,0.939,0.176,5,0,Wednesday,2023,0
US,USD,CAD,ATM,19.82,19.82,1.47,1.351351,FALSE,enhanced,367,0.939,0.176,0,0,Thursday,2023,0
US,USD,GBP,ATM,102.37,102.37,3.46,0.8,FALSE,standard,263,0.522,0.223,0,0,Thursday,2023,0
UK,GBP,USD,web,188.49,235.61,3.56,1.25,FALSE,low,454,0.71,0.238,1,0,Thursday,2023,0
CA,CAD,PHP,mobile,75.84,56.13,2.31,43.529412,FALSE,standard,1041,0.867,0.245,0,0,Thursday,2023,0
US,USD,GBP,mobile,432.8,432.8,8.38,0.8,FALSE,standard,298,0.336,0.166,0,0,Thursday,2023,0
UK,GBP,CNY,mobile,476.89,596.11,8.18,8.928571,FALSE,standard,4,0.892,0.407,0,0,Thursday,2023,0
UK,GBP,PHP,mobile,161.86,202.32,2.79,73.529412,FALSE,standard,4,0.892,0.407,0,0,Thursday,2023,0
US,USD,PHP,mobile,355.04,355.04,6.8,58.823529,FALSE,standard,263,0.522,0.223,0,0.1,Thursday,2023,0
US,USD,USD,mobile,81.69,81.69,2.34,1,FALSE,standard,830,0.799,0.102,0,0,Thursday,2023,0
US,USD,USD,ATM,345.63,345.63,5.85,1,FALSE,standard,1011,0.824,0.123,0,0,-1,0,0
US,USD,INR,web,205.3,205.3,3.63,83.333333,FALSE,standard,263,0.522,0.223,0,0,Friday,2023,0
US,USD,CNY,mobile,277.92,277.92,5.59,7.142857,FALSE,low,616,0.702,0.361,0,0,Friday,2023,0
US,USD,INR,mobile,178.48,410.97,110.92,83.333333,FALSE,unknown,263,0.68,0.223,0,0,Friday,2023,0
US,USD,CNY,web,56.82,56.82,2.42,7.142857,FALSE,standard,263,0.522,0.223,0,0,-1,0,0
US,USD,CNY,web,196.98,196.98,4.15,7.142857,FALSE,enhanced,367,0.789,0.176,0,0,Friday,2023,0
US,USD,CAD,mobile,177.8,177.8,3.27,1.351351,TRUE,standard,147,0.551,0.391,0,0,Friday,2023,0
US,USD,CNY,mobile,103.76,103.76,1.47,7.142857,FALSE,standard,147,0.551,0.391,0,0,Friday,2023,0
 UK  ,GBP,CAD,weeb,101.57,126.96,3.41,1.689189,TRUE,unknown,4,0.892,0.407,0,0,Friday,2023,0
US,USD,USD,mobile,174.53,174.53,3.63,1,FALSE,standard,263,0.522,0.223,0,0,Saturday,2023,0
UK,GBP,INR,mobile,203.43,254.29,3.57,104.166667,FALSE,standard,4,0.892,0.407,0,0,Saturday,2023,0
US,USD,INR,web,89.21,89.21,2.32,83.333333,FALSE,standard,1018,0.934,0.087,4,0,Saturday,2023,0
US,USD,EUR,mobile,48.96,48.96,2.2,0.925926,FALSE,low,954,0.576,0.332,0,0,Saturday,2023,0
US,USD,INR,web,168.2,168.2,3.84,83.333333,FALSE,standard,1018,0.934,0.087,1,0,Saturday,2023,0
UK,GBP,INR,mobile,129.36,161.7,2.75,104.166667,FALSE,standard,4,0.892,0.407,0,0,Saturday,2023,0
US,USD,CAD,web,466.87,466.87,7.48,1.351351,FALSE,enhanced,257,0.894,0.257,0,0,Saturday,2023,0
US,USD,CAD,mobile,89.52,89.52,2.14,1.351351,FALSE,enhanced,257,0.894,0.257,0,0,Saturday,2023,0
US,USD,CAD,web,36.23,36.23,1.69,1.351351,FALSE,low,616,0.702,0.361,0,0,Sunday,2023,0
UK,GBP,CNY,web,146.86,183.58,2.79,8.928571,FALSE,standard,4,0.892,0.407,0,0,Sunday,2023,0
US,USD,EUR,mobile,118.45,118.45,2.28,0.925926,FALSE,standard,1018,0.934,0.087,0,0,Sunday,2023,0
US,USD,EUR,mobile,305.32,305.32,5.24,0.925926,FALSE,low,616,0.702,0.361,0,0,Sunday,2023,0
US,USD,GBP,mobile,463.5,463.5,8.5,0.8,FALSE,standard,147,0.551,0.391,0,0,Sunday,2023,0
UK,GBP,PHP,mobile,86.77,108.46,2.03,73.529412,FALSE,standard,4,0.892,0.407,0,0,Sunday,2023,0
US,USD,PHP,web,286.87,286.87,5.52,58.823529,FALSE,standard,1018,0.934,0.087,1,0.1,Sunday,2023,0
US,USD,GBP,mobile,450.49,450.49,8.25,0.8,TRUE,standard,298,0.336,0.166,0,0,Sunday,2023,0
US,USD,NGN,mobile,125.93,125.93,2.88,1111.111111,TRUE,enhanced,257,0.894,0.257,0,0.25,Sunday,2023,0
US,USD,CNY,mobile,550.05,550.05,7.67,7.142857,TRUE,standard,298,0.336,0.166,0,0,Sunday,2023,0
US,USD,NGN,mobile,491.77,491.77,9.02,1111.111111,FALSE,enhanced,257,0.894,0.257,0,0.25,Sunday,2023,0
US,USD,PHP,mobile,111.15,111.15,2,58.823529,FALSE,standard,1018,0.934,0.087,0,0.1,Monday,2023,0
US,USD,USD,web,61.17,61.17,1.34,1,FALSE,enhanced,257,0.894,0.257,0,0,Monday,2023,0
US,USD,PHP,web,75.25,75.25,2.7,58.823529,FALSE,enhanced,367,0.939,0.176,4,0.1,Monday,2023,0
US,USD,PHP,web,101.22,101.22,2.95,58.823529,FALSE,enhanced,257,0.894,0.257,0,0.1,Monday,2023,0
US,USD,CAD,web,252.36,252.36,4.32,1.351351,FALSE,standard,1016,0.944,0.247,1,0,Monday,2023,0
CA,CAD,INR,mobile,502.98,372.2,8.2,61.666667,FALSE,standard,947,0.625,0.268,0,0.12,Tuesday,2023,0
US,USD,GBP,web,63.96,410.97,110.92,0.8,FALSE,unknown,1018,0.68,0.087,0,0,Tuesday,2023,0
US,USD,USD,web,21.78,21.78,1.6,1,FALSE,standard,1016,0.944,0.247,0,0,Tuesday,2023,0
US,USD,NGN,mobile,301.44,301.44,5.21,1111.111111,TRUE,standard,263,0.522,0.223,0,0.25,Tuesday,2023,0
US,USD,INR,mobile,147.11,147.11,3.61,83.333333,FALSE,standard,263,0.522,0.223,0,0,Tuesday,2023,0
US,USD,INR,mobile,109.72,109.72,2.77,83.333333,FALSE,enhanced,367,0.939,0.176,0,0,Tuesday,2023,0
US,USD,INR,web,594.6,594.6,10.12,83.333333,FALSE,standard,147,0.551,0.391,0,0,Wednesday,2023,0
US,USD,INR,mobile,137.8,137.8,3.73,83.333333,FALSE,enhanced,367,0.939,0.176,0,0,Wednesday,2023,0
UK,GBP,INR,mobile,151.75,189.69,3.88,104.166667,TRUE,standard,4,0.892,0.407,0,0,Wednesday,2023,0
US,USD,NGN,web,138.64,138.64,2.57,1111.111111,FALSE,standard,1018,0.784,0.087,5,0.25,Wednesday,2023,0
CA,CAD,PHP,ATM,170.64,126.28,3.59,43.529412,FALSE,low,824,0.457,0.282,1,0,Wednesday,2023,0
US,USD,NGN,mobile,9990.76,9990.76,151.54,1111.111111,FALSE,standard,1018,0.934,0.087,0,0.25,Wednesday,2023,1
US,USD,NGN,ATM,63.25,63.25,1.67,1111.111111,FALSE,standard,298,0.186,0.166,0,0.25,Wednesday,2023,0
UK,GBP,USD,mobile,148.49,185.62,2.77,1.25,FALSE,standard,718,0.953,0.169,0,0,Wednesday,2023,0
US,USD,NGN,mobile,211.58,211.58,3.81,1111.111111,FALSE,standard,263,0.372,0.223,0,0.25,Wednesday,2023,0
CA,CAD,INR,web,437.66,323.87,7.71,61.666667,FALSE,standard,1041,0.867,0.245,0,0.12,Wednesday,2023,0
US,USD,GBP,web,359.18,359.18,6.94,0.8,FALSE,enhanced,367,0.939,0.176,0,0,Wednesday,2023,0
US,USD,EUR,mobile,104.82,104.82,2.4,0.925926,FALSE,standard,1018,0.934,0.087,0,0,Thursday,2023,0
US,USD,GBP,web,226.25,226.25,3.07,0.8,FALSE,standard,263,0.522,0.223,0,0,Thursday,2023,0
US,USD,GBP,web,263.86,263.86,4.69,0.8,FALSE,standard,263,0.522,0.223,0,0,Thursday,2023,0
US,USD,CAD,web,3255.4,3255.4,50.53,1.351351,FALSE,standard,1016,0.944,0.247,1,0,Thursday,2023,0
US,USD,PHP,web,203.99,203.99,4.58,58.823529,FALSE,standard,298,0.336,0.166,0,0.1,Thursday,2023,0
US,USD,NGN,web,129.58,129.58,2.95,1111.111111,TRUE,standard,147,0.551,0.391,0,0.25,Thursday,2023,0
US,USD,USD,mobile,231.56,231.56,4.41,1,FALSE,standard,147,0.551,0.391,0,0,Thursday,2023,0
CA,CAD,INR,mobile,131.32,97.18,3.07,61.666667,FALSE,standard,172,0.881,0.199,0,0.12,Thursday,2023,0
US,USD,INR,mobile,435.62,435.62,8.23,83.333333,FALSE,standard,263,0.522,0.223,0,0,Thursday,2023,0
US,USD,PHP,web,65.57,65.57,1.14,58.823529,TRUE,standard,263,0.522,0.223,4,0.1,Thursday,2023,0
US,USD,INR,mobile,302.35,302.35,5.87,83.333333,FALSE,standard,1018,0.934,0.087,0,0,Thursday,2023,0
US,USD,CAD,mobile,263.36,263.36,5.31,1.351351,FALSE,enhanced,367,0.939,0.176,0,0,Friday,2023,0
US,USD,CAD,mobile,9994.43,9994.43,150.81,1.351351,TRUE,standard,1016,0.944,0.247,1,0,Friday,2023,0
US,USD,INR,mobile,330.24,330.24,6.53,83.333333,FALSE,enhanced,257,0.894,0.257,0,0,Friday,2023,0
CA,CAD,PHP,mobile,140.68,104.11,2.83,43.529412,FALSE,standard,947,0.475,0.268,0,0,Friday,2023,0
UK,GBP,PHP,web,610.02,762.52,8.72,73.529412,FALSE,standard,4,0.892,0.407,0,0,Friday,2023,0
US,USD,INR,mobile,48.76,48.76,1.39,83.333333,FALSE,standard,147,0.551,0.391,0,0,Friday,2023,0
US,USD,GBP,mobile,107.11,107.11,3.07,0.8,TRUE,standard,1018,0.934,0.087,0,0,Friday,2023,0
UK,GBP,USD,mobile,164.14,410.97,110.92,1.25,FALSE,unknown,4,0.68,0.407,0,0,Saturday,2023,0
US,USD,NGN,mobile,44.48,44.48,1.95,1111.111111,FALSE,standard,1016,0.944,0.247,0,0.25,Saturday,2023,0
UK,GBP,INR,mobile,272.46,340.57,4.47,104.166667,FALSE,standard,4,0.892,0.407,0,0,Saturday,2023,0
UK,GBP,NGN,web,199.22,249.02,3.33,1388.888889,FALSE,standard,4,0.892,0.407,0,0.22,Saturday,2023,0
US,USD,INR,web,40.49,40.49,1.34,83.333333,FALSE,standard,298,0.336,0.166,0,0,Saturday,2023,0
CA,CAD,CNY,mobile,405.03,299.72,7.29,5.285714,FALSE,standard,272,0.792,0.048,0,0,Saturday,2023,0
UK,GBP,CNY,ATM,275.59,344.48,5.29,8.928571,FALSE,standard,4,0.892,0.407,0,0,Saturday,2023,0
UK,GBP,CAD,web,190.05,237.56,3.77,1.689189,FALSE,standard,4,0.892,0.407,5,0,Saturday,2023,0
 UK  ,GBP,GBP, web  ,167.04,208.8,3.76,1,FALSE,standard,718,0.953,0.169,0,0,Saturday,2023,0
US,USD,CNY,mobile,232.38,232.38,4.62,7.142857,TRUE,standard,1018,0.934,0.087,0,0,Sunday,2023,0
US,USD,CNY,mobile,142.11,142.11,2.5,7.142857,FALSE,standard,263,0.522,0.223,0,0,Sunday,2023,0
UK,GBP,CNY,mobile,54.84,68.55,1.78,8.928571,FALSE,standard,718,0.953,0.169,0,0,Sunday,2023,0
UK,GBP,INR,mobile,41.54,51.93,1.61,104.166667,FALSE,standard,4,0.892,0.407,0,0,Sunday,2023,0
US,USD,GBP,mobile,309.01,309.01,5.29,0.8,FALSE,standard,830,0.799,0.102,0,0,Sunday,2023,0
US,USD,EUR,web,352.31,352.31,5.87,0.925926,FALSE,standard,1018,0.934,0.087,0,0,Sunday,2023,0
US,USD,CAD,mobile,86.59,86.59,2.12,1.351351,FALSE,standard,1016,0.794,0.247,0,0,Sunday,2023,0
US,USD,CAD,mobile,71.6,71.6,1.42,1.351351,FALSE,standard,263,0.522,0.223,0,0,Sunday,2023,0
US,USD,USD,mobile,119.08,119.08,3.11,1,FALSE,standard,298,0.336,0.166,0,0,Sunday,2023,0
US,USD,EUR,ATM,136.83,136.83,3.07,0.925926,FALSE,standard,263,0.372,0.223,0,0,Monday,2023,0
US,USD,CAD,mobile,58.05,58.05,1.71,1.351351,FALSE,enhanced,257,0.894,0.257,1,0,Monday,2023,0
CA,CAD,USD,web,213.54,158.02,3.31,0.74,FALSE,standard,947,0.625,0.268,0,0,Monday,2023,0
US,USD,MXN,MOBILE,78.23,78.23,2.39,17.241379,FALSE,standard,147,0.551,0.391,0,0.2,Monday,2023,0
US,USD,GBP,ATM,120.8,120.8,2.92,0.8,FALSE,standard,263,0.522,0.223,0,0,Monday,2023,0
CA,CAD,CAD,web,82.98,61.4,1.75,1,FALSE,low,615,0.515,0.355,0,0,Monday,2023,0
US,USD,MXN,mobile,401.69,401.69,7.34,17.241379,FALSE,standard,147,0.551,0.391,0,0.2,Monday,2023,0
US,USD,NGN,mobile,152.73,152.73,3.59,1111.111111,FALSE,standard,1018,0.934,0.087,0,0.25,Monday,2023,0
UK,GBP,USD,mobile,139.05,173.81,2.44,1.25,TRUE,standard,4,0.892,0.407,0,0,Monday,2023,0
UK,GBP,GBP,mobile,125.94,157.42,3.38,1,FALSE,standard,718,0.953,0.169,0,0,Tuesday,2023,0
US,USD,MXN,web,145.17,145.17,3.05,17.241379,FALSE,standard,263,0.522,0.223,0,0.2,Tuesday,2023,0
US,USD,CAD,web,63.96,63.96,1.23,1.351351,FALSE,standard,1018,0.934,0.087,1,0,Friday,2024,0
US,USD,NGN,web,182.03,182.03,3.39,1111.111111,FALSE,standard,147,0.551,0.391,0,0.25,Tuesday,2023,0
CA,CAD,USD,web,321.06,237.58,5.12,0.74,FALSE,standard,1041,0.867,0.245,0,0,Tuesday,2023,0
UK,GBP,MXN,mobile,653.13,410.97,110.92,21.551724,TRUE,unknown,718,0.68,0.169,0,0,Tuesday,2023,0
US,USD,GBP,web,154.34,154.34,3.09,0.8,FALSE,standard,298,0.336,0.166,0,0,Tuesday,2023,0
US,USD,MXN,mobile,163.5,163.5,4.5,17.241379,FALSE,enhanced,367,0.939,0.176,3,0.2,Tuesday,2023,0
US,USD,INR,web,53.03,53.03,2.46,83.333333,FALSE,standard,263,0.522,0.223,0,0,Friday,2023,0
US,USD,INR,mobile,221.19,221.19,4.54,83.333333,FALSE,standard,298,0.186,0.166,1,0,Tuesday,2023,0
US,USD,CAD,mobile,583.79,583.79,8.78,1.351351,FALSE,low,616,0.702,0.361,1,0,Wednesday,2023,0
 UK  ,GBP,PHP, mobile  ,140.14,175.18,3.58,73.529412,FALSE,unknown,718,0.953,0.169,0,0,Wednesday,2023,0
US,USD,GBP,mobile,223.82,410.97,-1,0.8,FALSE,unknown,962,-0.1,0.147,0,0,Wednesday,2023,0
US,USD,GBP,mobile,195.44,195.44,5.19,0.8,TRUE,standard,263,0.522,0.223,0,0,Wednesday,2023,0
CA,CAD,MXN,web,115.04,85.13,2.93,12.758621,FALSE,standard,947,0.625,0.268,0,0,Wednesday,2023,0
US,USD,NGN,web,639.12,639.12,10.99,1111.111111,TRUE,standard,147,0.551,0.391,0,0.25,Wednesday,2023,0
US,USD,NGN,ATM,94.6,94.6,2.69,1111.111111,FALSE,standard,147,0.551,0.391,0,0.25,Wednesday,2023,0
US,USD,INR,mobile,157.38,157.38,2.87,83.333333,FALSE,enhanced,367,0.939,0.176,0,0,Wednesday,2023,0
US,USD,PHP,mobile,42.08,42.08,2.15,58.823529,FALSE,standard,1016,0.944,0.247,0,0.1,Wednesday,2023,0
US,USD,GBP,mobile,730.39,730.39,12.26,0.8,FALSE,standard,1018,0.934,0.087,0,0,Wednesday,2023,0
US,USD,CAD,ATM,55.54,55.54,1.32,1.351351,FALSE,standard,147,0.551,0.391,0,0,Thursday,2023,0
unknown,USD,MXN,MOBILE,347.04,347.04,5.93,17.241379,FALSE,standard,263,0.522,0.223,0,0.2,Thursday,2023,0
CA,CAD,CAD, ATM  ,171.9,127.21,4.02,1,FALSE,standard,172,0.881,0.199,0,0,Thursday,2023,0
US,USD,USD,web,163.77,163.77,4.52,1,TRUE,standard,147,0.551,0.391,1,0,Thursday,2023,0
US,USD,GBP,mobile,694.9,694.9,10.69,0.8,FALSE,standard,298,0.336,0.166,0,0,Thursday,2023,0
US,USD,INR,mobile,80,80,2.07,83.333333,TRUE,enhanced,367,0.939,0.176,0,0,Thursday,2023,0
US,USD,EUR, web  ,50.94,50.94,1.06,0.925926,TRUE,standard,298,0.336,0.166,0,0,Thursday,2023,0
US,USD,PHP,mobile,634.07,634.07,10.45,58.823529,FALSE,standard,147,0.551,0.391,0,0.1,Thursday,2023,0
US,USD,EUR,mobile,38.33,38.33,2.36,0.925926,FALSE,enhanced,367,0.939,0.176,0,0,Thursday,2023,0
CA,CAD,MXN,web,167.74,124.13,3.48,12.758621,FALSE,low,824,0.607,0.282,0,0,Friday,2023,0
UK,GBP,GBP,mobile,46.22,57.78,1.57,1,FALSE,standard,4,0.892,0.407,0,0,Friday,2023,0
US,USD,CNY,mobile,149.73,149.73,3.77,7.142857,TRUE,standard,298,0.336,0.166,0,0,Friday,2023,0
US,USD,PHP,web,174.48,174.48,3.56,58.823529,FALSE,standard,1018,0.934,0.087,0,0.1,Friday,2023,0
UK,GBP,MXN,mobile,104.78,130.97,2.63,21.551724,FALSE,standard,4,0.892,0.407,0,0,Friday,2023,0
CA,CAD,USD,web,175.24,129.67,3.73,0.74,FALSE,standard,947,0.625,0.268,1,0,Saturday,2023,0
US,USD,GBP,ATM,172.15,172.15,3.72,0.8,TRUE,enhanced,367,0.939,0.176,0,0,Saturday,2023,0
UK,GBP,USD,web,53.85,67.31,1.51,1.25,FALSE,standard,203,0.732,0.314,0,0,Saturday,2023,0
US,USD,CAD,ATM,42.67,42.67,0.82,1.351351,TRUE,standard,147,0.551,0.391,0,0,Saturday,2023,0
US,USD,CNY,web,56.85,56.85,1.29,7.142857,FALSE,standard,263,0.522,0.223,0,0,Saturday,2023,0
US,USD,USD,mobile,209.92,209.92,3.51,1,FALSE,standard,1016,0.944,0.247,0,0,Saturday,2023,0
US,USD,CAD,web,130.48,130.48,3.1,1.351351,FALSE,enhanced,367,0.939,0.176,0,0,Saturday,2023,0
US,USD,GBP,mobile,114.87,114.87,2.64,0.8,FALSE,enhanced,257,0.894,0.257,0,0,Saturday,2023,0
US,USD,EUR,web,55.91,55.91,1.25,0.925926,FALSE,standard,263,0.522,0.223,0,0,Sunday,2023,0
UK,GBP,CAD,mobile,219.99,274.99,4.4,1.689189,FALSE,standard,4,0.892,0.407,0,0,Sunday,2023,0
US,USD,PHP,mobile,111.38,111.38,2.86,58.823529,TRUE,standard,263,0.522,0.223,0,0.1,Sunday,2023,0
US,USD,NGN,mobile,112.48,112.48,2.34,1111.111111,TRUE,enhanced,367,0.939,0.176,0,0.25,Sunday,2023,0
US,USD,NGN,mobile,225.78,410.97,110.92,1111.111111,FALSE,unknown,1018,0.68,0.087,1,0.25,Sunday,2023,0
US,USD,USD,mobile,143.32,143.32,2.54,1,FALSE,standard,298,0.336,0.166,0,0,Sunday,2023,0
US,USD,CAD,mobile,206.5,206.5,4.98,1.351351,FALSE,standard,147,0.551,0.391,0,0,Sunday,2023,0
US,USD,CNY,mobile,40.29,40.29,2.45,7.142857,FALSE,standard,1016,0.944,0.247,0,0,Sunday,2023,0
US,USD,CAD,mobile,107.25,107.25,3.16,1.351351,FALSE,enhanced,367,0.939,0.176,2,0,Monday,2023,0
US,USD,INR,web,326.82,326.82,5.84,83.333333,FALSE,standard,298,0.336,0.166,0,0,Monday,2023,0
UK,GBP,INR,ATM,295.42,369.28,6.06,104.166667,TRUE,standard,4,0.892,0.407,0,0,Monday,2023,0
CA,CAD,MXN,mobile,150.85,111.63,3.89,12.758621,FALSE,low,615,0.515,0.355,0,0,Monday,2023,0
CA,CAD,MXN,mobile,250.59,185.44,4.89,12.758621,FALSE,standard,1041,0.867,0.245,0,0,Monday,2023,0
UK,GBP,CAD,mobile,65.84,82.3,2.68,1.689189,FALSE,standard,718,0.953,0.169,0,0,Monday,2023,0
US,USD,INR,web,9996.41,9996.41,151.38,83.333333,FALSE,enhanced,257,0.894,0.257,1,0,Monday,2023,0
UK,GBP,GBP,web,56.3,70.37,1.76,1,FALSE,standard,4,0.892,0.407,0,0,Monday,2023,0
US,USD,INR,mobile,160.49,160.49,3,83.333333,FALSE,standard,213,0.862,0.44,0,0,Monday,2023,0
US,USD,USD,mobile,229.69,229.69,4.52,1,FALSE,enhanced,257,0.894,0.257,0,0,Monday,2023,0
US,USD,EUR,mobile,39.68,39.68,1.75,0.925926,FALSE,standard,1018,0.934,0.087,0,0,Monday,2023,0
US,USD,PHP,mobile,39.95,39.95,0.91,58.823529,FALSE,enhanced,257,0.894,0.257,1,0.1,Tuesday,2023,0
UK,GBP,CNY,web,140.49,175.61,3.41,8.928571,FALSE,standard,259,0.691,0.187,0,0,Tuesday,2023,0
CA,CAD,CAD,mobile,75.38,55.78,2.12,1,FALSE,standard,947,0.625,0.268,0,0,Tuesday,2023,0
US,USD,CNY,web,123.7,123.7,2.54,7.142857,FALSE,enhanced,257,0.894,0.257,0,0,Tuesday,2023,0
US,USD,CAD,web,98.42,98.42,2.94,1.351351,FALSE,standard,1018,0.934,0.087,0,0,Monday,2024,0
US,USD,MXN,mobile,277.2,277.2,4.91,17.241379,FALSE,standard,263,0.372,0.223,0,0.2,Tuesday,2023,0
US,USD,CAD,mobile,40.31,40.31,2.32,1.351351,FALSE,enhanced,367,0.939,0.176,1,0,Tuesday,2023,0
US,USD,CNY,mobile,79.54,79.54,2.3,7.142857,FALSE,standard,298,0.336,0.166,0,0,Wednesday,2023,0
US,USD,PHP,web,51.87,51.87,2.37,58.823529,FALSE,standard,263,0.522,0.223,0,0.1,Wednesday,2023,0
US,USD,USD,mobile,31.15,31.15,0.87,1,FALSE,enhanced,367,0.939,0.176,0,0,Wednesday,2023,0
US,USD,GBP,mobile,151.67,151.67,2.94,0.8,FALSE,enhanced,367,0.939,0.176,0,0,Wednesday,2023,0
US,USD,USD,mobile,513.55,513.55,8.85,1,FALSE,standard,147,0.551,0.391,0,0,Wednesday,2023,0
US,USD,INR,mobile,36.93,36.93,2.26,83.333333,FALSE,standard,147,0.551,0.391,0,0,Wednesday,2023,0
US,USD,INR,mobile,110.43,110.43,3.23,83.333333,FALSE,standard,298,0.336,0.166,0,0,Wednesday,2023,0
US,USD,USD,mobile,382.95,382.95,6.76,1,FALSE,enhanced,367,0.939,0.176,0,0,Wednesday,2023,0
CA,CAD,CNY,web,98.86,73.15,1.51,5.285714,FALSE,standard,947,0.625,0.268,0,0,Wednesday,2023,0
US,USD,MXN,ATM,222.42,222.42,4.01,17.241379,FALSE,standard,1018,0.934,0.087,0,0.2,Wednesday,2023,0
US,USD,USD,web,78.73,78.73,1.42,1,FALSE,standard,147,0.551,0.391,0,0,Wednesday,2023,0
UK,GBP,GBP,ATM,373.51,466.89,6.89,1,FALSE,standard,718,0.953,0.169,1,0,Wednesday,2023,0
US,USD,NGN,web,155.46,155.46,3.45,1111.111111,FALSE,standard,1016,0.944,0.247,0,0.25,Wednesday,2023,0
UK,GBP,PHP,mobile,536.78,670.97,9.18,73.529412,FALSE,standard,4,0.892,0.407,1,0,Wednesday,2023,0
UK,GBP,CAD,mobile,122.23,152.79,2.23,1.689189,TRUE,standard,4,0.892,0.407,0,0,Wednesday,2023,0
US,USD,EUR,mobile,138.31,138.31,3.12,0.925926,TRUE,standard,34,0.427,0.068,0,0,Wednesday,2023,0
US,USD,PHP,web,259.44,259.44,4.73,58.823529,FALSE,enhanced,367,0.939,0.176,0,0.1,Thursday,2023,0
CA,CAD,CNY,web,53.06,39.27,2.12,5.285714,FALSE,standard,947,0.625,0.268,0,0,Thursday,2023,0
US,USD,INR,mobile,180.93,180.93,3.07,83.333333,FALSE,standard,263,0.522,0.223,0,0,Thursday,2023,0
US,USD,CAD,mobile,103.79,103.79,3.22,1.351351,FALSE,enhanced,257,0.744,0.257,0,0,Thursday,2023,0
US,USD,PHP,web,58,58,1.47,58.823529,FALSE,standard,1016,0.794,0.247,0,0.1,Thursday,2023,0
UK,GBP,PHP,web,522.94,653.67,8.83,73.529412,FALSE,standard,4,0.892,0.407,0,0,Thursday,2023,0
UK,GBP,GBP,web,69.25,86.57,2.35,1,FALSE,standard,4,0.892,0.407,1,0,Thursday,2023,0
US,USD,USD,mobile,480.46,480.46,7.62,1,FALSE,standard,263,0.522,0.223,0,0,Thursday,2023,0
UK,GBP,CAD,mobile,179.02,223.77,2.76,1.689189,FALSE,standard,4,0.892,0.407,0,0,Thursday,2023,0
US,USD,NGN,ATM,100.38,100.38,2.25,1111.111111,FALSE,standard,1018,0.934,0.087,0,0.25,Thursday,2023,0
US,USD,GBP,mobile,179.5,179.5,4.06,0.8,FALSE,standard,147,0.401,0.391,0,0,Thursday,2023,1
US,USD,INR,web,210.35,210.35,3.78,83.333333,FALSE,enhanced,367,0.939,0.176,0,0,Thursday,2023,0
UK,GBP,PHP,WEB,37.13,46.41,2.45,73.529412,FALSE,standard,4,0.892,0.407,0,0,Thursday,2023,0
US,USD,CNY,web,54.46,54.46,2.04,7.142857,FALSE,standard,1018,0.934,0.087,0,0,Friday,2023,0
CA,CAD,EUR,mobile,277.62,205.44,5.28,0.685185,FALSE,standard,947,0.625,0.268,0,0,Friday,2023,0
US,USD,NGN,web,581.36,581.36,10.14,1111.111111,FALSE,standard,147,0.551,0.391,0,0.25,Friday,2023,0
US,USD,NGN,mobile,58.7,58.7,1.95,1111.111111,FALSE,standard,298,0.336,0.166,0,0.25,Friday,2023,0
UK,GBP,MXN,web,496.94,621.17,7.31,21.551724,FALSE,standard,718,0.953,0.169,4,0,Friday,2023,0
US,USD,EUR,web,90.92,90.92,2.15,0.925926,FALSE,standard,1018,0.934,0.087,0,0,Friday,2023,0
US,USD,GBP,mobile,96.83,96.83,0.59,0.8,FALSE,standard,147,0.551,0.391,1,0,Friday,2023,0
US,USD,USD,mobile,102.03,102.03,2.12,1,FALSE,standard,147,0.551,0.391,0,0,Saturday,2023,0
UK,GBP,EUR,mobile,40.39,50.49,1.11,1.157407,FALSE,standard,718,0.953,0.169,0,0.05,Saturday,2023,0
US,USD,USD,mobile,111.2,111.2,2.87,1,FALSE,standard,147,0.551,0.391,0,0,Saturday,2023,0
US,USD,EUR,web,201.91,201.91,5.25,0.925926,FALSE,standard,1018,0.934,0.087,0,0,Saturday,2023,0
US,USD,NGN,mobile,121.69,121.69,2.01,1111.111111,FALSE,standard,263,0.522,0.223,1,0.25,Saturday,2023,0
 US  ,USD,INR,MOBILE,293.67,410.97,110.92,83.333333,FALSE,unknown,367,0.68,0.176,0,0,Saturday,2023,0
US,USD,CAD,mobile,169.6,169.6,3.97,1.351351,FALSE,standard,298,0.336,0.166,0,0,Saturday,2023,0
US,USD,INR,mobile,28.58,28.58,1.13,83.333333,TRUE,enhanced,367,0.939,0.176,0,0,Saturday,2023,0
US,USD,USD,mobile,386.05,386.05,6.35,1,FALSE,standard,263,0.522,0.223,0,0,Saturday,2023,0
US,USD,CAD,mobile,210.99,210.99,4.21,1.351351,FALSE,enhanced,367,0.939,0.176,0,0,Saturday,2023,0
US,USD,NGN,mobile,45.04,45.04,2,1111.111111,FALSE,standard,263,0.522,0.223,0,0.25,Sunday,2023,0
US,USD,CAD,web,75.22,75.22,2.65,1.351351,FALSE,standard,263,0.522,0.223,0,0,Sunday,2023,0
US,USD,GBP,web,357.26,357.26,6.46,0.8,FALSE,standard,298,0.336,0.166,0,0,Sunday,2023,0
US,USD,INR,mobile,277.33,277.33,4.95,83.333333,FALSE,standard,1016,0.944,0.247,0,0,Sunday,2023,0
US,USD,INR,mobile,9995.89,9995.89,150.33,83.333333,TRUE,standard,1016,0.944,0.247,0,0,Sunday,2023,0
UK,GBP,CAD,mobile,704.42,880.53,11.28,1.689189,FALSE,standard,4,0.892,0.407,0,0,Sunday,2023,0
US,USD,CAD,mobile,89.16,89.16,-1,1.351351,FALSE,enhanced,367,-0.1,0.176,0,0,Sunday,2023,0
US,USD,CAD,web,71.23,71.23,1.76,1.351351,TRUE,standard,147,0.551,0.391,0,0,Sunday,2023,0
UK,GBP,GBP,mobile,94.97,410.97,110.92,1,TRUE,unknown,4,0.68,0.407,0,0,Sunday,2023,0
US,USD,CAD,ATM,1062.04,1062.04,16.66,1.351351,FALSE,standard,830,0.799,0.102,0,0,Monday,2023,0
UK,GBP,GBP,web,61.11,76.39,1.55,1,TRUE,standard,718,0.953,0.169,0,0,Monday,2023,0
US,USD,MXN,web,61.36,61.36,2.61,17.241379,FALSE,enhanced,257,0.894,0.257,8,0.2,Monday,2023,0
US,USD,PHP,mobile,74.88,74.88,3.46,58.823529,FALSE,enhanced,257,0.894,0.257,0,0.1,Monday,2023,0
US,USD,NGN,web,138.89,138.89,2.65,1111.111111,TRUE,standard,1018,0.934,0.087,0,0.25,Monday,2023,0
US,USD,EUR,web,32.23,32.23,1.21,0.925926,FALSE,enhanced,367,0.939,0.176,0,0,Monday,2023,0
CA,CAD,CNY,ATM,162.04,119.91,4.22,5.285714,FALSE,standard,172,0.881,0.199,0,0,Monday,2023,0
US,USD,CAD,web,9994.8,9994.8,151.68,1.351351,FALSE,standard,1018,0.934,0.087,0,0,Monday,2023,0
US,USD,GBP,mobile,258.87,258.87,5.05,0.8,FALSE,enhanced,257,0.894,0.257,0,0,Monday,2023,0
US,USD,USD,web,88.14,88.14,2.81,1,FALSE,standard,298,0.336,0.166,0,0,Tuesday,2023,0
UK,GBP,CNY,mobile,56.82,71.03,2.07,8.928571,FALSE,standard,4,0.892,0.407,0,0,Tuesday,2023,0
US,USD,GBP,mobile,33.2,33.2,0.92,0.8,FALSE,standard,263,0.522,0.223,0,0,Tuesday,2023,0
US,USD,EUR,web,694.35,694.35,11.77,0.925926,FALSE,standard,298,0.336,0.166,0,0,Tuesday,2023,0
US,USD,CAD,mobile,75.21,75.21,1.84,1.351351,FALSE,standard,298,0.336,0.166,0,0,Tuesday,2023,0
US,USD,GBP,web,154.87,154.87,3.12,0.8,FALSE,enhanced,367,0.939,0.176,0,0,Tuesday,2023,0
US,USD,NGN,ATM,84.64,84.64,1.91,1111.111111,FALSE,standard,1016,0.944,0.247,0,0.25,Tuesday,2023,0
UK,GBP,MXN,mobile,76.15,95.19,2.26,21.551724,FALSE,standard,4,0.742,0.407,0,0,Tuesday,2023,0
US,USD,CAD,ATM,51.59,51.59,1.24,1.351351,FALSE,standard,298,0.336,0.166,0,0,Tuesday,2023,0
US,USD,PHP,mobile,158.11,158.11,3.76,58.823529,FALSE,enhanced,367,0.939,0.176,1,0.1,Tuesday,2023,0
US,USD,CNY,mobile,83.21,83.21,1.84,7.142857,FALSE,low,616,0.702,0.361,0,0,Tuesday,2023,0
CA,CAD,CNY,mobile,144.07,106.61,3.48,5.285714,FALSE,standard,1041,0.867,0.245,0,0,Wednesday,2023,0
UK,GBP,MXN,web,49.99,62.48,1.74,21.551724,FALSE,standard,718,0.953,0.169,0,0,Wednesday,2023,0
US,USD,USD,mobile,217.74,217.74,3.94,1,FALSE,standard,147,0.551,0.391,0,0,Wednesday,2023,0
US,USD,PHP,mobile,244.09,244.09,4.16,58.823529,FALSE,standard,298,0.336,0.166,0,0.1,Wednesday,2023,0
CA,CAD,CAD,mobile,138.48,102.47,3.01,1,FALSE,low,615,0.515,0.355,0,0,Wednesday,2023,0
CA,CAD,NGN,mobile,129.1,95.54,2.22,822.222222,FALSE,standard,1041,0.867,0.245,0,0,Wednesday,2023,0
US,USD,GBP,web,40.04,40.04,1.41,0.8,FALSE,standard,1016,0.944,0.247,0,0,Wednesday,2023,0
CA,CAD,EUR,mobile,272.23,201.45,4.56,0.685185,FALSE,standard,717,0.696,0.393,8,0,Wednesday,2023,0
US,USD,INR,web,134.19,134.19,3.07,83.333333,FALSE,standard,263,0.522,0.223,0,0,Wednesday,2023,0
US,USD,CNY,ATM,165.01,165.01,2.73,7.142857,FALSE,enhanced,367,0.939,0.176,0,0,Wednesday,2023,0
UK,GBP,MXN,web,458.16,572.7,8.13,21.551724,FALSE,standard,4,0.892,0.407,0,0,Wednesday,2023,0
US,USD,USD,web,170.14,170.14,3.33,1,FALSE,standard,147,0.551,0.391,0,0,Thursday,2023,1
US,USD,NGN,mobile,73.96,73.96,1.94,1111.111111,FALSE,enhanced,661,0.92,0.259,0,0.25,Thursday,2023,0
CA,CAD,EUR,web,137.77,101.95,3.28,0.685185,FALSE,standard,947,0.625,0.268,0,0,Thursday,2023,0
UK,GBP,GBP,mobile,107.39,134.24,2.94,1,FALSE,standard,4,0.892,0.407,0,0,Thursday,2023,0
US,USD,INR,web,623.52,623.52,11,83.333333,FALSE,standard,34,0.427,0.068,0,0,Thursday,2023,0
UK,GBP,MXN,mobile,179.15,223.94,3.59,21.551724,FALSE,standard,4,0.892,0.407,0,0,Thursday,2023,0
US,USD,MXN,ATM,141.59,410.97,110.92,17.241379,FALSE,unknown,1018,0.68,0.087,0,0.2,Friday,2023,0
CA,CAD,MXN,mobile,9994.55,7395.97,149.94,12.758621,FALSE,standard,947,0.625,0.268,0,0,Friday,2023,0
US,USD,INR,web,222.09,222.09,4.5,83.333333,FALSE,standard,1018,0.934,0.087,1,0,Friday,2023,0
UK,GBP,MXN,mobile,220.27,275.34,4.68,21.551724,FALSE,standard,4,0.892,0.407,0,0,Friday,2023,0
US,USD,NGN,mobile,220.06,220.06,4.23,1111.111111,FALSE,standard,263,0.522,0.223,0,0.25,Friday,2023,0
US,USD,PHP,mobile,183.9,183.9,3.66,58.823529,FALSE,standard,147,0.551,0.391,0,0.1,Friday,2023,0
CA,CAD,EUR,mobile,99.16,73.38,2.97,0.685185,FALSE,standard,947,0.625,0.268,0,0,Friday,2023,0
CA,CAD,PHP,web,410.38,303.68,7.1,43.529412,FALSE,standard,947,0.625,0.268,0,0,Friday,2023,0
US,USD,INR,mobile,150.07,150.07,3.49,83.333333,FALSE,enhanced,367,0.939,0.176,0,0,Friday,2023,0
US,USD,CNY,mobile,113.26,113.26,2.74,7.142857,FALSE,standard,147,0.551,0.391,1,0,Friday,2023,1
UK,GBP,MXN,ATM,104.49,130.61,2.18,21.551724,FALSE,standard,882,0.672,0.039,0,0,Friday,2023,0
US,USD,CAD,mobile,76.35,76.35,2.67,1.351351,FALSE,standard,298,0.336,0.166,0,0,Friday,2023,0
US,USD,CAD,mobile,83.44,83.44,1.84,1.351351,FALSE,standard,147,0.551,0.391,0,0,Saturday,2023,0
US,USD,PHP,mobile,287.11,287.11,5.6,58.823529,FALSE,standard,298,0.336,0.166,0,0.1,Saturday,2023,0
US,USD,PHP,mobile,9991.62,9991.62,150.04,58.823529,FALSE,standard,147,0.551,0.391,0,0.1,Saturday,2023,0
US,USD,INR,web,95.27,95.27,2.08,83.333333,FALSE,standard,1016,0.944,0.247,0,0,Saturday,2023,0
US,USD,CNY,mobile,76.26,76.26,2.42,7.142857,FALSE,enhanced,367,0.939,0.176,7,0,Saturday,2023,0
US,USD,CNY,mobile,129.51,129.51,3.09,7.142857,FALSE,standard,263,0.522,0.223,0,0,Saturday,2023,0
US,USD,MXN,mobile,44.78,44.78,2.33,17.241379,FALSE,standard,298,0.336,0.166,0,0.2,Saturday,2023,0
US,USD,INR,web,65.68,65.68,2.02,83.333333,FALSE,standard,263,0.522,0.223,0,0,Saturday,2023,0
US,USD,NGN,mobile,274.57,274.57,4.74,1111.111111,FALSE,standard,263,0.522,0.223,0,0.25,Sunday,2023,0
UK,GBP,CNY,mobile,148.07,185.09,2.81,8.928571,FALSE,standard,718,0.953,0.169,0,0,Sunday,2023,0
US,USD,CAD,ATM,89.33,89.33,2.44,1.351351,FALSE,standard,147,0.551,0.391,0,0,Sunday,2023,0
CA,CAD,CNY,mobile,167.16,123.7,4.01,5.285714,FALSE,standard,853,0.83,0.29,1,0,Sunday,2023,0
US,USD,EUR,mobile,312.21,312.21,5.8,0.925926,FALSE,standard,147,0.551,0.391,0,0,Monday,2023,0
CA,CAD,GBP,mobile,250.33,185.24,4.88,0.592,FALSE,standard,947,0.625,0.268,0,0,Monday,2023,1
UK,GBP,EUR,mobile,108.7,135.87,3.32,1.157407,FALSE,standard,4,0.892,0.407,0,0.05,Monday,2023,0
US,USD,INR,mobile,77.61,77.61,2.49,83.333333,FALSE,enhanced,367,0.939,0.176,0,0,Monday,2023,0
CA,CAD,PHP,mobile,170.77,126.37,3.75,43.529412,FALSE,standard,1041,0.867,0.245,0,0,Monday,2023,0
UK,GBP,USD,ATM,173.78,217.22,3.85,1.25,TRUE,standard,718,0.803,0.169,0,0,Monday,2023,0
US,USD,INR,web,228.47,228.47,4.34,83.333333,FALSE,enhanced,367,0.939,0.176,0,0,Monday,2024,0
US,USD,NGN,web,347.56,410.97,110.92,1111.111111,FALSE,unknown,147,0.68,0.391,0,0.25,Monday,2023,1
US,USD,NGN,mobile,557.16,557.16,9.71,1111.111111,FALSE,standard,1018,0.934,0.087,0,0.25,Monday,2023,0
US,USD,PHP,web,42.59,42.59,0.76,58.823529,FALSE,standard,147,0.551,0.391,0,0.1,Monday,2023,0
US,USD,INR,mobile,107,107,2.68,83.333333,FALSE,standard,1058,0.923,0.139,0,0,Monday,2023,0
US,USD,INR,mobile,212.37,212.37,4.35,83.333333,FALSE,standard,263,0.522,0.223,0,0,Monday,2023,0
UK,GBP,NGN,web,454.51,568.14,6.96,1388.888889,FALSE,standard,718,0.953,0.169,0,0.22,Monday,2023,0
US,USD,CAD,web,934.54,934.54,14.33,1.351351,FALSE,standard,263,0.372,0.223,1,0,Monday,2023,0
UK,GBP,MXN,mobile,126.64,158.3,3.38,21.551724,FALSE,standard,4,0.742,0.407,0,0,Monday,2023,0
CA,CAD,NGN,mobile,147.73,109.32,2.52,822.222222,FALSE,low,615,0.515,0.355,0,0,Tuesday,2023,0
US,USD,CAD,mobile,62.8,410.97,110.92,1.351351,FALSE,unknown,263,0.68,0.223,0,0,Tuesday,2023,0
UK,GBP,PHP,ATM,199.69,249.62,3.28,73.529412,FALSE,standard,4,0.892,0.407,0,0,Tuesday,2023,0
US,USD,GBP,mobile,294.99,294.99,5.4,0.8,FALSE,standard,147,0.551,0.391,0,0,Tuesday,2023,0
CA,CAD,EUR,mobile,25.79,19.09,1.45,0.685185,FALSE,standard,172,0.881,0.199,0,0,Tuesday,2023,0
UK,GBP,CNY,web,120.23,150.28,3.4,8.928571,TRUE,standard,4,0.742,0.407,0,0,Tuesday,2023,0
US,USD,INR,web,286.53,286.53,6.08,83.333333,FALSE,standard,147,0.551,0.391,0,0,Tuesday,2023,0
US,USD,USD,mobile,618.01,618.01,10.33,1,FALSE,standard,298,0.336,0.166,0,0,Wednesday,2023,0
US,USD,EUR,mobile,142.96,142.96,2.83,0.925926,FALSE,standard,1016,0.944,0.247,0,0,Wednesday,2023,0
US,USD,CAD,mobile,145.09,145.09,3.02,1.351351,FALSE,enhanced,257,0.894,0.257,0,0,Wednesday,2023,0
US,USD,GBP,web,204.64,410.97,110.92,0.8,FALSE,unknown,1018,0.68,0.087,0,0,Wednesday,2023,0
CA,CAD,INR,web,111.37,82.41,2.75,61.666667,FALSE,standard,1041,0.867,0.245,0,0.12,Wednesday,2023,0
US,USD,USD,web,125.78,125.78,3.16,1,FALSE,standard,263,0.522,0.223,0,0,Wednesday,2023,0
US,USD,GBP,web,772.68,772.68,12.57,0.8,TRUE,standard,298,0.336,0.166,0,0,Wednesday,2023,0
UK,GBP,GBP,mobile,138.47,173.08,3.49,1,TRUE,standard,718,0.953,0.169,0,0,Wednesday,2023,0
US,USD,INR,mobile,101.31,101.31,2.13,83.333333,FALSE,enhanced,257,0.894,0.257,0,0,Wednesday,2023,0
UK,GBP,CAD,mobile,358.95,448.69,5.94,1.689189,FALSE,standard,4,0.892,0.407,0,0,Wednesday,2023,0
UK,GBP,PHP,ATM,79.06,98.82,1.83,73.529412,FALSE,standard,4,0.892,0.407,0,0,Wednesday,2023,0
UK,GBP,MXN,mobile,503.3,629.12,8.4,21.551724,FALSE,standard,4,0.892,0.407,8,0,Wednesday,2023,0
US,USD,PHP,mobile,76.6,76.6,1.17,58.823529,FALSE,standard,1018,0.934,0.087,0,0.1,Thursday,2023,0
CA,CAD,USD,mobile,261.06,193.19,4.99,0.74,FALSE,standard,947,0.625,0.268,0,0,Thursday,2023,0
CA,CAD,GBP,web,281.35,208.2,5.8,0.592,FALSE,standard,172,0.881,0.199,0,0,Thursday,2023,0
US,USD,MXN,mobile,311.96,311.96,5.17,17.241379,FALSE,standard,1018,0.934,0.087,1,0.2,Thursday,2023,0
US,USD,GBP,mobile,101.62,101.62,2.05,0.8,FALSE,standard,147,0.551,0.391,0,0,Thursday,2023,0
US,USD,EUR,web,184.37,184.37,3.87,0.925926,FALSE,standard,147,0.551,0.391,0,0,Thursday,2023,0
US,USD,NGN,mobile,543.64,410.97,110.92,1111.111111,FALSE,unknown,1016,0.68,0.247,0,0.25,Thursday,2023,0
US,USD,NGN,mobile,642.83,642.83,11.35,1111.111111,TRUE,standard,147,0.551,0.391,1,0.25,Thursday,2023,0
US,USD,PHP,mobile,129.41,129.41,3.42,58.823529,FALSE,standard,1016,0.944,0.247,0,0.1,Thursday,2023,0
US,USD,USD,mobile,144.91,144.91,3.09,1,FALSE,enhanced,367,0.939,0.176,0,0,Thursday,2023,0
US,USD,MXN,mobile,197.45,197.45,3.8,17.241379,FALSE,enhanced,367,0.939,0.176,0,0.2,Thursday,2023,0
UK,GBP,INR,mobile,43.66,54.57,1,104.166667,FALSE,standard,4,0.892,0.407,0,0,Friday,2023,0
US,USD,USD,mobile,82.94,82.94,1.79,1,FALSE,standard,1018,0.934,0.087,0,0,Friday,2023,0
US,USD,NGN,web,274.22,274.22,5.34,1111.111111,FALSE,standard,263,0.522,0.223,0,0.25,Friday,2023,0
US,USD,USD,mobile,60.63,60.63,2.75,1,TRUE,standard,298,0.336,0.166,0,0,Friday,2023,0
UK,GBP,NGN,web,605.63,757.03,9.19,1388.888889,FALSE,standard,4,0.892,0.407,0,0.22,Friday,2023,0
US,USD,USD,web,207.76,207.76,3.67,1,FALSE,enhanced,257,0.894,0.257,0,0,Friday,2023,0
US,USD,NGN,web,219.33,219.33,4.47,1111.111111,FALSE,standard,34,0.427,0.068,0,0.25,Friday,2023,1
US,USD,CAD,mobile,107.15,107.15,3.36,1.351351,FALSE,standard,1018,0.934,0.087,0,0,Tuesday,2023,0
UK,GBP,INR,mobile,170.4,213,-1,104.166667,FALSE,standard,4,-0.1,0.407,0,0,Friday,2023,0
US,USD,USD,ATM,127.16,127.16,2.74,1,FALSE,standard,263,0.522,0.223,0,0,Friday,2023,0
US,USD,EUR,web,119.21,119.21,3.13,0.925926,FALSE,enhanced,367,0.939,0.176,0,0,Friday,2023,0
CA,CAD,GBP,web,209.76,155.23,4.26,0.592,FALSE,standard,947,0.625,0.268,0,0,Saturday,2023,0
US,USD,INR,web,138.1,138.1,3.41,83.333333,FALSE,standard,298,0.336,0.166,0,0,Saturday,2023,0
US,USD,MXN,web,115.36,115.36,2.86,17.241379,FALSE,standard,298,0.336,0.166,0,0.2,Saturday,2023,0
US,USD,PHP,mobile,59.32,59.32,1.91,58.823529,FALSE,enhanced,367,0.939,0.176,8,0.1,Saturday,2023,0
US,USD,EUR,mobile,-57.23,57.23,9999.99,0.925926,FALSE,enhanced,257,-0.1,0.257,1,0,Saturday,2023,0
US,USD,PHP,ATM,129.87,129.87,3.95,58.823529,TRUE,standard,298,0.336,0.166,0,0.1,Saturday,2023,0
US,USD,NGN,mobile,323.88,323.88,6.09,1111.111111,FALSE,standard,859,0.96,0.363,0,0.25,Saturday,2023,0
CA,CAD,PHP,web,98.08,72.58,2.29,43.529412,FALSE,low,615,0.515,0.355,0,0,Saturday,2023,0
US,USD,EUR,web,222.27,222.27,4.1,0.925926,FALSE,standard,298,0.336,0.166,0,0,Saturday,2023,0
US,USD,INR,web,64.83,64.83,1.73,83.333333,FALSE,standard,263,0.372,0.223,0,0,Saturday,2023,0
US,USD,NGN,weeb,99.87,99.87,2.2,1111.111111,FALSE,enhanced,367,0.939,0.176,0,0.25,Saturday,2023,0
CA,CAD,CNY,web,-43.58,32.25,9999.99,5.285714,FALSE,low,824,-0.1,0.282,0,0,Saturday,2023,0
US,USD,INR,web,287.53,287.53,4.76,83.333333,FALSE,standard,805,0.6,0.21,0,0,Saturday,2023,0
US,USD,USD,mobile,144.3,144.3,2.98,1,FALSE,enhanced,257,0.894,0.257,1,0,Sunday,2023,0
US,USD,CNY,web,464.93,464.93,7.79,7.142857,FALSE,standard,298,0.336,0.166,0,0,Sunday,2023,0
US,USD,CNY,ATM,375.96,375.96,6.53,7.142857,FALSE,standard,298,0.186,0.166,0,0,Sunday,2023,0
US,USD,GBP,mobile,149.2,149.2,3.35,0.8,FALSE,standard,298,0.336,0.166,0,0,Sunday,2023,0
US,USD,GBP,web,114.48,114.48,3.14,0.8,FALSE,low,616,0.702,0.361,0,0,Sunday,2023,0
US,USD,EUR,mobile,260.03,260.03,4.27,0.925926,FALSE,standard,263,0.522,0.223,0,0,Sunday,2023,0
UK,GBP,CAD,mobile,196.64,245.8,4.18,1.689189,FALSE,standard,718,0.953,0.169,0,0,Sunday,2023,0
US,USD,NGN,mobile,117.1,117.1,3.78,1111.111111,TRUE,standard,1018,0.934,0.087,0,0.25,Monday,2023,0
CA,CAD,GBP,web,164.12,121.45,2.71,0.592,FALSE,standard,1041,0.717,0.245,0,0,Monday,2023,0
CA,CAD,EUR,web,901.13,666.84,14.96,0.685185,FALSE,low,824,0.607,0.282,0,0,Monday,2023,0
unknown,USD,CNY, mobile  ,144.61,144.61,3.39,7.142857,FALSE,standard,1018,0.934,0.087,0,0,Monday,2023,0
US,USD,PHP,web,-110.32,110.32,9999.99,58.823529,FALSE,standard,147,-0.1,0.391,0,0.1,Monday,2023,0
US,USD,NGN,mobile,66.13,66.13,1.52,1111.111111,FALSE,standard,1018,0.934,0.087,0,0.25,Monday,2023,0
US,USD,CNY,mobile,201,201,3.79,7.142857,TRUE,standard,1016,0.944,0.247,1,0,Monday,2023,0
US,USD,EUR,web,217.04,217.04,4.94,0.925926,FALSE,standard,263,0.522,0.223,0,0,Tuesday,2023,0
US,USD,EUR,mobile,96.64,96.64,2.16,0.925926,FALSE,standard,638,0.839,0.244,0,0,Tuesday,2023,0
US,USD,PHP,ATM,267.29,267.29,4.83,58.823529,FALSE,standard,263,0.522,0.223,0,0.1,Tuesday,2023,0
UK,GBP,USD,mobile,205.68,257.1,4.04,1.25,FALSE,standard,4,0.892,0.407,0,0,Tuesday,2023,0
US,USD,NGN,web,122.45,122.45,2.67,1111.111111,FALSE,standard,298,0.336,0.166,0,0.25,Tuesday,2023,1
UK,GBP,CAD,mobile,128.24,160.3,2.21,1.689189,FALSE,standard,718,0.953,0.169,0,0,Tuesday,2023,0
US,USD,GBP,mobile,426.76,426.76,7.39,0.8,FALSE,enhanced,367,0.939,0.176,0,0,Tuesday,2023,0
UK,GBP,INR,mobile,127.93,159.91,3.65,104.166667,FALSE,standard,4,0.892,0.407,0,0,Tuesday,2023,0
US,USD,CAD,ATM,273.06,273.06,6.1,1.351351,FALSE,standard,298,0.336,0.166,0,0,Tuesday,2023,0
US,USD,CAD,mobile,54.47,54.47,2.12,1.351351,FALSE,standard,147,0.551,0.391,0,0,Tuesday,2023,0
UK,GBP,USD,mobile,148.26,185.32,2.65,1.25,FALSE,standard,4,0.892,0.407,0,0,Wednesday,2023,0
US,USD,PHP,web,147.09,147.09,3.09,58.823529,FALSE,standard,638,0.839,0.244,0,0.1,Wednesday,2023,0
US,USD,NGN,web,402.49,410.97,110.92,1111.111111,FALSE,unknown,263,0.68,0.223,0,0.25,Thursday,2023,0
US,USD,GBP,mobile,266.78,266.78,6,0.8,TRUE,enhanced,257,0.894,0.257,0,0,Thursday,2023,0
US,USD,USD,mobile,310.27,410.97,110.92,1,FALSE,unknown,1018,0.68,0.087,0,0,Thursday,2023,0
UK,GBP,PHP,web,65.99,82.49,1.99,73.529412,FALSE,standard,4,0.892,0.407,0,0,Thursday,2023,1
UK,GBP,EUR,web,262.7,328.38,5.09,1.157407,TRUE,standard,4,0.892,0.407,0,0.05,Thursday,2023,0
US,USD,NGN,mobile,22.05,22.05,0.71,1111.111111,FALSE,standard,263,0.522,0.223,0,0.25,Thursday,2023,0
US,USD,MXN,web,77.28,77.28,2.34,17.241379,FALSE,standard,888,0.904,0.469,0,0.2,Thursday,2023,0
US,USD,PHP,mobile,340.86,340.86,6.7,58.823529,FALSE,enhanced,367,0.939,0.176,0,0.1,Thursday,2023,0
UK,GBP,CAD,mobile,135.15,168.94,3.55,1.689189,FALSE,standard,4,0.892,0.407,1,0,Thursday,2023,0
US,USD,GBP,web,150.35,150.35,3.1,0.8,FALSE,enhanced,367,0.939,0.176,0,0,Thursday,2023,0
US,USD,INR,mobile,295.46,295.46,5.76,83.333333,FALSE,enhanced,367,0.939,0.176,0,0,Thursday,2023,0
US,USD,CNY,mobile,242.02,242.02,4.22,7.142857,FALSE,standard,298,0.336,0.166,0,0,Friday,2023,0
US,USD,CNY,mobile,408.63,408.63,6.86,7.142857,FALSE,standard,298,0.336,0.166,0,0,Friday,2023,0
US,USD,GBP,mobile,41.3,41.3,1.45,0.8,FALSE,standard,1018,0.934,0.087,0,0,Friday,2023,0
US,USD,GBP,ATM,124.76,124.76,2.49,0.8,FALSE,standard,1018,0.934,0.087,0,0,Friday,2023,0
US,USD,CNY,mobile,138.48,138.48,2.82,7.142857,FALSE,standard,147,0.551,0.391,0,0,Friday,2023,0
US,USD,CAD,mobile,384.71,384.71,6.84,1.351351,FALSE,standard,263,0.522,0.223,4,0,Friday,2023,0
UK,GBP,NGN,web,65.68,82.1,2.16,1388.888889,FALSE,standard,718,0.953,0.169,0,0.22,Friday,2023,0
UK,GBP,INR,web,204.66,255.82,3.82,104.166667,FALSE,standard,4,0.892,0.407,0,0,Friday,2023,0
US,USD,PHP,web,410.68,410.68,6.42,58.823529,FALSE,standard,298,0.336,0.166,0,0.1,Friday,2023,0
US,USD,CAD,ATM,198.69,198.69,3.42,1.351351,FALSE,standard,298,0.336,0.166,0,0,Saturday,2023,0
US,USD,PHP,mobile,112.46,112.46,1.92,58.823529,FALSE,standard,263,0.522,0.223,0,0.1,Saturday,2024,0
US,USD,USD,mobile,77.36,77.36,1.59,1,FALSE,standard,298,0.336,0.166,0,0,Saturday,2023,0
US,USD,GBP,mobile,495.33,495.33,8.41,0.8,TRUE,standard,263,0.522,0.223,0,0,Saturday,2023,0
UK,GBP,MXN,mobile,106.15,132.69,1.85,21.551724,FALSE,standard,4,0.892,0.407,0,0,Saturday,2023,0
US,USD,PHP,mobile,427.12,427.12,7.41,58.823529,FALSE,standard,34,0.427,0.068,0,0.1,Saturday,2023,0
US,USD,EUR,web,438.1,410.97,110.92,0.925926,FALSE,unknown,367,0.68,0.176,0,0,Saturday,2023,0
CA,CAD,MXN,web,239.09,176.93,5.08,12.758621,FALSE,standard,172,0.881,0.199,0,0,Saturday,2023,0
UK,GBP,CAD,mobile,101.24,126.55,3.69,1.689189,FALSE,standard,4,0.892,0.407,0,0,Saturday,2023,0
US,USD,NGN,mobile,231.16,231.16,4.71,1111.111111,FALSE,enhanced,257,0.894,0.257,0,0.25,Saturday,2023,0
US,USD,INR,web,732.14,732.14,11.93,83.333333,FALSE,standard,263,0.522,0.223,0,0,Saturday,2023,0
US,USD,EUR,mobille,622.08,622.08,9.73,0.925926,FALSE,standard,1018,0.934,0.087,0,0,Sunday,2023,0
US,USD,USD,ATM,413.62,413.62,7.23,1,FALSE,standard,263,0.522,0.223,0,0,Sunday,2023,0
US,USD,CNY,mobile,59.4,59.4,2.03,7.142857,FALSE,standard,1016,0.944,0.247,0,0,Sunday,2023,0
US,USD,USD,web,73.11,73.11,1.82,1,FALSE,enhanced,257,0.894,0.257,0,0,Sunday,2023,0
CA,CAD,PHP,mobile,157.19,116.32,3.74,43.529412,TRUE,low,615,0.515,0.355,0,0,Sunday,2023,0
US,USD,EUR,web,184.07,184.07,3.79,0.925926,FALSE,enhanced,367,0.939,0.176,0,0,Sunday,2023,0
US,USD,CNY,mobile,140.46,140.46,2.76,7.142857,FALSE,standard,263,0.522,0.223,0,0,Sunday,2023,0
CA,CAD,PHP,web,388.35,287.38,6.66,43.529412,FALSE,standard,725,0.674,0.212,0,0,Sunday,2023,0
US,USD,EUR,mobile,218.79,218.79,4.9,0.925926,FALSE,standard,34,0.427,0.068,0,0,Sunday,2023,0
US,USD,NGN,web,37.85,37.85,1.14,1111.111111,FALSE,enhanced,367,0.939,0.176,0,0.25,Sunday,2023,0
UK,GBP,MXN,mobile,153.27,191.58,4.52,21.551724,FALSE,standard,4,0.892,0.407,0,0,Sunday,2023,0
UK,GBP,CNY,web,51.08,63.85,2.32,8.928571,FALSE,standard,4,0.892,0.407,8,0,Monday,2023,0
US,USD,CNY,mobile,115.86,115.86,2.97,7.142857,FALSE,standard,1016,0.944,0.247,0,0,Monday,2023,1
US,USD,USD,web,37.59,37.59,1.78,1,FALSE,standard,263,0.522,0.223,0,0,Monday,2023,0
US,USD,CNY,mobile,268.06,268.06,4.02,7.142857,FALSE,standard,147,0.551,0.391,0,0,Monday,2023,0
UK,GBP,USD,mobile,981.68,1227.09,15.99,1.25,FALSE,standard,4,0.892,0.407,0,0,Monday,2023,0
US,USD,CNY,mobile,350.09,350.09,7.03,7.142857,FALSE,enhanced,367,0.939,0.176,0,0,Monday,2023,0
US,USD,CNY,web,61.66,61.66,2.67,7.142857,FALSE,standard,830,0.799,0.102,0,0,Monday,2023,0
US,USD,USD,mobile,103.37,103.37,3.12,1,TRUE,standard,1018,0.784,0.087,1,0,Monday,2023,0
US,USD,GBP,web,152.66,152.66,3.04,0.8,FALSE,enhanced,257,0.894,0.257,0,0,Monday,2023,0
US,USD,INR,web,23.47,23.47,1.21,83.333333,FALSE,standard,1016,0.944,0.247,0,0,Tuesday,2023,0
UK,GBP,CNY,web,140.32,175.4,3.76,8.928571,FALSE,standard,4,0.892,0.407,0,0,Tuesday,2023,1
UK,GBP,NGN,mobile,95.99,119.99,2.57,1388.888889,FALSE,standard,4,0.892,0.407,0,0.22,Tuesday,2023,0
US,USD,EUR,mobile,128.98,128.98,3.45,0.925926,FALSE,standard,298,0.186,0.166,0,0,Tuesday,2023,0
US,USD,EUR,mobile,126.94,126.94,2.55,0.925926,FALSE,standard,1018,0.934,0.087,1,0,Tuesday,2023,0
US,USD,NGN,mobile,582.59,582.59,9.47,1111.111111,TRUE,standard,1018,0.934,0.087,0,0.25,Tuesday,2023,0
UK,GBP,GBP,mobile,409.99,512.49,7.16,1,FALSE,standard,4,0.892,0.407,0,0,Tuesday,2024,1
US,USD,EUR,mobile,86.09,86.09,1.97,0.925926,FALSE,standard,298,0.336,0.166,0,0,Tuesday,2023,0
US,USD,INR,web,112.51,112.51,2.34,83.333333,FALSE,standard,298,0.336,0.166,0,0,Tuesday,2023,0
US,USD,MXN,ATM,214.07,214.07,3.51,17.241379,FALSE,enhanced,367,0.939,0.176,0,0.2,Tuesday,2023,0
UK,GBP,USD,web,93.1,116.38,1.81,1.25,FALSE,standard,4,0.892,0.407,0,0,Wednesday,2023,0
UK,GBP,CAD,web,411.45,514.31,7.86,1.689189,FALSE,standard,4,0.892,0.407,0,0,Wednesday,2023,0
US,USD,GBP,web,66.31,66.31,1.7,0.8,FALSE,enhanced,367,0.939,0.176,6,0,Wednesday,2023,0
US,USD,GBP,mobile,132.54,132.54,2.32,0.8,FALSE,standard,1016,0.944,0.247,0,0,Wednesday,2023,0
US,USD,GBP,mobile,97.59,97.59,1.96,0.8,TRUE,standard,263,0.522,0.223,0,0,Wednesday,2023,0
US,USD,NGN,mobile,93.88,93.88,3,1111.111111,FALSE,standard,298,0.336,0.166,0,0.25,Wednesday,2023,0
UK,GBP,CAD,mobile,353.13,441.41,6.39,1.689189,FALSE,standard,4,0.892,0.407,0,0,Wednesday,2023,0
US,USD,CNY,mobile,144.88,144.88,2.89,7.142857,FALSE,enhanced,257,0.894,0.257,0,0,Wednesday,2023,0
US,USD,INR,mobile,68.47,68.47,1.7,83.333333,FALSE,enhanced,257,0.894,0.257,0,0,Thursday,2023,0
US,USD,GBP,mobile,160.95,160.95,3.6,0.8,FALSE,standard,1018,0.934,0.087,0,0,Thursday,2023,0
US,USD,INR,mobile,45.47,45.47,2.3,83.333333,TRUE,standard,1018,0.934,0.087,0,0,Thursday,2023,0
US,USD,PHP,web,142.15,142.15,3.33,58.823529,FALSE,standard,1018,0.934,0.087,0,0.1,Friday,2023,0
UK,GBP,CAD,mobile,212.89,266.12,3.68,1.689189,FALSE,standard,4,0.892,0.407,0,0,Friday,2023,0
US,USD,CAD,web,767.78,767.78,11.34,1.351351,FALSE,standard,298,0.336,0.166,0,0,Friday,2023,0
UK,GBP,INR,mobile,184.6,230.75,4.03,104.166667,FALSE,standard,4,0.892,0.407,0,0,Friday,2023,0
UK,GBP,GBP,ATM,224.55,280.69,4.43,1,FALSE,standard,4,0.892,0.407,0,0,Friday,2023,0
US,USD,CNY,mobile,132.64,132.64,3.46,7.142857,FALSE,standard,263,0.522,0.223,0,0,Friday,2023,0
US,USD,PHP,mobile,691.97,691.97,11.53,58.823529,FALSE,enhanced,367,0.939,0.176,8,0.1,Friday,2023,0
US,USD,MXN,mobile,491.64,491.64,8.31,17.241379,FALSE,enhanced,367,0.939,0.176,0,0.2,Friday,2023,0
UK,GBP,USD,mobile,322.95,403.69,5.57,1.25,TRUE,low,449,0.483,0.103,0,0,Friday,2023,0
US,USD,EUR,web,218.82,218.82,4.65,0.925926,FALSE,standard,298,0.336,0.166,4,0,Friday,2023,0
UK,GBP,CNY,mobile,259.48,324.34,5.04,8.928571,FALSE,standard,718,0.953,0.169,0,0,Friday,2023,0
US,USD,CNY,MOBILE,302.89,302.89,4.95,7.142857,FALSE,enhanced,257,0.894,0.257,0,0,Friday,2023,0
CA,CAD,USD,web,927.95,686.68,15.34,0.74,FALSE,standard,947,0.625,0.268,0,0,Friday,2023,0
US,USD,MXN,mobile,536.15,536.15,9.23,17.241379,FALSE,standard,298,0.336,0.166,0,0.2,Friday,2023,0
US,USD,PHP,web,210.52,210.52,4.44,58.823529,FALSE,standard,298,0.336,0.166,0,0.1,Friday,2023,0
CA,CAD,GBP,web,189.25,140.04,3.71,0.592,FALSE,standard,172,0.881,0.199,7,0,Saturday,2023,0
UK,GBP,CNY,mobile,206.16,257.69,4.05,8.928571,TRUE,standard,4,0.892,0.407,0,0,Saturday,2023,0
CA,CAD,NGN,mobile,191,141.34,3.67,822.222222,FALSE,standard,853,0.83,0.29,0,0,Saturday,2023,0
US,USD,INR,mobile,74.04,74.04,1.81,83.333333,FALSE,standard,298,0.336,0.166,0,0,Saturday,2023,0
UK,GBP,PHP,web,165.3,206.63,3.75,73.529412,FALSE,standard,4,0.892,0.407,0,0,Saturday,2023,0
UK,GBP,CAD,ATM,84.09,105.11,1.85,1.689189,FALSE,standard,4,0.892,0.407,0,0,Saturday,2023,0
 US  ,USD,CAD,unknown,107.11,107.11,3.12,1.351351,FALSE,standard,263,0.522,0.223,1,0,Saturday,2023,0
CA,CAD,CNY,mobile,332.56,246.1,5.37,5.285714,FALSE,low,615,0.515,0.355,0,0,Saturday,2023,0
US,USD,EUR,mobile,283.75,283.75,4.91,0.925926,FALSE,standard,298,0.336,0.166,0,0,Saturday,2023,0
UK,GBP,CAD,mobile,127.69,159.61,2.66,1.689189,FALSE,standard,4,0.892,0.407,0,0,Sunday,2023,0
US,USD,MXN,mobile,474.9,474.9,8.89,17.241379,FALSE,standard,263,0.522,0.223,0,0.2,Sunday,2023,0
CA,CAD,EUR,mobile,230.65,170.68,4.67,0.685185,FALSE,low,615,0.515,0.355,0,0,Sunday,2023,0
US,USD,CNY,mobile,123.58,123.58,2.99,7.142857,FALSE,standard,1018,0.934,0.087,0,0,Sunday,2023,0
US,USD,INR,mobile,338.89,338.89,5.31,83.333333,FALSE,standard,1018,0.784,0.087,0,0,Sunday,2023,0
US,USD,CNY,ATM,63.61,63.61,1.85,7.142857,FALSE,standard,638,0.839,0.244,0,0,Sunday,2023,0
UK,GBP,NGN,web,57.93,72.41,0.9,1388.888889,FALSE,standard,4,0.892,0.407,0,0.22,Monday,2023,0
UK,GBP,PHP,mobile,272.53,340.66,4.96,73.529412,FALSE,standard,4,0.892,0.407,0,0,Monday,2023,0
CA,CAD,MXN,mobile,65.47,48.45,1.71,12.758621,TRUE,standard,947,0.625,0.268,0,0,Monday,2023,0
CA,CAD,GBP,ATM,117.18,86.72,2.47,0.592,FALSE,standard,947,0.625,0.268,0,0,Monday,2023,0
US,USD,USD,web,282.56,282.56,4.54,1,FALSE,standard,263,0.522,0.223,0,0,Monday,2023,0
US,USD,EUR,mobile,46.2,46.2,1.94,0.925926,FALSE,standard,263,0.522,0.223,0,0,Monday,2023,0
US,USD,USD,web,452.7,452.7,8.72,1,FALSE,standard,263,0.522,0.223,0,0,Monday,2023,0
US,USD,INR,web,168.88,168.88,3.13,83.333333,FALSE,enhanced,367,0.939,0.176,0,0,Monday,2023,0
US,USD,CAD,web,78.89,78.89,2.2,1.351351,FALSE,standard,147,0.551,0.391,0,0,Tuesday,2024,0
CA,CAD,CNY,ATM,101.57,75.16,2.43,5.285714,FALSE,enhanced,783,0.886,0.271,0,0,Monday,2023,0
US,USD,INR,mobile,747.81,747.81,12.37,83.333333,FALSE,enhanced,367,0.939,0.176,0,0,Monday,2023,0
US,USD,GBP,web,395.33,395.33,7.02,0.8,TRUE,standard,298,0.336,0.166,0,0,Tuesday,2023,0
US,USD,GBP,mobile,42.88,42.88,1.51,0.8,FALSE,standard,298,0.336,0.166,0,0,Tuesday,2023,0
US,USD,CNY,mobile,152.52,152.52,3.34,7.142857,FALSE,enhanced,367,0.939,0.176,0,0,Tuesday,2023,0
US,USD,NGN,web,166.14,166.14,3.15,1111.111111,FALSE,standard,298,0.336,0.166,0,0.25,Tuesday,2023,0
CA,CAD,CNY,web,271.4,200.83,5.21,5.285714,FALSE,low,824,0.607,0.282,0,0,Tuesday,2023,0
US,USD,USD,mobile,337.62,337.62,5.38,1,FALSE,standard,1018,0.934,0.087,0,0,Tuesday,2023,0
US,USD,EUR, web  ,211.34,211.34,3.99,0.925926,FALSE,standard,298,0.336,0.166,1,0,Tuesday,2023,0
US,USD,USD,mobile,181.55,181.55,3.6,1,FALSE,enhanced,367,0.939,0.176,0,0,Tuesday,2023,0
US,USD,INR,mobile,77.83,77.83,1.79,83.333333,FALSE,enhanced,367,0.939,0.176,0,0,Tuesday,2023,0
US,USD,PHP,web,99.06,99.06,2.21,58.823529,FALSE,standard,34,0.277,0.068,0,0.1,Tuesday,2023,0
US,USD,GBP,mobile,130.48,130.48,3.99,0.8,FALSE,enhanced,257,0.894,0.257,0,0,Wednesday,2023,0
US,USD,INR,mobile,162.55,162.55,3.92,83.333333,FALSE,enhanced,257,0.894,0.257,0,0,Wednesday,2023,0
US,USD,NGN,mobile,235.17,235.17,4.24,1111.111111,TRUE,standard,147,0.401,0.391,0,0.25,Wednesday,2023,0
US,USD,CAD,mobile,210.42,210.42,3.37,1.351351,FALSE,standard,263,0.372,0.223,0,0,Wednesday,2023,0
US,USD,USD,mobile,275.86,275.86,5.12,1,FALSE,standard,1016,0.944,0.247,1,0,Wednesday,2023,0
CA,CAD,CAD,web,120.76,89.36,2.87,1,FALSE,low,824,0.607,0.282,0,0,Wednesday,2023,0
US,USD,USD,web,100.54,100.54,2.76,1,FALSE,enhanced,367,0.939,0.176,0,0,Thursday,2023,0
US,USD,PHP,mobile,102.01,102.01,2.69,58.823529,FALSE,standard,298,0.186,0.166,0,0.1,Thursday,2023,0
US,USD,CAD,mobile,50.24,50.24,3.03,1.351351,FALSE,standard,147,0.551,0.391,0,0,Thursday,2023,0
US,USD,CAD,web,-9997.16,9997.16,9999.99,1.351351,FALSE,standard,298,-0.1,0.166,6,0,Thursday,2023,0
US,USD,MXN,mobile,215.1,215.1,4.21,17.241379,FALSE,standard,147,0.551,0.391,1,0.2,Thursday,2023,0
UK,GBP,GBP,mobile,191.97,239.96,4.08,1,FALSE,standard,718,0.953,0.169,0,0,Thursday,2023,0
CA,CAD,CNY,web,851.67,630.24,14.09,5.285714,FALSE,standard,947,0.625,0.268,0,0,Thursday,2023,0
US,USD,EUR,mobile,128.77,128.77,2.23,0.925926,FALSE,enhanced,367,0.939,0.176,0,0,Friday,2023,0
US,USD,EUR,mobile,154.75,154.75,3.94,0.925926,FALSE,standard,298,0.336,0.166,0,0,Friday,2023,0
US,USD,GBP,mobile,45.09,45.09,2.3,0.8,FALSE,enhanced,257,0.744,0.257,0,0,Friday,2023,0
US,USD,EUR,mobile,215.94,215.94,5.04,0.925926,FALSE,standard,1018,0.784,0.087,0,0,Friday,2023,0
UK,GBP,EUR,mobile,138.59,173.24,3.37,1.157407,FALSE,standard,718,0.953,0.169,1,0.05,Friday,2024,0
US,USD,NGN,mobile,159.1,159.1,3.65,1111.111111,FALSE,enhanced,257,0.894,0.257,0,0.25,Friday,2023,0
US,USD,PHP,ATM,278.41,278.41,5.98,58.823529,FALSE,standard,1018,0.934,0.087,0,0.1,Friday,2023,0
US,USD,USD,web,53.35,53.35,1.1,1,FALSE,standard,263,0.522,0.223,0,0,Friday,2023,0
US,USD,GBP,web,138.1,138.1,3.63,0.8,FALSE,standard,1018,0.934,0.087,0,0,Friday,2023,0
US,USD,EUR,web,136.48,136.48,3.05,0.925926,FALSE,standard,298,0.336,0.166,0,0,Saturday,2023,0
US,USD,EUR,web,397.71,397.71,6.63,0.925926,FALSE,standard,263,0.522,0.223,0,0,Saturday,2023,0
UK,GBP,INR,web,76.54,95.67,2.86,104.166667,TRUE,standard,4,0.892,0.407,0,0,Saturday,2023,0
US,USD,PHP,mobile,676.47,676.47,10.51,58.823529,FALSE,standard,298,0.336,0.166,0,0.1,Friday,2024,0
UK,GBP,USD,web,120.71,150.89,2.42,1.25,FALSE,standard,684,0.833,0.241,0,0,Saturday,2023,0
CA,CAD,NGN,mobile,1388.3,1027.34,21.05,822.222222,FALSE,standard,1041,0.867,0.245,0,0,Saturday,2023,0
UK,GBP,NGN,web,210.03,262.53,4.11,1388.888889,TRUE,standard,718,0.953,0.169,1,0.22,Saturday,2023,0
US,USD,CNY,mobile,395.33,395.33,6.52,7.142857,FALSE,standard,1018,0.934,0.087,0,0,Saturday,2023,0
US,USD,MXN,mobile,115.96,115.96,3.12,17.241379,TRUE,standard,298,0.336,0.166,0,0.2,Saturday,2023,0
US,USD,GBP,mobile,152.51,152.51,2.05,0.8,TRUE,standard,1016,0.794,0.247,0,0,Saturday,2023,0
US,USD,INR,mobile,135.95,135.95,2.88,83.333333,FALSE,standard,1018,0.934,0.087,0,0,Saturday,2023,0
US,USD,GBP,web,410.93,410.93,6.09,0.8,FALSE,standard,298,0.336,0.166,0,0,Saturday,2023,0
US,USD,INR,mobile,129.36,129.36,2.19,83.333333,FALSE,standard,298,0.336,0.166,0,0,Saturday,2023,0
CA,CAD,PHP,mobile,-127.76,94.54,9999.99,43.529412,FALSE,standard,172,-0.1,0.199,0,0,Saturday,2023,0
UK,GBP,CAD,mobile,183.54,229.42,3.34,1.689189,FALSE,standard,4,0.892,0.407,0,0,Saturday,2023,0
US,USD,GBP,mobile,211.85,211.85,4.98,0.8,FALSE,enhanced,367,0.939,0.176,0,0,Saturday,2023,0
US,USD,NGN,ATM,180.26,180.26,3.8,1111.111111,FALSE,standard,263,0.522,0.223,0,0.25,Saturday,2023,0
US,USD,INR,mobile,144.97,144.97,3.94,83.333333,FALSE,standard,298,0.336,0.166,0,0,Sunday,2023,0
CA,CAD,CAD,ATM,100.83,74.61,2.98,1,FALSE,low,824,0.607,0.282,0,0,Sunday,2023,0
US,USD,GBP,mobile,233.24,233.24,3.84,0.8,FALSE,enhanced,367,0.939,0.176,0,0,Sunday,2023,0
US,USD,USD,mobile,77.78,77.78,3.04,1,FALSE,standard,298,0.336,0.166,0,0,Sunday,2023,0
US,USD,CAD,web,263.17,263.17,5.64,1.351351,FALSE,standard,263,0.522,0.223,0,0,Sunday,2023,0
CA,CAD,CAD,web,176.44,130.56,3.06,1,FALSE,standard,172,0.881,0.199,0,0,Sunday,2023,0
US,USD,USD,mobile,90.74,90.74,2.16,1,FALSE,standard,298,0.336,0.166,0,0,Sunday,2023,0
US,USD,EUR,web,138.45,138.45,3.92,0.925926,TRUE,standard,263,0.522,0.223,0,0,Sunday,2023,0
UK,GBP,INR,ATM,213.86,267.33,4.15,104.166667,FALSE,standard,1027,0.873,0.074,0,0,Sunday,2023,0
US,USD,USD,mobile,41.34,41.34,2.34,1,FALSE,standard,298,0.336,0.166,0,0,Sunday,2023,0
CA,CAD,INR,mobile,112.98,83.61,2.89,61.666667,FALSE,enhanced,63,0.853,0.13,0,0.12,Sunday,2023,0
US,USD,INR,mobile,83.29,83.29,1.51,83.333333,FALSE,enhanced,367,0.939,0.176,0,0,Sunday,2023,0
US,USD,INR,web,188.15,188.15,3.93,83.333333,TRUE,standard,263,0.522,0.223,0,0,Sunday,2023,0
US,USD,CNY,ATM,98.07,98.07,2.95,7.142857,FALSE,standard,147,0.551,0.391,0,0,Sunday,2023,0
US,USD,CNY,mobile,97.55,97.55,2.35,7.142857,FALSE,standard,1018,0.934,0.087,0,0,Monday,2023,0
UK,GBP,USD,web,126.68,158.35,2.81,1.25,TRUE,standard,718,0.953,0.169,0,0,Monday,2023,0
UK,GBP,INR,mobile,177.21,221.51,3.46,104.166667,FALSE,standard,4,0.892,0.407,0,0,Monday,2023,0
US,USD,INR,web,91.59,91.59,2.19,83.333333,TRUE,standard,1018,0.934,0.087,6,0,Monday,2023,0
US,USD,INR,web,118.24,410.97,110.92,83.333333,FALSE,unknown,298,0.68,0.166,0,0,Monday,2023,0
US,USD,NGN,mobile,245.06,245.06,4.87,1111.111111,FALSE,standard,298,0.336,0.166,0,0.25,Monday,2023,0
US,USD,CNY,web,725.22,725.22,11.99,7.142857,FALSE,standard,147,0.551,0.391,0,0,Tuesday,2023,0
US,USD,PHP,mobile,37.31,37.31,1.28,58.823529,FALSE,standard,263,0.522,0.223,0,0.1,Tuesday,2023,0
US,USD,INR,mobile,107.25,107.25,1.83,83.333333,FALSE,standard,147,0.551,0.391,0,0,Tuesday,2023,0
US,USD,NGN,mobile,66.52,66.52,1.07,1111.111111,FALSE,standard,298,0.336,0.166,0,0.25,Tuesday,2023,0
UK,GBP,INR,web,72.32,90.4,2.29,104.166667,FALSE,standard,4,0.892,0.407,3,0,Tuesday,2023,0
US,USD,GBP,web,115.77,115.77,3.31,0.8,TRUE,standard,657,0.585,0.155,4,0,Tuesday,2023,0
UK,GBP,NGN,mobile,193.37,241.71,4.34,1388.888889,FALSE,standard,4,0.892,0.407,0,0.22,Tuesday,2023,0
US,USD,INR,web,85.43,85.43,2.1,83.333333,FALSE,standard,298,0.336,0.166,0,0,Tuesday,2023,0
US,USD,EUR,web,860.94,860.94,14.91,0.925926,TRUE,standard,1018,0.934,0.087,0,0,Wednesday,2023,0
US,USD,GBP,mobile,202.94,202.94,4.37,0.8,FALSE,standard,263,0.522,0.223,0,0,Wednesday,2023,0
CA,CAD,NGN,mobile,65.48,48.45,2.4,822.222222,FALSE,standard,1041,0.867,0.245,0,0,Wednesday,2023,0
US,USD,CAD,ATM,255.64,255.64,4.84,1.351351,FALSE,enhanced,367,0.939,0.176,0,0,Wednesday,2023,0
US,USD,USD,mobile,182.37,182.37,4.55,1,FALSE,standard,263,0.522,0.223,0,0,Wednesday,2023,0
US,USD,NGN,mobile,142.5,142.5,3.56,1111.111111,TRUE,enhanced,367,0.939,0.176,0,0.25,Thursday,2023,0
US,USD,CNY,mobile,150.62,150.62,3.35,7.142857,FALSE,standard,1018,0.934,0.087,0,0,Thursday,2023,0
US,USD,GBP,mobile,81.33,410.97,110.92,0.8,FALSE,unknown,1016,0.68,0.247,0,0,Thursday,2023,0
CA,CAD,CNY,web,319.66,236.55,5.81,5.285714,FALSE,standard,564,0.508,0.4,0,0,Thursday,2023,0
US,USD,INR,mobile,758.99,410.97,110.92,83.333333,FALSE,unknown,367,0.68,0.176,0,0,Thursday,2023,0
US,USD,NGN,web,530.43,530.43,9.13,1111.111111,TRUE,standard,298,0.336,0.166,0,0.25,Thursday,2023,1
CA,CAD,PHP,ATM,259.16,191.78,5.25,43.529412,TRUE,standard,947,0.625,0.268,0,0,Thursday,2023,0
US,USD,CNY,mobile,172.21,172.21,3.22,7.142857,FALSE,standard,298,0.336,0.166,0,0,Thursday,2023,0
US,USD,USD,ATM,59.77,59.77,2.6,1,FALSE,standard,263,0.372,0.223,0,0,Thursday,2023,0
US,USD,NGN,web,156.06,156.06,3.47,1111.111111,FALSE,standard,147,0.551,0.391,0,0.25,Thursday,2023,0
US,USD,NGN,ATM,104.08,104.08,2.85,1111.111111,FALSE,enhanced,367,0.939,0.176,0,0.25,Thursday,2023,0
US,USD,GBP,mobile,423.77,423.77,6.84,0.8,FALSE,enhanced,257,0.894,0.257,0,0,Thursday,2023,0
US,USD,CNY,mobile,850.41,410.97,110.92,7.142857,TRUE,unknown,263,0.68,0.223,0,0,Thursday,2023,0
US,USD,INR,web,89.63,89.63,2.71,83.333333,FALSE,enhanced,257,0.894,0.257,0,0,Friday,2023,0
US,USD,USD,mobile,253.32,253.32,5.14,1,FALSE,standard,1016,0.944,0.247,0,0,Friday,2023,0
US,USD,NGN,web,1450.74,1450.74,22.94,1111.111111,FALSE,standard,1018,0.934,0.087,0,0.25,Friday,2023,0
US,USD,USD,mobile,-131.98,131.98,9999.99,1,FALSE,standard,1018,-0.1,0.087,2,0,Friday,2023,0
US,USD,USD,web,78.03,78.03,2.48,1,FALSE,standard,263,0.522,0.223,1,0,Friday,2023,0
UK,GBP,EUR,web,56.84,71.05,1.91,1.157407,TRUE,standard,4,0.892,0.407,1,0.05,Friday,2023,0
US,USD,MXN,mobile,90.32,90.32,2.58,17.241379,FALSE,standard,298,0.336,0.166,0,0.2,Friday,2023,0
UK,GBP,INR,web,253.5,316.88,4.8,104.166667,FALSE,standard,4,0.742,0.407,0,0,Friday,2023,0
US,USD,NGN,mobile,170.63,170.63,3.75,1111.111111,FALSE,standard,298,0.336,0.166,0,0.25,Saturday,2023,0
US,USD,USD,mobile,224.66,224.66,4.15,1,TRUE,enhanced,257,0.894,0.257,0,0,Saturday,2023,0
UK,GBP,CAD,mobile,99.81,124.77,2.58,1.689189,FALSE,standard,4,0.892,0.407,0,0,Saturday,2023,0
UK,GBP,GBP,mobile,240.92,301.15,3.76,1,FALSE,standard,4,0.892,0.407,0,0,Saturday,2023,0
US,USD,CAD,mobile,143.89,143.89,2.9,1.351351,FALSE,standard,1018,0.934,0.087,0,0,Saturday,2023,0
US,USD,INR,mobile,183.8,183.8,3.5,83.333333,FALSE,standard,1018,0.934,0.087,0,0,Saturday,2023,0
US,USD,EUR,web,1031.19,1031.19,17.35,0.925926,FALSE,standard,298,0.336,0.166,0,0,Saturday,2023,0
unknown,USD,USD,MOBILE,64.19,64.19,2.39,1,FALSE,standard,298,0.336,0.166,0,0,Saturday,2023,0
US,USD,USD,unknown,420.69,420.69,7.57,1,FALSE,standard,263,0.522,0.223,0,0,Saturday,2023,0
US,USD,CNY,mobile,92.74,92.74,3.47,7.142857,FALSE,standard,263,0.522,0.223,0,0,Sunday,2023,0
US,USD,CAD,mobile,127.98,127.98,4.27,1.351351,FALSE,enhanced,367,0.939,0.176,0,0,Sunday,2023,0
CA,CAD,USD,web,510.49,377.76,7.52,0.74,FALSE,low,824,0.607,0.282,0,0,Sunday,2023,0
US,USD,MXN,web,113.41,113.41,2.6,17.241379,FALSE,enhanced,257,0.894,0.257,0,0.2,Sunday,2023,0
US,USD,PHP,mobile,113.1,113.1,2.31,58.823529,TRUE,standard,1018,0.934,0.087,0,0.1,Sunday,2023,0
CA,CAD,CAD,mobile,126.57,93.66,3.1,1,FALSE,standard,853,0.83,0.29,0,0,Sunday,2023,0
US,USD,PHP,mobile,152.52,152.52,3.55,58.823529,FALSE,standard,298,0.336,0.166,0,0.1,Sunday,2023,0
US,USD,NGN,web,142.32,142.32,3.56,1111.111111,FALSE,standard,298,0.336,0.166,0,0.25,Sunday,2023,0
US,USD,EUR,ATM,220.37,220.37,4.04,0.925926,FALSE,standard,298,0.336,0.166,0,0,Sunday,2023,0
US,USD,GBP,web,37.06,37.06,1.5,0.8,FALSE,standard,263,0.522,0.223,0,0,Wednesday,2024,0
US,USD,INR,web,345.8,345.8,6.4,83.333333,TRUE,enhanced,367,0.939,0.176,3,0,Monday,2023,0
US,USD,INR,mobile,77.44,77.44,2.63,83.333333,FALSE,standard,263,0.372,0.223,0,0,Monday,2023,0
US,USD,CAD,mobile,40.19,40.19,1.77,1.351351,FALSE,standard,263,0.522,0.223,0,0,Monday,2023,0
US,USD,GBP,web,227.8,227.8,4.67,0.8,FALSE,standard,298,0.336,0.166,0,0,Monday,2023,0
US,USD,USD,mobile,144.9,144.9,3.31,1,FALSE,enhanced,367,0.939,0.176,0,0,Monday,2023,0
US,USD,EUR,mobile,615.47,615.47,9.6,0.925926,FALSE,standard,298,0.336,0.166,0,0,Monday,2023,0
US,USD,INR,mobille,91.28,91.28,2.13,83.333333,TRUE,standard,1016,0.944,0.247,0,0,Monday,2023,0
 US  ,USD,MXN,unknown,197.32,197.32,3.58,17.241379,TRUE,unknown,1018,0.934,0.087,0,0.2,Monday,2023,0
UK,GBP,MXN,mobile,194.78,243.47,3.29,21.551724,FALSE,standard,4,0.892,0.407,0,0,Monday,2023,0
US,USD,PHP,web,175.09,175.09,4.52,58.823529,FALSE,standard,1018,0.934,0.087,1,0.1,Tuesday,2023,0
CA,CAD,EUR,mobile,695.76,514.86,11.65,0.685185,FALSE,low,615,0.515,0.355,0,0,Tuesday,2023,0
CA,CAD,NGN,web,-269.29,199.27,9999.99,822.222222,FALSE,standard,947,-0.1,0.268,0,0,Tuesday,2023,0
UK,GBP,GBP,mobile,108.19,135.23,3.05,1,FALSE,standard,4,0.892,0.407,0,0,Tuesday,2023,0
US,USD,CNY,mobile,434.57,434.57,7.94,7.142857,FALSE,standard,1016,0.944,0.247,0,0,Tuesday,2023,0
CA,CAD,USD,mobile,215.15,159.21,4.35,0.74,FALSE,low,824,0.607,0.282,0,0,Tuesday,2023,0
UK,GBP,CAD,mobile,38.74,48.43,0.9,1.689189,FALSE,standard,4,0.892,0.407,1,0,Tuesday,2023,0
US,USD,CAD,web,9990.65,9990.65,150.33,1.351351,TRUE,standard,263,0.522,0.223,0,0,Tuesday,2023,0
US,USD,GBP,web,117.49,117.49,2.81,0.8,FALSE,standard,34,0.427,0.068,0,0,Tuesday,2023,0
US,USD,CNY,web,85.68,85.68,2.54,7.142857,FALSE,standard,263,0.522,0.223,0,0,Tuesday,2023,0
US,USD,NGN,ATM,569.55,569.55,8.86,1111.111111,FALSE,standard,830,0.799,0.102,0,0.25,Tuesday,2023,0
US,USD,CNY,mobile,331.34,331.34,5.44,7.142857,FALSE,enhanced,367,0.939,0.176,0,0,Tuesday,2023,0
US,USD,CNY,web,9993.54,9993.54,151.14,7.142857,FALSE,enhanced,367,0.789,0.176,0,0,Tuesday,2023,0
US,USD,NGN,mobile,39.34,39.34,1.68,1111.111111,FALSE,enhanced,367,0.939,0.176,0,0.25,Tuesday,2023,0
UK,GBP,PHP,mobile,223.16,410.97,110.92,73.529412,FALSE,unknown,4,0.68,0.407,6,0,Wednesday,2023,0
UK,GBP,PHP,mobile,204.22,255.27,4.8,73.529412,FALSE,standard,718,0.953,0.169,0,0,Wednesday,2023,0
US,USD,INR,ATM,322.15,322.15,5.27,83.333333,FALSE,standard,298,0.336,0.166,8,0,Wednesday,2023,0
US,USD,CAD,ATM,40.31,40.31,2.16,1.351351,FALSE,standard,638,0.839,0.244,0,0,Wednesday,2023,0
US,USD,INR,web,85.3,85.3,2.27,83.333333,FALSE,standard,1018,0.934,0.087,0,0,Wednesday,2023,0
US,USD,INR,web,122.04,122.04,2.9,83.333333,FALSE,standard,263,0.522,0.223,0,0,Thursday,2023,0
US,USD,PHP,mobile,74.81,74.81,2.31,58.823529,TRUE,standard,263,0.522,0.223,1,0.1,Thursday,2023,0
US,USD,CNY,mobile,37.92,37.92,1.34,7.142857,FALSE,standard,147,0.401,0.391,0,0,Thursday,2023,0
US,USD,EUR,web,349.8,349.8,6.27,0.925926,FALSE,standard,147,0.551,0.391,1,0,Thursday,2023,0
US,USD,GBP,mobile,65.17,410.97,110.92,0.8,FALSE,unknown,367,0.68,0.176,0,0,Thursday,2023,0
US,USD,EUR, web  ,90.25,90.25,2.3,0.925926,FALSE,enhanced,367,0.939,0.176,2,0,Thursday,2023,0
US,USD,CNY,mobile,60.88,60.88,1.36,7.142857,FALSE,standard,263,0.522,0.223,0,0,Wednesday,2024,0
US,USD,PHP,mobile,622.65,622.65,9.71,58.823529,FALSE,standard,298,0.186,0.166,0,0.1,Thursday,2023,0
US,USD,EUR,web,29.29,29.29,1.68,0.925926,FALSE,enhanced,367,0.939,0.176,0,0,Thursday,2023,0
US,USD,EUR,mobile,235.99,235.99,4.64,0.925926,FALSE,standard,298,0.336,0.166,0,0,Thursday,2023,0
CA,CAD,MXN,web,175.18,129.63,3.5,12.758621,FALSE,standard,172,0.881,0.199,0,0,Thursday,2023,0
CA,CAD,NGN,web,110.04,81.43,2.41,822.222222,FALSE,standard,947,0.625,0.268,0,0,Thursday,2023,0
US,USD,USD,mobile,-58.23,58.23,9999.99,1,FALSE,standard,298,-0.1,0.166,0,0,Thursday,2023,0
US,USD,NGN,mobile,53.8,53.8,1.52,1111.111111,TRUE,standard,1018,0.934,0.087,0,0.25,Thursday,2023,0
CA,CAD,PHP,mobile,344.34,254.81,5.47,43.529412,FALSE,standard,947,0.625,0.268,0,0,Thursday,2023,0
US,USD,INR,mobile,131.05,131.05,2.65,83.333333,FALSE,enhanced,367,0.939,0.176,0,0,Friday,2023,0
US,USD,USD,mobile,137.58,137.58,2.47,1,FALSE,enhanced,367,0.939,0.176,0,0,Friday,2023,0
US,USD,GBP,web,135.77,135.77,2.09,0.8,FALSE,enhanced,257,0.894,0.257,0,0,Friday,2023,0
US,USD,GBP,web,563.91,563.91,10.37,0.8,FALSE,enhanced,257,0.744,0.257,8,0,Friday,2023,0
US,USD,INR,web,92.67,92.67,2.56,83.333333,FALSE,standard,298,0.336,0.166,0,0,Friday,2023,0
US,USD,NGN,mobile,290.97,290.97,5.01,1111.111111,FALSE,standard,263,0.522,0.223,0,0.25,Friday,2024,0
US,USD,MXN,web,150.79,150.79,3.45,17.241379,TRUE,standard,147,0.551,0.391,0,0.2,Friday,2023,0
US,USD,EUR,web,144.66,144.66,3.38,0.925926,FALSE,standard,298,0.336,0.166,0,0,Friday,2023,0
UK,GBP,GBP,mobile,378.13,472.66,5.97,1,TRUE,standard,4,0.892,0.407,0,0,Friday,2023,0
US,USD,CNY,mobile,105.93,105.93,2.1,7.142857,FALSE,enhanced,367,0.939,0.176,0,0,Friday,2023,0
US,USD,INR,mobile,468.73,468.73,7.63,83.333333,FALSE,standard,298,0.336,0.166,0,0,Friday,2023,0
US,USD,MXN,mobile,93.74,93.74,2.68,17.241379,FALSE,standard,1018,0.934,0.087,0,0.2,Saturday,2023,0
US,USD,EUR,mobile,183.23,183.23,3.5,0.925926,FALSE,standard,1018,0.934,0.087,0,0,Saturday,2023,0
US,USD,CNY,web,63.17,63.17,1.79,7.142857,TRUE,standard,298,0.336,0.166,0,0,Saturday,2023,0
US,USD,USD,ATM,202.18,202.18,4.87,1,FALSE,enhanced,367,0.939,0.176,0,0,Saturday,2023,0
UK,GBP,INR,mobile,126.13,157.67,4.48,104.166667,FALSE,standard,4,0.892,0.407,0,0,Saturday,2023,0
UK,GBP,INR,web,281.47,351.83,5.41,104.166667,FALSE,standard,718,0.953,0.169,0,0,Saturday,2023,0
US,USD,EUR,mobile,9990.25,9990.25,151.91,0.925926,FALSE,standard,298,0.336,0.166,0,0,Saturday,2023,0
US,USD,GBP,web,21.95,21.95,1.25,0.8,TRUE,standard,1016,0.944,0.247,0,0,Saturday,2023,0
US,USD,CNY,mobile,57.36,57.36,1.5,7.142857,FALSE,standard,263,0.522,0.223,0,0,Saturday,2023,0
US,USD,EUR,mobile,360.77,360.77,5.69,0.925926,FALSE,standard,298,0.336,0.166,0,0,Saturday,2023,0
US,USD,CNY,mobile,72.3,72.3,1.13,7.142857,FALSE,standard,298,0.336,0.166,0,0,Saturday,2023,0
US,USD,CNY,mobile,612.27,612.27,10.05,7.142857,TRUE,standard,34,0.427,0.068,1,0,-1,0,0
US,USD,EUR,mobile,422.19,422.19,7.32,0.925926,TRUE,standard,147,0.551,0.391,0,0,Sunday,2023,0
US,USD,CAD,mobile,37.21,37.21,1.62,1.351351,FALSE,enhanced,257,0.894,0.257,0,0,Sunday,2023,0
US,USD,GBP,web,90.85,90.85,3.23,0.8,FALSE,standard,263,0.522,0.223,0,0,Sunday,2023,0
UK,GBP,CAD,mobile,263.01,328.76,4.46,1.689189,FALSE,standard,4,0.892,0.407,0,0,Sunday,2023,0
UK,GBP,INR,web,177.42,221.77,4.23,104.166667,FALSE,standard,718,0.953,0.169,0,0,Sunday,2023,0
US,USD,EUR,web,860.05,860.05,14.15,0.925926,TRUE,standard,263,0.522,0.223,0,0,Sunday,2023,0
US,USD,MXN,mobile,118.01,118.01,2.71,17.241379,FALSE,standard,1011,0.824,0.123,1,0.2,Sunday,2023,0
US,USD,NGN,mobile,36.73,36.73,1.2,1111.111111,FALSE,standard,1016,0.944,0.247,0,0.25,Sunday,2023,0
US,USD,USD,mobile,104.04,104.04,2.53,1,FALSE,enhanced,257,0.894,0.257,0,0,Sunday,2023,0
UK,GBP,INR,mobile,46.79,58.49,1.22,104.166667,FALSE,standard,4,0.892,0.407,0,0,Sunday,2023,0
UK,GBP,MXN,mobile,190.41,238.02,4,21.551724,FALSE,standard,4,0.892,0.407,0,0,Sunday,2023,0
US,USD,GBP,web,134.3,134.3,3.08,0.8,FALSE,standard,263,0.372,0.223,0,0,Sunday,2023,0
CA,CAD,USD,mobile,126.13,93.33,3.08,0.74,FALSE,low,615,0.365,0.355,0,0,Monday,2023,0
US,USD,INR,web,52.91,52.91,0.83,83.333333,FALSE,enhanced,367,0.939,0.176,0,0,Monday,2023,0
US,USD,PHP,mobile,33.04,33.04,2.67,58.823529,FALSE,standard,298,0.186,0.166,0,0.1,Monday,2023,0
US,USD,CAD,web,35.16,35.16,0.58,1.351351,FALSE,standard,263,0.522,0.223,0,0,Monday,2023,0
UK,GBP,MXN,mobile,33.84,42.29,2.44,21.551724,FALSE,standard,4,0.742,0.407,0,0,Monday,2023,0
CA,CAD,MXN,mobile,237.6,175.82,5.42,12.758621,FALSE,standard,172,0.881,0.199,0,0,Monday,2023,0
UK,GBP,INR,mobile,340.03,425.04,5.57,104.166667,FALSE,standard,4,0.892,0.407,0,0,Monday,2023,0
US,USD,GBP,mobile,173.18,173.18,3.61,0.8,FALSE,standard,263,0.522,0.223,0,0,Monday,2023,0
UK,GBP,INR,web,67.43,84.29,1.76,104.166667,FALSE,standard,4,0.892,0.407,0,0,Monday,2023,0
US,USD,MXN,mobile,69.82,69.82,2.19,17.241379,FALSE,enhanced,367,0.939,0.176,8,0.2,Monday,2023,0
UK,GBP,PHP,mobile,217.39,271.74,4.9,73.529412,FALSE,standard,4,0.892,0.407,0,0,Tuesday,2023,0
US,USD,PHP,mobile,200.03,200.03,4.41,58.823529,FALSE,standard,263,0.522,0.223,0,0.1,Tuesday,2023,0
UK,GBP,CNY,mobile,86.11,107.64,2.48,8.928571,FALSE,standard,4,0.892,0.407,0,0,Tuesday,2023,0
US,USD,PHP,mobile,380.15,380.15,6.75,58.823529,TRUE,standard,263,0.522,0.223,0,0.1,Tuesday,2023,0
UK,GBP,NGN,mobile,239.42,299.28,5.18,1388.888889,FALSE,standard,4,0.892,0.407,2,0.22,Tuesday,2023,0
US,USD,USD,web,265.32,265.32,4.46,1,FALSE,enhanced,257,0.894,0.257,0,0,Tuesday,2023,0
US,USD,NGN,ATM,39.85,39.85,1.14,1111.111111,FALSE,low,616,0.552,0.361,0,0.25,Tuesday,2023,0
US,USD,EUR,mobile,192.78,192.78,4.48,0.925926,FALSE,standard,298,0.336,0.166,0,0,Monday,2024,0
US,USD,USD,mobile,68.3,68.3,2.31,1,FALSE,low,616,0.702,0.361,0,0,Tuesday,2023,0
US,USD,GBP,mobile,37.56,37.56,1.45,0.8,FALSE,enhanced,257,0.894,0.257,0,0,Tuesday,2023,0
UK,GBP,MXN,mobile,76.4,95.5,1.66,21.551724,FALSE,standard,4,0.892,0.407,0,0,Tuesday,2023,0
UK,GBP,GBP, mobile  ,269.52,336.9,4.72,1,FALSE,standard,4,0.892,0.407,0,0,Tuesday,2023,0
US,USD,USD,web,132.89,132.89,2.92,1,FALSE,standard,147,0.551,0.391,0,0,Tuesday,2023,0
US,USD,PHP,mobile,380.55,380.55,6.12,58.823529,FALSE,standard,1018,0.784,0.087,6,0.1,Tuesday,2023,0
US,USD,GBP,mobile,176.66,176.66,2.93,0.8,TRUE,standard,298,0.336,0.166,1,0,Tuesday,2023,0
US,USD,MXN,ATM,276.34,276.34,4.16,17.241379,FALSE,standard,1018,0.934,0.087,0,0.2,Wednesday,2023,0
US,USD,EUR,mobile,674.3,674.3,10.96,0.925926,FALSE,enhanced,367,0.939,0.176,8,0,Wednesday,2023,0
US,USD,CAD,mobile,165.77,165.77,3.4,1.351351,FALSE,standard,298,0.336,0.166,0,0,Wednesday,2023,0
US,USD,CNY,ATM,1094.82,1094.82,16.91,7.142857,TRUE,standard,147,0.551,0.391,0,0,Wednesday,2023,0
US,USD,GBP,web,26.77,26.77,1.13,0.8,FALSE,standard,147,0.551,0.391,0,0,Wednesday,2023,0
CA,CAD,INR,web,288.66,410.97,110.92,61.666667,FALSE,unknown,615,0.68,0.355,0,0.12,Wednesday,2023,0
US,USD,PHP,mobile,83.7,83.7,2.43,58.823529,TRUE,enhanced,367,0.939,0.176,0,0.1,Wednesday,2023,0
US,USD,EUR,web,82.26,82.26,2.07,0.925926,FALSE,standard,859,0.96,0.363,4,0,Wednesday,2023,0
US,USD,EUR,web,125.02,125.02,3.11,0.925926,TRUE,standard,1018,0.934,0.087,0,0,Wednesday,2023,0
UK,GBP,MXN,mobile,38.78,410.97,110.92,21.551724,FALSE,unknown,4,0.68,0.407,0,0,Thursday,2023,0
CA,CAD,INR,web,154.14,114.06,3.21,61.666667,TRUE,standard,947,0.625,0.268,0,0.12,Thursday,2023,0
CA,CAD,NGN,mobile,49.71,36.78,1.17,822.222222,FALSE,standard,903,0.774,0.18,0,0,Thursday,2023,0
UK,GBP,PHP,web,118.7,148.38,2.91,73.529412,FALSE,standard,4,0.892,0.407,0,0,Thursday,2023,1
US,USD,CAD,web,173.44,173.44,3.38,1.351351,FALSE,standard,298,0.336,0.166,0,0,Thursday,2023,0
US,USD,PHP,web,95.41,95.41,-1,58.823529,FALSE,standard,298,-0.1,0.166,0,0.1,Thursday,2023,0
US,USD,CNY,mobile,45.17,45.17,1.69,7.142857,FALSE,enhanced,367,0.939,0.176,0,0,Thursday,2023,0
CA,CAD,USD,mobile,48.64,36,2.77,0.74,FALSE,standard,1041,0.867,0.245,0,0,Thursday,2023,0
US,USD,MXN,web,26.14,26.14,1.37,17.241379,FALSE,standard,298,0.336,0.166,0,0.2,Thursday,2023,0
US,USD,NGN,web,59.11,59.11,1.8,1111.111111,FALSE,standard,263,0.522,0.223,0,0.25,Thursday,2023,0
US,USD,NGN,web,253.97,253.97,4.51,1111.111111,FALSE,standard,263,0.522,0.223,1,0.25,Thursday,2023,0
US,USD,NGN,mobile,182.99,182.99,4.08,1111.111111,FALSE,standard,1018,0.934,0.087,0,0.25,Friday,2023,0
UK,GBP,NGN,web,78.88,98.6,2.02,1388.888889,FALSE,standard,4,0.892,0.407,0,0.22,Friday,2023,0
US,USD,EUR,mobile,98.54,98.54,2.9,0.925926,FALSE,enhanced,257,0.744,0.257,0,0,Friday,2023,0
US,USD,PHP,mobile,155.91,155.91,3.7,58.823529,FALSE,standard,298,0.336,0.166,0,0.1,Friday,2023,0
UK,GBP,GBP,mobile,236.13,295.16,4.56,1,FALSE,standard,4,0.892,0.407,0,0,Friday,2023,0
US,USD,USD,mobile,69.24,69.24,2.41,1,FALSE,standard,263,0.522,0.223,0,0,Friday,2023,0
CA,CAD,INR,mobile,238.74,176.67,5.04,61.666667,FALSE,low,824,0.607,0.282,1,0.12,Friday,2023,0
US,USD,INR,web,99.83,99.83,2.71,83.333333,TRUE,enhanced,367,0.939,0.176,0,0,Friday,2023,0
CA,CAD,CAD,mobile,95.43,70.62,2.5,1,FALSE,standard,172,0.881,0.199,0,0,Friday,2023,0
US,USD,INR,mobile,97.01,97.01,2.97,83.333333,FALSE,enhanced,367,0.939,0.176,0,0,Friday,2023,0
US,USD,EUR,web,124.82,124.82,3.3,0.925926,FALSE,standard,263,0.522,0.223,0,0,Friday,2023,0
UK,GBP,GBP,mobile,97.88,122.35,3.08,1,FALSE,standard,4,0.892,0.407,1,0,Friday,2023,0
UK,GBP,USD,ATm,463.76,579.7,8.33,1.25,FALSE,standard,4,0.742,0.407,0,0,Friday,2023,0
US,USD,EUR,ATM,261.86,261.86,5.06,0.925926,TRUE,enhanced,367,0.939,0.176,0,0,Saturday,2023,0
US,USD,NGN,mobile,493.97,493.97,7.79,1111.111111,FALSE,standard,34,0.427,0.068,0,0.25,Saturday,2023,0
UK,GBP,GBP,mobile,116.81,146.01,2.29,1,FALSE,standard,718,0.953,0.169,0,0,Saturday,2023,0
US,USD,USD,web,256.1,256.1,4.95,1,FALSE,standard,263,0.522,0.223,0,0,Saturday,2023,0
US,USD,NGN,web,179.59,179.59,4.62,1111.111111,FALSE,standard,147,0.401,0.391,0,0.25,Saturday,2023,0
UK,GBP,PHP,web,436.27,545.34,7.58,73.529412,FALSE,standard,4,0.742,0.407,0,0,Saturday,2023,0
US,USD,EUR,ATM,457.64,457.64,7.86,0.925926,FALSE,standard,263,0.522,0.223,0,0,Saturday,2023,0
US,USD,MXN,web,535.5,535.5,9.26,17.241379,FALSE,standard,263,0.522,0.223,0,0.2,Sunday,2023,1
UK,GBP,INR,mobile,239.58,299.48,4.62,104.166667,FALSE,standard,718,0.953,0.169,0,0,Sunday,2023,0
US,USD,GBP,mobile,125.45,125.45,2.79,0.8,FALSE,standard,298,0.336,0.166,0,0,Sunday,2023,0
US,USD,EUR,mobile,63.79,63.79,1.13,0.925926,FALSE,standard,263,0.522,0.223,0,0,Sunday,2023,0
US,USD,CAD,web,80.87,80.87,1.99,1.351351,FALSE,standard,263,0.522,0.223,0,0,Sunday,2023,0
US,USD,USD,mobile,208.87,208.87,4.55,1,FALSE,standard,1016,0.944,0.247,0,0,Monday,2023,0
UK,GBP,USD,web,248.61,310.76,5.49,1.25,FALSE,standard,4,0.742,0.407,0,0,Monday,2023,0
US,USD,INR,mobile,159.14,159.14,3.71,83.333333,FALSE,enhanced,257,0.894,0.257,0,0,Monday,2023,0
US,USD,PHP,web,306.49,306.49,5.95,58.823529,FALSE,standard,1018,0.934,0.087,0,0.1,Monday,2023,0
US,USD,USD,web,248.82,248.82,3.48,1,FALSE,standard,147,0.551,0.391,0,0,Monday,2023,0
US,USD,EUR,web,86.41,86.41,2.93,0.925926,FALSE,standard,298,0.336,0.166,0,0,Monday,2023,0
US,USD,GBP,mobile,74.26,74.26,-1,0.8,FALSE,standard,263,-0.1,0.223,0,0,Monday,2023,0
UK,GBP,MXN,mobile,341.84,427.3,5.45,21.551724,FALSE,standard,4,0.892,0.407,0,0,Monday,2023,0
US,USD,MXN,mobile,177.61,177.61,4.38,17.241379,FALSE,standard,147,0.551,0.391,0,0.2,Monday,2023,0
US,USD,NGN,mobile,183.63,183.63,-1,1111.111111,FALSE,enhanced,367,-0.1,0.176,0,0.25,Tuesday,2023,0
US,USD,MXN,mobile,610.05,610.05,10.05,17.241379,FALSE,standard,147,0.551,0.391,0,0.2,Tuesday,2023,0
US,USD,USD,mobile,965.63,965.63,14.59,1,FALSE,standard,263,0.522,0.223,0,0,Tuesday,2023,0
US,USD,GBP,web,30.57,30.57,1.9,0.8,FALSE,standard,298,0.336,0.166,0,0,Tuesday,2023,0
US,USD,CAD,ATM,28.09,28.09,0.95,1.351351,FALSE,standard,147,0.551,0.391,0,0,Tuesday,2023,0
US,USD,EUR,web,606.43,606.43,10.69,0.925926,TRUE,standard,298,0.336,0.166,0,0,Tuesday,2023,0
US,USD,USD,mobile,109.12,109.12,3.19,1,FALSE,standard,263,0.522,0.223,0,0,Tuesday,2023,0
CA,CAD,CAD,ATM,44.82,33.17,1.72,1,FALSE,standard,947,0.625,0.268,0,0,Tuesday,2023,0
US,USD,PHP,web,372.43,372.43,6.5,58.823529,FALSE,standard,298,0.186,0.166,0,0.1,Tuesday,2023,0
US,USD,CAD,mobile,134.25,134.25,3.1,1.351351,FALSE,enhanced,367,0.939,0.176,0,0,Tuesday,2023,0
US,USD,NGN,web,154.43,154.43,3.01,1111.111111,FALSE,standard,263,0.522,0.223,0,0.25,Tuesday,2023,0
US,USD,NGN,web,74.55,74.55,2.23,1111.111111,FALSE,standard,263,0.522,0.223,0,0.25,Wednesday,2023,0
US,USD,MXN,mobile,109.98,109.98,2.74,17.241379,FALSE,standard,298,0.336,0.166,0,0.2,Wednesday,2023,0
US,USD,USD,mobile,157.85,157.85,3.46,1,TRUE,enhanced,367,0.939,0.176,0,0,Wednesday,2023,0
CA,CAD,PHP,mobile,198.57,146.94,3.93,43.529412,FALSE,standard,853,0.83,0.29,0,0,Wednesday,2023,0
US,USD,CNY,mobile,286.77,286.77,5.3,7.142857,FALSE,standard,263,0.522,0.223,0,0,Wednesday,2023,0
US,USD,CAD,web,257.41,257.41,5.46,1.351351,TRUE,standard,263,0.522,0.223,0,0,Wednesday,2023,0
US,USD,NGN,mobile,35.87,35.87,1.02,1111.111111,FALSE,enhanced,367,0.939,0.176,0,0.25,Wednesday,2023,0
US,USD,USD,mobile,108.41,108.41,3.03,1,TRUE,standard,263,0.522,0.223,0,0,Wednesday,2023,0
US,USD,MXN,web,120.26,120.26,2.69,17.241379,FALSE,standard,263,0.522,0.223,0,0.2,Wednesday,2023,0
US,USD,PHP,web,92.21,92.21,2.8,58.823529,FALSE,enhanced,661,0.92,0.259,0,0.1,Wednesday,2023,0
US,USD,PHP,web,130.29,130.29,3.14,58.823529,FALSE,standard,263,0.522,0.223,0,0.1,Wednesday,2023,0
US,USD,INR,web,315.46,315.46,5.78,83.333333,FALSE,standard,830,0.799,0.102,0,0,Thursday,2023,0
US,USD,EUR,web,521.66,521.66,8.12,0.925926,FALSE,standard,298,0.336,0.166,0,0,Thursday,2023,0
US,USD,GBP,web,323.22,323.22,5.66,0.8,FALSE,enhanced,367,0.939,0.176,0,0,Thursday,2023,0
UK,GBP,CNY,mobile,419.89,524.86,7.44,8.928571,TRUE,standard,4,0.892,0.407,0,0,Thursday,2023,1
US,USD,USD,mobile,105.81,105.81,2.33,1,FALSE,standard,298,0.336,0.166,0,0,Thursday,2023,0
US,USD,GBP,ATM,288.07,288.07,5.04,0.8,FALSE,standard,1016,0.944,0.247,0,0,Thursday,2023,0
US,USD,CNY,web,105.72,105.72,3.08,7.142857,FALSE,standard,1016,0.944,0.247,0,0,Thursday,2023,0
US,USD,EUR,mobile,177.36,177.36,4.06,0.925926,FALSE,standard,298,0.336,0.166,0,0,Thursday,2023,0
US,USD,CNY,ATM,128.14,128.14,2.8,7.142857,FALSE,enhanced,367,0.939,0.176,0,0,Thursday,2023,0
US,USD,PHP,web,50.4,50.4,2.31,58.823529,FALSE,standard,638,0.689,0.244,0,0.1,Thursday,2023,0
US,USD,NGN,mobile,386.51,386.51,6.64,1111.111111,FALSE,standard,298,0.336,0.166,0,0.25,Thursday,2023,0
US,USD,CAD,mobile,130.34,130.34,2.57,1.351351,FALSE,standard,298,0.336,0.166,0,0,Thursday,2023,0
UK,GBP,CNY,mobile,70.2,87.75,2.01,8.928571,FALSE,standard,4,0.892,0.407,1,0,Thursday,2023,0
US,USD,CAD,web,503.69,503.69,8.1,1.351351,FALSE,standard,859,0.96,0.363,0,0,Thursday,2023,0
US,USD,USD,web,-269.17,269.17,9999.99,1,FALSE,enhanced,367,-0.1,0.176,0,0,Friday,2023,0
US,USD,PHP,mobile,40.96,40.96,1.18,58.823529,FALSE,enhanced,367,0.939,0.176,0,0.1,Wednesday,2024,0
US,USD,PHP,mobile,47.81,47.81,1.83,58.823529,FALSE,standard,298,0.336,0.166,0,0.1,Friday,2023,0
US,USD,USD,mobile,136.91,410.97,110.92,1,FALSE,unknown,34,0.68,0.068,0,0,Friday,2023,0
UK,GBP,CNY,web,86.26,410.97,110.92,8.928571,FALSE,unknown,4,0.68,0.407,0,0,Friday,2023,0
CA,CAD,EUR,ATM,138.58,102.55,2.55,0.685185,FALSE,low,533,0.631,0.113,0,0,Friday,2023,0
US,USD,NGN,mobile,141.71,141.71,3.06,1111.111111,FALSE,standard,298,0.336,0.166,0,0.25,Friday,2023,0
CA,CAD,CAD,mobile,111.9,82.81,2.48,1,TRUE,low,824,0.607,0.282,0,0,Saturday,2023,1
US,USD,CNY,mobile,88.18,88.18,1.93,7.142857,FALSE,standard,263,0.522,0.223,0,0,Saturday,2023,0
US,USD,NGN,web,74.33,74.33,1.8,1111.111111,TRUE,standard,298,0.336,0.166,0,0.25,Saturday,2023,0
US,USD,GBP,web,165.65,165.65,4.7,0.8,FALSE,standard,263,0.522,0.223,0,0,Saturday,2023,0
US,USD,GBP,mobile,171.62,171.62,4.2,0.8,FALSE,standard,298,0.336,0.166,0,0,Saturday,2023,0
UK,GBP,NGN,web,96.25,120.32,2.69,1388.888889,TRUE,standard,4,0.892,0.407,0,0.22,Saturday,2023,0
US,USD,INR,web,34.18,34.18,1.49,83.333333,FALSE,enhanced,257,0.894,0.257,0,0,Saturday,2023,0
UK,GBP,CAD,mobile,171.68,214.6,4.32,1.689189,FALSE,standard,4,0.892,0.407,0,0,Saturday,2023,0
UK,GBP,PHP,mobile,343.06,428.82,7.07,73.529412,FALSE,standard,718,0.953,0.169,0,0,Saturday,2023,0
US,USD,GBP,mobile,359.85,359.85,6.63,0.8,FALSE,standard,830,0.799,0.102,0,0,Saturday,2023,0
US,USD,EUR,web,449.48,449.48,7.04,0.925926,FALSE,standard,34,0.427,0.068,0,0,Saturday,2023,0
US,USD,CAD,mobile,135.52,135.52,2.15,1.351351,FALSE,standard,298,0.336,0.166,0,0,Saturday,2023,0
CA,CAD,PHP,mobile,37.96,28.09,1.95,43.529412,FALSE,standard,172,0.881,0.199,2,0,Saturday,2023,0
US,USD,PHP,mobile,527.37,527.37,9.32,58.823529,FALSE,standard,1018,0.934,0.087,0,0.1,Saturday,2023,0
UK,GBP,CNY,mobile,37.81,47.27,1.89,8.928571,FALSE,standard,4,0.892,0.407,0,0,Sunday,2023,0
US,USD,GBP,web,151.17,151.17,2.97,0.8,FALSE,enhanced,367,0.939,0.176,0,0,Sunday,2023,0
US,USD,CAD,mobille,112.97,112.97,2.58,1.351351,TRUE,standard,34,0.427,0.068,0,0,Tuesday,2024,0
US,USD,PHP,mobile,99.11,99.11,2.92,58.823529,FALSE,enhanced,257,0.894,0.257,1,0.1,Sunday,2023,0
US,USD,EUR,web,109.87,109.87,2.4,0.925926,FALSE,standard,263,0.522,0.223,0,0,Sunday,2023,0
US,USD,CAD,mobile,137.49,137.49,3.8,1.351351,FALSE,standard,298,0.336,0.166,0,0,Sunday,2023,0
CA,CAD,CAD,mobile,72.05,53.32,1.93,1,FALSE,low,824,0.607,0.282,0,0,Monday,2023,0
US,USD,NGN,web,290.52,290.52,4.48,1111.111111,FALSE,standard,1018,0.934,0.087,0,0.25,Monday,2023,0
US,USD,GBP,mobile,587.15,587.15,9.65,0.8,FALSE,standard,298,0.336,0.166,0,0,Monday,2023,0
US,USD,NGN,mobile,481.4,481.4,8.09,1111.111111,FALSE,standard,1089,0.864,0.366,0,0.25,Monday,2023,0
US,USD,NGN,mobile,169.88,169.88,3.41,1111.111111,FALSE,low,393,0.574,0.169,0,0.25,Monday,2023,0
US,USD,CNY,mobile,149.31,149.31,2.31,7.142857,FALSE,standard,1016,0.944,0.247,2,0,Monday,2023,0
US,USD,CNY,mobile,205.83,205.83,3.54,7.142857,FALSE,standard,147,0.551,0.391,0,0,Monday,2023,0
US,USD,PHP,mobile,193.62,193.62,3.66,58.823529,FALSE,standard,298,0.336,0.166,0,0.1,Monday,2023,0
US,USD,PHP,ATM,610.71,610.71,10.06,58.823529,FALSE,standard,147,0.551,0.391,1,0.1,Monday,2023,0
UK,GBP,GBP,web,193.37,241.72,4.4,1,FALSE,standard,718,0.953,0.169,0,0,Tuesday,2023,0
US,USD,NGN,mobile,495.56,495.56,9.63,1111.111111,FALSE,standard,298,0.336,0.166,0,0.25,Tuesday,2023,0
CA,CAD,NGN,mobile,204.2,151.11,3.51,822.222222,TRUE,standard,725,0.824,0.212,0,0,Tuesday,2023,0
US,USD,NGN,mobile,58.1,58.1,1.73,1111.111111,TRUE,standard,147,0.551,0.391,0,0.25,Tuesday,2023,0
US,USD,NGN,mobile,146.05,146.05,3.43,1111.111111,TRUE,standard,263,0.522,0.223,0,0.25,Tuesday,2023,0
UK,GBP,INR,web,312.01,390.01,5.54,104.166667,FALSE,standard,4,0.892,0.407,0,0,Tuesday,2023,0
US,USD,INR,web,83.63,410.97,110.92,83.333333,FALSE,unknown,1018,0.68,0.087,0,0,Tuesday,2023,0
UK,GBP,EUR,mobile,86.71,108.39,2.67,1.157407,FALSE,standard,4,0.892,0.407,0,0.05,Tuesday,2023,0
UK,GBP,MXN,mobile,119.62,149.53,2.87,21.551724,FALSE,standard,718,0.953,0.169,0,0,Tuesday,2023,0
US,USD,GBP,mobile,159.76,159.76,3.72,0.8,TRUE,standard,263,0.522,0.223,0,0,Tuesday,2023,0
CA,CAD,CAD,mobile,622.87,460.93,10.05,1,FALSE,standard,725,0.674,0.212,0,0,Wednesday,2023,0
US,USD,EUR,mobile,286.9,286.9,5.6,0.925926,TRUE,standard,830,0.799,0.102,0,0,Wednesday,2023,0
US,USD,GBP,web,226.74,226.74,4.18,0.8,FALSE,enhanced,257,0.894,0.257,0,0,Wednesday,2023,0
UK,GBP,CNY,ATM,134.58,168.22,3.55,8.928571,FALSE,standard,4,0.892,0.407,0,0,Wednesday,2023,0
US,USD,GBP,web,402.31,402.31,-1,0.8,TRUE,standard,1018,-0.1,0.087,0,0,Wednesday,2023,0
US,USD,GBP,mobile,114.8,114.8,3.26,0.8,FALSE,enhanced,257,0.894,0.257,0,0,Wednesday,2023,0
US,USD,NGN,web,282.94,282.94,4.64,1111.111111,FALSE,standard,263,0.522,0.223,0,0.25,Wednesday,2023,0
US,USD,NGN,mobile,62.56,62.56,1.67,1111.111111,TRUE,standard,263,0.522,0.223,0,0.25,Wednesday,2023,0
US,USD,PHP,ATM,138.69,138.69,2.9,58.823529,FALSE,enhanced,367,0.939,0.176,0,0.1,Thursday,2023,0
US,USD,GBP,mobile,90.7,90.7,1.41,0.8,FALSE,standard,263,0.522,0.223,0,0,Thursday,2023,0
CA,CAD,GBP,web,454.33,336.2,7.51,0.592,FALSE,standard,172,0.881,0.199,0,0,Thursday,2023,0
UK,GBP,NGN,web,243.09,303.86,4.57,1388.888889,FALSE,standard,4,0.892,0.407,0,0.22,-1,0,0
UK,GBP,CAD,mobile,92.96,116.2,1.68,1.689189,FALSE,standard,4,0.892,0.407,0,0,Friday,2023,0
US,USD,CAD,mobile,82.25,82.25,2.25,1.351351,FALSE,standard,298,0.186,0.166,0,0,Friday,2023,0
UK,GBP,PHP,mobile,329.16,411.45,6.34,73.529412,FALSE,standard,4,0.742,0.407,0,0,Friday,2023,0
CA,CAD,USD,mobile,422.8,312.87,7.01,0.74,FALSE,low,824,0.607,0.282,0,0,Friday,2023,0
US,USD,CNY,web,98.52,98.52,2.53,7.142857,FALSE,enhanced,367,0.939,0.176,0,0,Friday,2023,0
CA,CAD,NGN,mobile,28.2,20.87,0.5,822.222222,FALSE,low,824,0.457,0.282,0,0,Friday,2023,0
US,USD,GBP,mobile,223.48,223.48,3.3,0.8,FALSE,standard,147,0.551,0.391,0,0,Friday,2023,0
CA,CAD,GBP,web,115.56,85.52,2.97,0.592,FALSE,low,824,0.607,0.282,0,0,Friday,2023,0
US,USD,GBP,ATM,174.37,174.37,3.26,0.8,TRUE,enhanced,367,0.939,0.176,0,0,Saturday,2023,0
US,USD,GBP,mobile,165.07,165.07,3.87,0.8,FALSE,standard,298,0.336,0.166,0,0,Saturday,2023,0
CA,CAD,GBP,mobile,72.79,53.86,1.7,0.592,FALSE,low,214,0.596,0.233,0,0,Saturday,2023,0
CA,CAD,INR,mobile,208.25,154.11,4.69,61.666667,TRUE,standard,172,0.881,0.199,0,0.12,Saturday,2023,0
US,USD,GBP,mobile,88.28,88.28,2.29,0.8,FALSE,enhanced,367,0.939,0.176,0,0,Saturday,2023,0
CA,CAD,GBP,mobile,266.69,197.35,5.46,0.592,TRUE,standard,947,0.475,0.268,0,0,Saturday,2023,0
US,USD,NGN,mobile,1147.63,1147.63,18.8,1111.111111,FALSE,standard,263,0.522,0.223,0,0.25,Saturday,2023,0
US,USD,INR,mobile,303.08,303.08,4.48,83.333333,FALSE,enhanced,367,0.939,0.176,0,0,Saturday,2023,0
US,USD,PHP,mobile,147.04,410.97,110.92,58.823529,FALSE,unknown,263,0.68,0.223,0,0.1,Saturday,2023,0
US,USD,PHP,mobile,115.38,115.38,1.76,58.823529,FALSE,standard,263,0.522,0.223,0,0.1,Saturday,2023,0
CA,CAD,INR,web,327.68,242.49,5.74,61.666667,FALSE,low,824,0.607,0.282,0,0.12,Sunday,2023,0
US,USD,EUR,web,54.41,54.41,0.78,0.925926,FALSE,standard,1018,0.934,0.087,0,0,Sunday,2023,0
US,USD,CAD,web,127.93,127.93,1.37,1.351351,FALSE,enhanced,367,0.939,0.176,0,0,Sunday,2023,0
US,USD,MXN,ATM,156.3,156.3,4.17,17.241379,FALSE,standard,34,0.427,0.068,0,0.2,Sunday,2023,0
US,USD,USD,ATM,481.96,481.96,8.5,1,TRUE,standard,1018,0.934,0.087,0,0,Sunday,2023,0
US,USD,USD,mobile,132.17,132.17,4.08,1,FALSE,standard,263,0.522,0.223,0,0,Sunday,2023,0
CA,CAD,CAD,mobile,86.7,64.16,1.46,1,FALSE,standard,947,0.625,0.268,0,0,Sunday,2023,0
UK,GBP,USD,mobile,259.95,324.94,5.1,1.25,FALSE,standard,4,0.892,0.407,0,0,Sunday,2023,0
US,USD,INR,web,345.92,345.92,6.42,83.333333,FALSE,enhanced,367,0.939,0.176,0,0,Sunday,2023,0
US,USD,NGN,web,144.01,144.01,3.13,1111.111111,FALSE,standard,638,0.839,0.244,0,0.25,Sunday,2023,0
US,USD,EUR,mobile,82.71,82.71,1.74,0.925926,FALSE,enhanced,257,0.894,0.257,2,0,Monday,2023,0
US,USD,CNY,mobile,210.79,410.97,110.92,7.142857,FALSE,unknown,298,0.68,0.166,0,0,Monday,2023,0
UK,GBP,NGN,web,153.47,191.84,3.08,1388.888889,FALSE,standard,4,0.892,0.407,0,0.22,Monday,2023,0
US,USD,GBP,mobile,119.15,119.15,2.26,0.8,FALSE,enhanced,257,0.894,0.257,0,0,Monday,2023,0
UK,GBP,PHP,mobile,-428.26,535.32,9999.99,73.529412,FALSE,standard,4,-0.1,0.407,0,0,Monday,2023,0
CA,CAD,CNY,web,163.72,121.16,2.5,5.285714,FALSE,standard,725,0.824,0.212,0,0,Monday,2023,0
CA,CAD,PHP,web,55.66,41.19,2.4,43.529412,FALSE,standard,947,0.625,0.268,1,0,Tuesday,2023,0
US,USD,USD,mobile,17.7,17.7,1.19,1,FALSE,enhanced,367,0.789,0.176,0,0,Tuesday,2023,0
US,USD,USD,web,28.79,28.79,0.9,1,FALSE,standard,147,0.551,0.391,0,0,Tuesday,2023,0
US,USD,USD,web,74.82,74.82,1.61,1,FALSE,enhanced,367,0.939,0.176,0,0,Tuesday,2023,0
UK,GBP,GBP,ATM,465.57,581.96,8.11,1,FALSE,standard,718,0.953,0.169,0,0,Tuesday,2023,0
US,USD,NGN,web,261.85,261.85,5.37,1111.111111,TRUE,standard,1018,0.934,0.087,8,0.25,Tuesday,2023,1
US,USD,NGN,ATM,281.52,281.52,5.83,1111.111111,FALSE,standard,263,0.372,0.223,0,0.25,Tuesday,2023,0
US,USD,INR,mobile,131.19,131.19,3.31,83.333333,FALSE,enhanced,257,0.894,0.257,0,0,Tuesday,2023,0
US,USD,INR,web,100.18,100.18,3.37,83.333333,FALSE,standard,34,0.427,0.068,0,0,Tuesday,2023,0
US,USD,GBP,mobile,304.69,304.69,5.84,0.8,FALSE,enhanced,257,0.894,0.257,0,0,Tuesday,2023,0
US,USD,CAD,mobile,50.71,50.71,2.52,1.351351,TRUE,standard,147,0.551,0.391,0,0,Tuesday,2023,0
US,USD,NGN,mobile,190.54,190.54,4.82,1111.111111,FALSE,enhanced,367,0.939,0.176,0,0.25,Wednesday,2023,0
US,USD,CAD,web,170.97,170.97,3.14,1.351351,TRUE,enhanced,367,0.939,0.176,0,0,Wednesday,2023,0
US,USD,USD,mobile,200.7,200.7,3.31,1,FALSE,standard,1018,0.934,0.087,0,0,Wednesday,2023,0
US,USD,PHP,mobile,53.22,53.22,1.97,58.823529,FALSE,standard,298,0.336,0.166,0,0.1,Wednesday,2023,0
US,USD,CNY,mobile,51.39,51.39,1.62,7.142857,FALSE,enhanced,367,0.939,0.176,0,0,Wednesday,2023,0
US,USD,CNY,mobile,78.31,78.31,2.15,7.142857,FALSE,standard,298,0.336,0.166,0,0,Wednesday,2023,0
CA,CAD,MXN,ATM,175.81,130.1,4.1,12.758621,FALSE,standard,172,0.881,0.199,0,0,Thursday,2023,1
UK,GBP,NGN,web,175.24,219.06,3.8,1388.888889,FALSE,standard,718,0.953,0.169,0,0.22,Thursday,2023,0
US,USD,USD,mobile,55.05,55.05,2.31,1,FALSE,enhanced,367,0.939,0.176,0,0,Thursday,2023,0
US,USD,GBP,mobile,157.49,157.49,3.18,0.8,FALSE,standard,147,0.551,0.391,0,0,Thursday,2023,0
US,USD,EUR,mobile,217.07,217.07,4.23,0.925926,FALSE,standard,147,0.551,0.391,0,0,Thursday,2023,0
UK,GBP,USD,mobile,79.97,99.96,2.2,1.25,FALSE,standard,4,0.892,0.407,0,0,Thursday,2023,0
US,USD,USD,web,71.78,71.78,2.36,1,FALSE,enhanced,367,0.939,0.176,0,0,Thursday,2023,0
US,USD,CNY,mobile,-1186.99,1186.99,9999.99,7.142857,FALSE,standard,147,-0.1,0.391,0,0,Thursday,2023,0
US,USD,USD,mobile,230.47,230.47,4.48,1,FALSE,standard,147,0.551,0.391,0,0,Friday,2023,0
UK,GBP,GBP,web,493.91,617.39,7.87,1,FALSE,standard,4,0.892,0.407,1,0,Friday,2023,0
US,USD,EUR,mobile,236.02,236.02,5.44,0.925926,FALSE,enhanced,257,0.894,0.257,0,0,Friday,2023,0
US,USD,EUR, mobile  ,-665.78,665.78,9999.99,0.925926,FALSE,standard,147,-0.1,0.391,0,0,Friday,2023,0
US,USD,GBP,web,38.12,38.12,-1,0.8,FALSE,standard,298,-0.1,0.166,1,0,Friday,2023,0
US,USD,NGN,web,588.76,588.76,9.9,1111.111111,FALSE,enhanced,367,0.939,0.176,0,0.25,Friday,2023,0
UK,GBP,NGN,mobile,73.46,91.83,3.58,1388.888889,FALSE,standard,4,0.892,0.407,0,0.22,Friday,2023,0
US,USD,GBP,ATM,153.07,153.07,2.69,0.8,FALSE,enhanced,367,0.939,0.176,0,0,Friday,2023,0
CA,CAD,CAD,mobile,49,36.26,1.72,1,FALSE,low,615,0.515,0.355,0,0,Friday,2023,1
US,USD,CNY,mobile,163.13,163.13,4.27,7.142857,FALSE,standard,263,0.522,0.223,0,0,Saturday,2023,0
US,USD,GBP,mobile,189.65,189.65,3.68,0.8,FALSE,standard,298,0.336,0.166,0,0,Monday,2024,0
US,USD,GBP,web,78.72,78.72,1.54,0.8,FALSE,enhanced,367,0.939,0.176,0,0,Saturday,2023,0
US,USD,GBP,mobile,427.15,427.15,6.86,0.8,TRUE,standard,1018,0.934,0.087,2,0,Saturday,2023,0
US,USD,CAD,mobile,199.17,199.17,3.99,1.351351,FALSE,standard,298,0.186,0.166,0,0,Saturday,2023,0
US,USD,EUR,web,145.4,145.4,3.72,0.925926,FALSE,standard,263,0.522,0.223,0,0,Saturday,2023,0
CA,CAD,EUR,mobile,103.31,76.45,3.04,0.685185,FALSE,standard,947,0.625,0.268,0,0,Saturday,2023,0
US,USD,CAD,mobile,56.35,56.35,1.45,1.351351,FALSE,standard,1018,0.934,0.087,0,0,Saturday,2023,0
US,USD,PHP,mobile,201.12,201.12,4.91,58.823529,FALSE,standard,859,0.96,0.363,0,0.1,Saturday,2023,0
US,USD,PHP,ATM,188.64,188.64,3.82,58.823529,FALSE,standard,1018,0.934,0.087,0,0.1,Saturday,2023,0
CA,CAD,GBP,web,9998.65,7399,151.24,0.592,TRUE,low,824,0.607,0.282,1,0,Saturday,2023,0
US,USD,PHP,web,82.99,82.99,2.83,58.823529,FALSE,enhanced,367,0.939,0.176,0,0.1,Saturday,2023,0
US,USD,CAD,ATM,193.63,193.63,3.66,1.351351,FALSE,enhanced,661,0.92,0.259,0,0,Saturday,2023,0
US,USD,EUR,mobile,175.99,175.99,3.09,0.925926,FALSE,enhanced,367,0.939,0.176,0,0,Sunday,2023,0
CA,CAD,INR,mobile,129.94,96.16,2.49,61.666667,FALSE,standard,172,0.881,0.199,0,0.12,Sunday,2023,0
US,USD,USD,mobile,238.96,238.96,4.21,1,FALSE,standard,1016,0.944,0.247,0,0,Sunday,2023,0
US,USD,EUR,mobile,443.62,443.62,7.62,0.925926,FALSE,standard,1018,0.934,0.087,0,0,Sunday,2023,0
CA,CAD,MXN,web,234.3,173.38,4.74,12.758621,FALSE,standard,947,0.625,0.268,0,0,Sunday,2023,0
US,USD,CNY,web,129.11,129.11,2.33,7.142857,FALSE,enhanced,367,0.789,0.176,0,0,Sunday,2023,0
US,USD,USD,mobile,128.72,128.72,2.81,1,FALSE,standard,263,0.522,0.223,0,0,Monday,2023,0
US,USD,INR,mobile,190.23,190.23,4.75,83.333333,FALSE,standard,147,0.551,0.391,0,0,Monday,2023,0
UK,GBP,USD,mobile,267.64,334.55,4.82,1.25,FALSE,standard,718,0.953,0.169,0,0,Monday,2023,0
US,USD,CNY,mobile,123.58,123.58,3.1,7.142857,FALSE,enhanced,367,0.939,0.176,0,0,Monday,2023,0
US,USD,USD,web,61.86,61.86,2.2,1,FALSE,standard,1016,0.944,0.247,7,0,Monday,2023,0
CA,CAD,MXN,WEB,356.28,263.65,6.14,12.758621,FALSE,low,615,0.515,0.355,0,0,Monday,2023,0
US,USD,EUR,web,190.56,190.56,4.53,0.925926,FALSE,standard,1016,0.944,0.247,0,0,Monday,2023,0
US,USD,CNY,mobile,249.03,249.03,4.61,7.142857,FALSE,standard,1018,0.934,0.087,0,0,Monday,2023,0
 CA  ,CAD,USD,unknown,117.16,86.7,3.13,0.74,FALSE,standard,172,0.881,0.199,0,0,Sunday,2024,0
US,USD,NGN,mobile,143.22,143.22,3.23,1111.111111,FALSE,enhanced,367,0.939,0.176,0,0.25,Tuesday,2023,0
US,USD,NGN,mobile,1086.39,1086.39,17.7,1111.111111,FALSE,standard,1018,0.934,0.087,0,0.25,Tuesday,2023,0
US,USD,CNY,mobile,92.28,92.28,2.01,7.142857,FALSE,standard,147,0.551,0.391,0,0,Tuesday,2023,0
UK,GBP,MXN,mobile,302.7,378.37,5.54,21.551724,TRUE,standard,4,0.892,0.407,0,0,Tuesday,2023,0
US,USD,EUR,web,217.84,217.84,4.16,0.925926,FALSE,standard,298,0.336,0.166,0,0,Tuesday,2023,0
US,USD,INR,web,110.12,110.12,2.25,83.333333,FALSE,standard,830,0.799,0.102,0,0,Tuesday,2023,0
US,USD,GBP,web,62.98,62.98,2.26,0.8,TRUE,standard,1018,0.934,0.087,0,0,Tuesday,2023,0
US,USD,GBP,web,77.47,77.47,2.4,0.8,FALSE,standard,147,0.551,0.391,0,0,Tuesday,2023,0
US,USD,USD,web,105.63,105.63,2.66,1,FALSE,standard,263,0.522,0.223,0,0,Tuesday,2023,0
UK,GBP,PHP,mobile,225.94,282.42,4.51,73.529412,FALSE,standard,4,0.892,0.407,0,0,Wednesday,2023,0
CA,CAD,CNY,mobile,290.05,214.63,5.08,5.285714,FALSE,standard,947,0.625,0.268,1,0,Wednesday,2023,0
US,USD,EUR,mobile,82.4,82.4,1.76,0.925926,FALSE,standard,147,0.551,0.391,0,0,Wednesday,2023,0
US,USD,INR,mobile,66.88,66.88,2.04,83.333333,FALSE,standard,298,0.336,0.166,0,0,Wednesday,2023,0
UK,GBP,EUR,mobile,308.15,385.18,5.22,1.157407,FALSE,standard,4,0.892,0.407,0,0.05,Wednesday,2023,0
US,USD,MXN,mobile,82.39,82.39,2.3,17.241379,FALSE,standard,1018,0.934,0.087,0,0.2,Wednesday,2023,0
US,USD,CNY,mobile,77.08,77.08,1.85,7.142857,FALSE,standard,147,0.551,0.391,0,0,Wednesday,2023,0
US,USD,PHP,mobile,110.91,110.91,3.93,58.823529,FALSE,enhanced,367,0.939,0.176,0,0.1,Wednesday,2023,0
CA,CAD,GBP,web,154.88,114.61,4.31,0.592,FALSE,low,824,0.607,0.282,0,0,Wednesday,2023,0
UK,GBP,INR,mobile,57.61,72.01,1.02,104.166667,TRUE,standard,4,0.892,0.407,0,0,Wednesday,2023,0
US,USD,USD,mobile,87.17,87.17,1.33,1,FALSE,standard,263,0.522,0.223,0,0,Wednesday,2023,0
US,USD,USD,mobile,44.98,44.98,1.55,1,FALSE,standard,147,0.551,0.391,0,0,Wednesday,2023,0
US,USD,USD,mobile,109.07,109.07,2.89,1,FALSE,standard,298,0.186,0.166,0,0,Wednesday,2023,0
US,USD,NGN,mobile,132.11,132.11,-1,1111.111111,FALSE,enhanced,367,-0.1,0.176,0,0.25,Thursday,2023,0
US,USD,INR,web,89.16,89.16,1.46,83.333333,FALSE,enhanced,661,0.92,0.259,0,0,Thursday,2023,0
US,USD,GBP,web,59.63,59.63,1.32,0.8,FALSE,enhanced,367,0.939,0.176,1,0,Thursday,2023,0
US,USD,EUR,mobile,119.93,119.93,2.77,0.925926,FALSE,enhanced,257,0.894,0.257,0,0,Thursday,2023,0
US,USD,MXN,mobile,132.37,132.37,3.5,17.241379,FALSE,standard,298,0.336,0.166,0,0.2,Thursday,2023,0
US,USD,GBP,mobile,92.65,92.65,2.27,0.8,TRUE,enhanced,367,0.939,0.176,0,0,Thursday,2023,0
CA,CAD,CNY,mobile,158.13,117.01,3.59,5.285714,FALSE,standard,725,0.824,0.212,0,0,Thursday,2023,0
US,USD,MXN,mobile,172.8,172.8,3.34,17.241379,FALSE,standard,263,0.522,0.223,0,0.2,Thursday,2023,0
US,USD,GBP,mobile,252.29,252.29,5.19,0.8,FALSE,standard,34,0.427,0.068,0,0,Thursday,2023,0
US,USD,EUR,mobile,347.64,347.64,6.17,0.925926,FALSE,enhanced,367,0.939,0.176,0,0,Thursday,2023,0
UK,GBP,CNY,web,76.82,96.03,2.28,8.928571,FALSE,standard,4,0.892,0.407,0,0,Thursday,2023,0
UK,GBP,NGN,mobile,103.91,129.89,3.51,1388.888889,FALSE,standard,4,0.892,0.407,0,0.22,Thursday,2023,0
US,USD,GBP,ATM,333.14,333.14,5.47,0.8,FALSE,enhanced,257,0.894,0.257,5,0,Thursday,2023,0
US,USD,MXN,mobile,367.54,367.54,6.14,17.241379,FALSE,standard,1092,0.678,0.371,0,0.2,Friday,2023,0
US,USD,EUR,mobile,9998.73,9998.73,151.95,0.925926,FALSE,standard,263,0.522,0.223,5,0,Friday,2023,0
UK,GBP,NGN,WEB,214.64,268.29,3.87,1388.888889,FALSE,standard,4,0.742,0.407,0,0.22,Friday,2023,0
UK,GBP,NGN,web,164.99,206.24,3.73,1388.888889,FALSE,standard,882,0.822,0.039,0,0.22,Friday,2023,0
US,USD,PHP,mobile,195.18,195.18,3.44,58.823529,TRUE,enhanced,367,0.939,0.176,0,0.1,Friday,2023,0
US,USD,INR,mobile,31.68,31.68,2.06,83.333333,FALSE,standard,263,0.522,0.223,1,0,Friday,2023,0
US,USD,USD,mobile,388.75,388.75,7.47,1,FALSE,enhanced,257,0.894,0.257,0,0,Friday,2023,0
US,USD,INR,mobile,60.73,60.73,1.68,83.333333,FALSE,standard,147,0.551,0.391,0,0,Friday,2023,0
US,USD,NGN,web,119.04,119.04,2.84,1111.111111,FALSE,standard,147,0.551,0.391,0,0.25,Friday,2023,0
US,USD,USD,web,1016.8,1016.8,16.65,1,FALSE,enhanced,257,0.894,0.257,0,0,Saturday,2023,0
US,USD,USD,web,72.95,72.95,1.97,1,FALSE,standard,1016,0.944,0.247,0,0,-1,0,0
US,USD,NGN,web,110.4,110.4,3.34,1111.111111,FALSE,standard,1016,0.944,0.247,0,0.25,Saturday,2023,0
 US  ,USD,NGN,unknown,544.5,544.5,9.41,1111.111111,FALSE,standard,298,0.336,0.166,0,0.25,Saturday,2023,0
US,USD,USD,web,85.11,85.11,2.65,1,FALSE,standard,859,0.96,0.363,0,0,Saturday,2023,0
US,USD,EUR,mobile,56.26,56.26,1.72,0.925926,FALSE,standard,298,0.336,0.166,0,0,Saturday,2023,0
US,USD,GBP,web,53.43,53.43,1.95,0.8,FALSE,standard,298,0.336,0.166,0,0,Saturday,2023,0
UK,GBP,NGN,web,9996.99,12496.24,150.68,1388.888889,FALSE,standard,4,0.892,0.407,0,0.22,Saturday,2023,1
UK,GBP,USD,mobile,273.87,342.34,5.16,1.25,FALSE,standard,4,0.892,0.407,0,0,Saturday,2023,0
UK,GBP,GBP,web,99.58,124.47,2.92,1,FALSE,standard,4,0.892,0.407,0,0,Saturday,2023,0
US,USD,NGN,mobile,127.86,127.86,3.96,1111.111111,FALSE,standard,1018,0.934,0.087,0,0.25,Sunday,2023,0
US,USD,INR,mobile,148.06,148.06,3.54,83.333333,FALSE,standard,298,0.336,0.166,0,0,Sunday,2023,0
US,USD,EUR,mobile,69.89,69.89,1.12,0.925926,FALSE,enhanced,257,0.894,0.257,0,0,Sunday,2023,0
US,USD,PHP,mobile,225.01,225.01,3.87,58.823529,FALSE,enhanced,367,0.939,0.176,0,0.1,Sunday,2023,0
US,USD,CAD,mobille,166.24,166.24,4.32,1.351351,FALSE,enhanced,367,0.939,0.176,0,0,Sunday,2023,0
US,USD,EUR,web,130.73,130.73,2.95,0.925926,FALSE,standard,962,0.544,0.147,0,0,Sunday,2023,0
US,USD,CNY,mobile,156.67,156.67,3.71,7.142857,FALSE,enhanced,367,0.939,0.176,1,0,Sunday,2023,0
US,USD,NGN,mobile,71.68,71.68,2.24,1111.111111,FALSE,standard,1018,0.934,0.087,0,0.25,Monday,2023,0
UK,GBP,GBP,web,47.72,59.65,2.12,1,FALSE,standard,4,0.892,0.407,0,0,Monday,2023,0
US,USD,NGN,web,58.76,58.76,1.8,1111.111111,FALSE,standard,263,0.522,0.223,1,0.25,Monday,2023,0
US,USD,EUR,mobile,51.39,51.39,1.86,0.925926,TRUE,standard,263,0.372,0.223,0,0,Monday,2023,0
UK,GBP,CAD,ATM,311.58,389.47,5.35,1.689189,FALSE,standard,684,0.833,0.241,0,0,Monday,2023,0
US,USD,MXN,mobile,206.43,206.43,3.66,17.241379,FALSE,standard,830,0.799,0.102,0,0.2,Monday,2023,0
CA,CAD,MXN,mobile,208.37,154.19,4.99,12.758621,FALSE,low,824,0.607,0.282,0,0,Monday,2023,0
CA,CAD,EUR,web,47.54,35.18,1.62,0.685185,FALSE,low,1066,0.522,0,0,0,Monday,2023,0
US,USD,USD,mobile,22.99,22.99,1.39,1,TRUE,standard,263,0.522,0.223,0,0,Tuesday,2023,0
UK,GBP,CNY,mobile,334.55,418.19,5.25,8.928571,FALSE,standard,718,0.953,0.169,0,0,Tuesday,2023,0
UK,GBP,NGN,mobile,237.91,297.39,4.88,1388.888889,FALSE,standard,718,0.953,0.169,0,0.22,Tuesday,2023,0
US,USD,INR,mobile,101.02,101.02,3.11,83.333333,FALSE,standard,263,0.522,0.223,0,0,Tuesday,2023,0
US,USD,MXN,web,55.19,55.19,2.01,17.241379,TRUE,standard,298,0.336,0.166,1,0.2,Tuesday,2023,0
US,USD,GBP,mobile,274.66,274.66,5.17,0.8,FALSE,enhanced,367,0.939,0.176,0,0,Tuesday,2023,0
US,USD,PHP,ATM,220.45,220.45,4.59,58.823529,FALSE,standard,147,0.551,0.391,0,0.1,Wednesday,2023,0
US,USD,INR,mobile,164.34,164.34,3.76,83.333333,FALSE,standard,263,0.372,0.223,0,0,Wednesday,2023,0
US,USD,EUR,web,110.72,110.72,2.58,0.925926,FALSE,standard,263,0.522,0.223,0,0,Wednesday,2023,0
CA,CAD,EUR,mobile,291.08,215.4,4.72,0.685185,FALSE,standard,172,0.881,0.199,0,0,Wednesday,2023,0
US,USD,CAD,web,52.82,52.82,2.79,1.351351,FALSE,standard,263,0.372,0.223,0,0,Wednesday,2023,0
US,USD,CNY,web,420.97,420.97,7.49,7.142857,FALSE,standard,34,0.277,0.068,0,0,Wednesday,2023,0
UK,GBP,CAD,mobile,176.82,221.03,2.89,1.689189,FALSE,standard,4,0.742,0.407,0,0,Wednesday,2023,0
US,USD,INR,ATM,206.33,410.97,110.92,83.333333,FALSE,unknown,257,0.68,0.257,0,0,Wednesday,2023,0
CA,CAD,MXN,ATM,457.07,338.23,7.45,12.758621,TRUE,low,615,0.515,0.355,0,0,Wednesday,2023,0
US,USD,USD,mobile,21.07,21.07,1.32,1,FALSE,standard,147,0.551,0.391,0,0,Wednesday,2023,0
US,USD,CAD,mobile,235.84,235.84,4.75,1.351351,TRUE,standard,1018,0.934,0.087,0,0,Wednesday,2023,0
US,USD,USD,web,276.8,276.8,5.22,1,FALSE,enhanced,367,0.939,0.176,0,0,Wednesday,2023,0
US,USD,CAD,web,98.61,98.61,2.82,1.351351,FALSE,standard,263,0.372,0.223,0,0,Wednesday,2023,0
US,USD,EUR,web,61.16,61.16,1.9,0.925926,FALSE,standard,298,0.336,0.166,0,0,Thursday,2023,0
US,USD,EUR,web,153.54,153.54,4.3,0.925926,FALSE,standard,298,0.336,0.166,0,0,Thursday,2023,0
US,USD,NGN,mobile,318.53,318.53,6.18,1111.111111,FALSE,standard,1016,0.944,0.247,0,0.25,Thursday,2023,0
UK,GBP,CAD,web,261.37,326.71,5.32,1.689189,FALSE,standard,4,0.892,0.407,0,0,Thursday,2023,0
UK,GBP,CAD,mobile,137.79,172.24,3.83,1.689189,TRUE,standard,4,0.892,0.407,1,0,Thursday,2023,1
UK,GBP,INR,mobile,160.22,200.27,3.91,104.166667,FALSE,standard,4,0.892,0.407,0,0,Thursday,2023,0
CA,CAD,CAD,mobile,378.42,280.03,5.87,1,FALSE,standard,172,0.881,0.199,0,0,Thursday,2023,0
US,USD,CAD,mobile,237.37,237.37,4.87,1.351351,FALSE,standard,298,0.336,0.166,0,0,Thursday,2023,1
UK,GBP,INR,web,126.38,157.97,2.5,104.166667,FALSE,standard,718,0.953,0.169,1,0,Thursday,2023,0
US,USD,MXN,web,303.61,303.61,4.91,17.241379,FALSE,enhanced,367,0.939,0.176,0,0.2,Thursday,2023,0
US,USD,MXN,mobile,35.46,35.46,1.64,17.241379,FALSE,standard,263,0.522,0.223,0,0.2,Friday,2023,0
US,USD,USD,mobile,61.49,61.49,1.08,1,FALSE,standard,263,0.522,0.223,0,0,Friday,2023,0
US,USD,CAD,mobile,300.03,300.03,5.9,1.351351,FALSE,standard,147,0.551,0.391,0,0,Friday,2023,0
US,USD,USD,mobile,186.28,186.28,4.12,1,FALSE,standard,147,0.551,0.391,0,0,Friday,2023,0
UK,GBP,GBP,mobile,75.4,94.25,2.51,1,FALSE,standard,4,0.892,0.407,0,0,Friday,2023,0
US,USD,PHP,mobile,128.66,128.66,3.17,58.823529,FALSE,enhanced,367,0.939,0.176,0,0.1,Saturday,2023,0
UK,GBP,MXN,mobile,102.71,128.38,2.28,21.551724,FALSE,standard,4,0.892,0.407,0,0,Saturday,2023,0
US,USD,EUR,web,273.15,273.15,5.13,0.925926,FALSE,standard,263,0.522,0.223,0,0,Saturday,2023,0
CA,CAD,EUR,mobile,208.93,154.61,4.9,0.685185,FALSE,low,824,0.607,0.282,0,0,Saturday,2023,0
US,USD,CNY,web,232.97,232.97,4.25,7.142857,FALSE,standard,830,0.799,0.102,0,0,Saturday,2023,0
UK,GBP,PHP,mobile,174.2,217.75,3.54,73.529412,FALSE,standard,4,0.892,0.407,1,0,Saturday,2023,0
US,USD,INR,mobile,119.02,119.02,3.03,83.333333,FALSE,enhanced,367,0.789,0.176,0,0,Sunday,2023,0
US,USD,INR,web,621.27,621.27,9.82,83.333333,FALSE,standard,34,0.427,0.068,0,0,Sunday,2023,0
US,USD,USD,mobile,536.37,536.37,9.48,1,TRUE,standard,298,0.336,0.166,0,0,Sunday,2023,0
US,USD,INR,mobile,75.49,75.49,1.85,83.333333,TRUE,enhanced,367,0.939,0.176,0,0,Sunday,2023,0
UK,GBP,PHP,ATM,136.53,170.66,1.92,73.529412,FALSE,standard,4,0.892,0.407,0,0,Sunday,2023,0
US,USD,CNY,mobile,118.39,118.39,2.8,7.142857,TRUE,standard,1018,0.934,0.087,0,0,Sunday,2023,0
US,USD,INR,web,299.54,299.54,6.48,83.333333,FALSE,standard,298,0.336,0.166,0,0,Sunday,2023,0
US,USD,INR,mobile,201.34,201.34,3.91,83.333333,TRUE,standard,1058,0.923,0.139,0,0,Sunday,2023,0
US,USD,CNY,web,124.05,124.05,3.13,7.142857,FALSE,standard,263,0.522,0.223,1,0,Monday,2023,0
US,USD,CNY,mobile,58.44,58.44,1.34,7.142857,FALSE,standard,298,0.336,0.166,0,0,Monday,2023,0
US,USD,PHP,mobile,518.87,518.87,8.63,58.823529,FALSE,standard,147,0.551,0.391,0,0.1,Monday,2023,0
US,USD,NGN,ATM,92.93,92.93,2.27,1111.111111,FALSE,standard,298,0.336,0.166,0,0.25,Monday,2023,0
US,USD,MXN,mobile,250.18,250.18,5.32,17.241379,FALSE,standard,263,0.522,0.223,3,0.2,Monday,2023,0
US,USD,USD,web,64.03,64.03,2.54,1,TRUE,enhanced,367,0.939,0.176,0,0,Monday,2023,0
CA,CAD,USD,mobile,202.21,149.64,4.35,0.74,FALSE,standard,947,0.625,0.268,0,0,Monday,2023,0
US,USD,NGN,mobile,205.55,410.97,110.92,1111.111111,TRUE,unknown,367,0.68,0.176,0,0.25,Monday,2023,0
US,USD,CAD,mobile,123.24,123.24,2.58,1.351351,TRUE,standard,147,0.551,0.391,0,0,Monday,2023,0
US,USD,GBP,mobile,79.96,79.96,2.27,0.8,FALSE,standard,298,0.336,0.166,0,0,Monday,2023,0
US,USD,CNY,mobile,594.17,594.17,10.67,7.142857,FALSE,standard,263,0.522,0.223,0,0,Monday,2023,0
US,USD,CAD,web,266.8,266.8,5.02,1.351351,FALSE,enhanced,367,0.939,0.176,0,0,Monday,2023,0
US,USD,EUR,mobile,132.17,132.17,2.91,0.925926,FALSE,standard,298,0.336,0.166,0,0,Monday,2023,1
US,USD,MXN,mobile,163.97,163.97,3.3,17.241379,FALSE,standard,147,0.551,0.391,0,0.2,Monday,2023,0
US,USD,CNY,web,97.98,97.98,2.93,7.142857,TRUE,standard,147,0.551,0.391,0,0,Monday,2023,0
US,USD,PHP,mobile,261.22,261.22,5.52,58.823529,FALSE,standard,298,0.336,0.166,0,0.1,Tuesday,2023,1
US,USD,NGN,mobile,75.25,75.25,2.35,1111.111111,FALSE,standard,298,0.336,0.166,0,0.25,Tuesday,2023,0
US,USD,EUR,web,234.59,234.59,4.4,0.925926,FALSE,standard,298,0.336,0.166,0,0,Tuesday,2023,0
US,USD,PHP,web,9991.78,9991.78,150.6,58.823529,FALSE,standard,147,0.551,0.391,0,0.1,Tuesday,2023,0
US,USD,GBP,web,95.4,95.4,1.55,0.8,FALSE,standard,263,0.522,0.223,0,0,Tuesday,2023,0
unknown,GBP,CNY,MOBILE,392.28,490.34,7,8.928571,FALSE,standard,4,0.892,0.407,0,0,Tuesday,2023,0
UK,GBP,CNY,mobile,500.57,625.71,9.28,8.928571,FALSE,standard,4,0.892,0.407,0,0,Tuesday,2023,0
US,USD,INR,mobile,90.24,90.24,2.96,83.333333,FALSE,standard,298,0.336,0.166,0,0,Tuesday,2023,0
US,USD,USD,mobile,118.26,118.26,1.94,1,FALSE,enhanced,367,0.939,0.176,6,0,Tuesday,2023,0
UK,GBP,GBP,mobile,92.89,116.11,2.31,1,FALSE,standard,718,0.953,0.169,6,0,Wednesday,2023,0
US,USD,CAD,web,47.6,47.6,1.3,1.351351,FALSE,standard,298,0.336,0.166,0,0,Wednesday,2023,0
UK,GBP,MXN,mobile,146.25,182.81,3.12,21.551724,FALSE,standard,4,0.892,0.407,0,0,Wednesday,2023,0
US,USD,USD,ATM,108.6,108.6,2.37,1,FALSE,standard,298,0.336,0.166,0,0,Wednesday,2023,0
US,USD,NGN,web,290.19,290.19,5.14,1111.111111,FALSE,standard,1016,0.944,0.247,0,0.25,Wednesday,2023,0
US,USD,EUR,web,80.07,80.07,1.48,0.925926,FALSE,enhanced,367,0.939,0.176,0,0,Wednesday,2023,0
UK,GBP,USD,mobile,89.56,111.94,2.34,1.25,FALSE,standard,718,0.953,0.169,0,0,Wednesday,2023,0
CA,CAD,PHP,web,266.46,197.18,4.33,43.529412,FALSE,standard,947,0.625,0.268,0,0,Wednesday,2023,0
US,USD,USD,mobile,103.7,103.7,2.47,1,FALSE,standard,1018,0.934,0.087,0,0,Wednesday,2023,0
CA,CAD,GBP,web,82.2,410.97,110.92,0.592,FALSE,unknown,947,0.68,0.268,0,0,Thursday,2023,0
US,USD,GBP,mobile,105.46,105.46,2.27,0.8,FALSE,standard,263,0.522,0.223,0,0,Thursday,2023,0
UK,GBP,GBP,mobile,73.68,92.1,1.29,1,FALSE,standard,718,0.953,0.169,0,0,Thursday,2023,0
CA,CAD,MXN,mobile,218.59,410.97,110.92,12.758621,FALSE,unknown,947,0.68,0.268,0,0,Thursday,2023,0
US,USD,INR,mobile,78.97,78.97,2.67,83.333333,FALSE,standard,263,0.522,0.223,0,0,Thursday,2023,0
US,USD,INR,mobile,140.47,140.47,2.93,83.333333,FALSE,enhanced,661,0.92,0.259,0,0,Thursday,2023,0
US,USD,INR,mobile,44.79,44.79,2.33,83.333333,FALSE,standard,298,0.336,0.166,0,0,Thursday,2023,0
US,USD,USD,mobile,628.03,628.03,11.03,1,FALSE,standard,1016,0.944,0.247,1,0,Thursday,2023,0
US,USD,NGN,ATM,89.41,89.41,-1,1111.111111,FALSE,standard,263,-0.1,0.223,0,0.25,Thursday,2023,0
US,USD,CAD,mobile,443.66,443.66,6.75,1.351351,FALSE,standard,298,0.336,0.166,0,0,Thursday,2023,0
US,USD,EUR,mobile,36.58,36.58,1.87,0.925926,FALSE,standard,34,0.427,0.068,0,0,Thursday,2023,0
US,USD,INR,web,268.73,268.73,5.07,83.333333,FALSE,standard,263,0.522,0.223,0,0,Thursday,2023,0
CA,CAD,EUR,mobile,26.5,19.61,0.55,0.685185,FALSE,standard,947,0.625,0.268,0,0,Friday,2023,0
US,USD,CAD,mobile,170.72,170.72,4.11,1.351351,FALSE,standard,830,0.799,0.102,0,0,Friday,2023,0
UK,GBP,GBP,ATM,248.9,311.13,5.19,1,TRUE,standard,4,0.892,0.407,0,0,Friday,2023,0
US,USD,NGN,mobile,539.2,539.2,9.07,1111.111111,FALSE,standard,263,0.522,0.223,0,0.25,Friday,2023,0
US,USD,CNY,web,506.32,506.32,8.11,7.142857,FALSE,standard,147,0.551,0.391,0,0,Friday,2023,0
UK,GBP,PHP,mobile,277.71,347.13,4.89,73.529412,FALSE,low,704,0.515,0.283,0,0,Friday,2023,0
UK,GBP,NGN,mobile,178.17,222.71,3.64,1388.888889,FALSE,standard,718,0.953,0.169,0,0.22,Friday,2023,0
US,USD,CAD,web,53.54,410.97,110.92,1.351351,FALSE,unknown,298,0.68,0.166,0,0,Saturday,2023,0
US,USD,MXN,web,176.9,176.9,3.32,17.241379,FALSE,standard,263,0.522,0.223,1,0.2,Saturday,2023,0
CA,CAD,CNY,web,181.87,134.59,3.39,5.285714,FALSE,standard,947,0.625,0.268,0,0,Saturday,2023,0
US,USD,USD,mobile,610.37,610.37,11.1,1,FALSE,enhanced,367,0.939,0.176,0,0,Saturday,2023,0
UK,GBP,NGN,web,79.62,99.52,1.7,1388.888889,FALSE,standard,4,0.892,0.407,0,0.22,Saturday,2023,0
US,USD,USD,mobile,112.15,112.15,1.95,1,FALSE,standard,34,0.427,0.068,0,0,Saturday,2023,0
CA,CAD,CNY,mobile,159.43,117.98,3,5.285714,FALSE,low,615,0.515,0.355,0,0,Saturday,2023,0
US,USD,INR,mobile,76.22,76.22,2.33,83.333333,FALSE,standard,298,0.336,0.166,0,0,Saturday,2023,0
US,USD,PHP,mobile,516.2,516.2,8.95,58.823529,FALSE,standard,263,0.522,0.223,0,0.1,Saturday,2023,0
US,USD,NGN,mobile,128.97,128.97,2.95,1111.111111,FALSE,standard,147,0.551,0.391,0,0.25,Saturday,2023,0
UK,GBP,GBP,web,181.37,226.72,3.57,1,TRUE,standard,718,0.953,0.169,0,0,Saturday,2023,0
UK,GBP,USD,mobile,586.48,410.97,110.92,1.25,FALSE,unknown,4,0.68,0.407,0,0,Saturday,2023,0
UK,GBP,GBP,mobile,299.02,373.78,6.23,1,FALSE,standard,718,0.953,0.169,0,0,Saturday,2023,0
CA,CAD,PHP,mobile,102.07,75.53,2.48,43.529412,FALSE,low,824,0.457,0.282,0,0,Saturday,2023,0
US,USD,GBP,mobile,164.98,164.98,3.65,0.8,FALSE,enhanced,257,0.894,0.257,0,0,Sunday,2023,0
UK,GBP,USD,mobile,208.31,260.39,4.87,1.25,FALSE,standard,4,0.892,0.407,0,0,Sunday,2023,0
US,USD,INR,web,30.47,30.47,1.59,83.333333,FALSE,standard,298,0.336,0.166,0,0,Sunday,2023,0
US,USD,EUR,web,86.43,86.43,1.94,0.925926,FALSE,enhanced,367,0.939,0.176,0,0,Sunday,2023,0
US,USD,CAD,web,85.62,85.62,2.5,1.351351,FALSE,standard,263,0.522,0.223,0,0,Sunday,2023,0
US,USD,CNY,mobile,42.18,42.18,1.2,7.142857,FALSE,standard,147,0.551,0.391,0,0,Sunday,2023,0
UK,GBP,MXN,mobile,393.65,492.06,6.15,21.551724,TRUE,standard,4,0.892,0.407,0,0,Sunday,2023,0
US,USD,USD,web,129.85,129.85,2.59,1,FALSE,standard,298,0.336,0.166,0,0,Sunday,2023,0
US,USD,EUR,mobile,51.57,51.57,1.02,0.925926,FALSE,standard,263,0.522,0.223,0,0,Monday,2024,0
US,USD,CAD,mobile,75.44,75.44,2.64,1.351351,FALSE,standard,263,0.522,0.223,0,0,Monday,2024,0
US,USD,PHP,web,115.71,115.71,2.44,58.823529,FALSE,standard,298,0.336,0.166,0,0.1,Monday,2024,0
UK,GBP,CAD,mobile,9990.65,12488.31,151.92,1.689189,FALSE,standard,4,0.892,0.407,0,0,Monday,2024,0
US,USD,USD,mobile,42.65,42.65,1.74,1,FALSE,standard,263,0.522,0.223,0,0,Monday,2024,0
US,USD,MXN,ATM,56.72,56.72,1.89,17.241379,FALSE,enhanced,257,0.894,0.257,0,0.2,Monday,2024,0
CA,CAD,CNY,mobile,156.16,115.56,3.46,5.285714,FALSE,standard,172,0.881,0.199,0,0,Monday,2024,0
UK,GBP,PHP,web,776.14,970.17,12.68,73.529412,FALSE,standard,4,0.892,0.407,0,0,Monday,2024,1
US,USD,PHP,web,253.11,253.11,4.88,58.823529,FALSE,enhanced,367,0.939,0.176,0,0.1,Monday,2024,0
US,USD,EUR,web,187.04,187.04,4.26,0.925926,FALSE,standard,298,0.336,0.166,0,0,Monday,2024,0
UK,GBP,CAD,mobile,427.87,410.97,110.92,1.689189,FALSE,unknown,4,0.68,0.407,0,0,Monday,2024,0
UK,GBP,CAD,web,331.27,414.09,5.78,1.689189,FALSE,standard,718,0.953,0.169,1,0,Monday,2024,0
CA,CAD,CAD,web,52.65,38.96,1.56,1,FALSE,low,824,0.607,0.282,0,0,Monday,2024,0
US,USD,MXN,web,530.29,530.29,9.35,17.241379,FALSE,standard,298,0.336,0.166,0,0.2,Monday,2024,0
US,USD,CNY,mobile,621.32,621.32,10.58,7.142857,FALSE,enhanced,257,0.894,0.257,0,0,Tuesday,2024,0
UK,GBP,MXN,mobile,84.25,105.31,1.8,21.551724,TRUE,standard,4,0.892,0.407,0,0,Tuesday,2024,0
US,USD,CNY,web,192.67,192.67,3.53,7.142857,FALSE,standard,263,0.522,0.223,0,0,Tuesday,2024,0
UK,GBP,USD,mobile,412.1,515.12,7.13,1.25,FALSE,standard,718,0.953,0.169,0,0,Tuesday,2024,0
US,USD,USD,mobile,230.71,230.71,4.38,1,TRUE,enhanced,257,0.894,0.257,0,0,Tuesday,2024,0
US,USD,INR,web,257.83,257.83,5.17,83.333333,FALSE,enhanced,367,0.939,0.176,0,0,Tuesday,2024,0
US,USD,MXN,mobile,432.98,432.98,7.48,17.241379,FALSE,standard,263,0.522,0.223,0,0.2,Tuesday,2024,0
US,USD,CNY,mobile,137.91,137.91,3.1,7.142857,FALSE,standard,1018,0.934,0.087,2,0,Tuesday,2024,0
US,USD,EUR,mobile,9992.75,9992.75,150.36,0.925926,FALSE,enhanced,367,0.939,0.176,0,0,Tuesday,2024,0
UK,GBP,CNY,mobile,365.88,457.35,7.11,8.928571,FALSE,standard,4,0.892,0.407,0,0,Tuesday,2024,0
CA,CAD,USD,web,87.13,64.48,3.38,0.74,FALSE,standard,1041,0.867,0.245,2,0,Monday,2024,0
CA,CAD,EUR,mobile,48.73,36.06,2.4,0.685185,FALSE,standard,947,0.625,0.268,1,0,Wednesday,2024,0
US,USD,INR,mobile,201,201,3.06,83.333333,FALSE,standard,263,0.522,0.223,0,0,Wednesday,2024,0
US,USD,NGN,web,-167.33,167.33,9999.99,1111.111111,FALSE,standard,147,-0.1,0.391,0,0.25,Wednesday,2024,0
US,USD,EUR,ATM,203.49,203.49,4.05,0.925926,FALSE,standard,298,0.336,0.166,4,0,Wednesday,2024,0
CA,CAD,USD,ATM,136.48,100.99,2.45,0.74,FALSE,low,824,0.607,0.282,0,0,Wednesday,2024,0
US,USD,USD,mobile,461.79,461.79,7.23,1,TRUE,enhanced,257,0.894,0.257,0,0,Wednesday,2024,0
US,USD,CNY,mobile,9997.83,9997.83,152.15,7.142857,FALSE,standard,1018,0.934,0.087,0,0,Wednesday,2024,0
US,USD,EUR,mobile,140.94,140.94,3.34,0.925926,FALSE,standard,263,0.522,0.223,1,0,Wednesday,2024,0
UK,GBP,CAD,mobile,216.53,270.67,4.06,1.689189,FALSE,standard,4,0.892,0.407,0,0,Wednesday,2024,0
US,USD,CNY,mobile,-118.63,118.63,9999.99,7.142857,FALSE,enhanced,367,-0.1,0.176,0,0,Thursday,2024,0
US,USD,CNY,mobile,270.88,270.88,4.47,7.142857,FALSE,enhanced,367,0.789,0.176,0,0,Thursday,2024,0
US,USD,USD,mobile,108.94,108.94,1.93,1,FALSE,standard,298,0.336,0.166,0,0,Thursday,2024,0
UK,GBP,CAD,mobile,68.6,85.75,2.17,1.689189,FALSE,standard,718,0.953,0.169,0,0,Thursday,2024,0
US,USD,INR,mobile,146.64,146.64,3.29,83.333333,FALSE,standard,1016,0.944,0.247,0,0,Thursday,2024,0
CA,CAD,NGN,mobile,92.7,410.97,110.92,822.222222,FALSE,unknown,947,0.68,0.268,0,0,Thursday,2024,0
UK,GBP,GBP,web,220.99,276.24,4.16,1,TRUE,standard,4,0.742,0.407,0,0,Thursday,2024,1
US,USD,NGN,mobile,93.91,93.91,2.88,1111.111111,FALSE,standard,1018,0.934,0.087,0,0.25,Friday,2024,0
US,USD,USD,mobile,133.83,133.83,2.44,1,FALSE,enhanced,257,0.894,0.257,0,0,Friday,2024,0
UK,GBP,INR,web,235.25,410.97,110.92,104.166667,FALSE,unknown,4,0.68,0.407,0,0,Friday,2024,0
US,USD,CNY,web,96.8,96.8,3.01,7.142857,FALSE,standard,1018,0.934,0.087,0,0,Friday,2024,0
US,USD,EUR,mobile,84.11,84.11,2.27,0.925926,FALSE,enhanced,367,0.939,0.176,0,0,Friday,2024,0
US,USD,USD,ATM,227.6,227.6,4.43,1,FALSE,standard,263,0.522,0.223,0,0,Friday,2024,0
US,USD,CNY,mobile,186.43,186.43,3.75,7.142857,FALSE,enhanced,367,0.939,0.176,0,0,Friday,2024,0
US,USD,NGN,mobile,167.21,167.21,2.91,1111.111111,TRUE,standard,298,0.336,0.166,0,0.25,Friday,2024,0
US,USD,GBP,mobile,598.3,598.3,9.84,0.8,FALSE,enhanced,367,0.939,0.176,0,0,Friday,2024,0
US,USD,GBP,mobile,93.66,93.66,2.52,0.8,FALSE,standard,147,0.551,0.391,0,0,Friday,2024,0
US,USD,INR,mobile,661.54,661.54,10.9,83.333333,TRUE,standard,1018,0.934,0.087,0,0,Friday,2024,0
US,USD,CNY,mobile,49.87,49.87,1.91,7.142857,FALSE,standard,298,0.336,0.166,0,0,Saturday,2024,0
UK,GBP,INR,mobile,107.79,134.74,2.21,104.166667,FALSE,standard,4,0.892,0.407,0,0,Saturday,2024,0
UK,GBP,MXN,web,90.47,113.09,2.46,21.551724,FALSE,standard,718,0.953,0.169,0,0,Saturday,2024,0
UK,GBP,PHP,mobile,450.83,563.54,8.08,73.529412,FALSE,standard,4,0.742,0.407,0,0,Saturday,2024,0
CA,CAD,CNY,weeb,66.16,48.96,2.48,5.285714,FALSE,standard,947,0.625,0.268,1,0,Saturday,2024,0
US,USD,CNY,mobile,300.99,300.99,4.61,7.142857,FALSE,standard,147,0.551,0.391,0,0,Sunday,2024,0
US,USD,GBP,ATM,223.95,223.95,4.09,0.8,FALSE,enhanced,367,0.939,0.176,0,0,Sunday,2024,0
US,USD,EUR,ATM,176.66,176.66,3.5,0.925926,FALSE,standard,147,0.551,0.391,0,0,Sunday,2024,0
US,USD,NGN,mobile,536.73,536.73,8.95,1111.111111,FALSE,standard,1018,0.934,0.087,0,0.25,Sunday,2024,0
US,USD,GBP,web,24.83,24.83,1.49,0.8,FALSE,standard,298,0.336,0.166,0,0,Sunday,2024,0
US,USD,EUR,ATM,9991.38,9991.38,151.85,0.925926,TRUE,standard,1018,0.934,0.087,0,0,Sunday,2024,0
US,USD,GBP,mobile,79.22,79.22,2.22,0.8,FALSE,standard,298,0.336,0.166,0,0,Monday,2024,0
US,USD,CNY,mobile,234.25,234.25,4.2,7.142857,TRUE,enhanced,367,0.939,0.176,0,0,Monday,2024,0
US,USD,EUR,mobile,63.86,63.86,1.67,0.925926,TRUE,standard,298,0.336,0.166,4,0,-1,0,0
US,USD,GBP,web,149.55,149.55,4.41,0.8,FALSE,standard,298,0.336,0.166,0,0,Monday,2024,0
US,USD,INR,ATm,37.48,37.48,0.53,83.333333,FALSE,unknown,367,0.939,0.176,0,0,Monday,2024,0
CA,CAD,CNY,mobile,61.2,45.29,2.48,5.285714,FALSE,standard,725,0.824,0.212,0,0,Monday,2024,0
US,USD,INR,mobile,275.46,275.46,5.11,83.333333,FALSE,standard,147,0.551,0.391,0,0,Monday,2024,0
US,USD,CAD,mobile,48.99,410.97,110.92,1.351351,FALSE,unknown,298,0.68,0.166,0,0,Monday,2024,0
US,USD,INR,mobile,196.68,196.68,3.09,83.333333,FALSE,enhanced,367,0.939,0.176,0,0,Monday,2024,0
UK,GBP,CAD,mobile,102.1,410.97,110.92,1.689189,FALSE,unknown,208,0.68,0.294,0,0,Tuesday,2024,0
CA,CAD,NGN,mobile,316.64,234.32,5.83,822.222222,FALSE,standard,172,0.881,0.199,0,0,Tuesday,2024,0
CA,CAD,MXN,web,36.8,27.23,1.65,12.758621,TRUE,low,824,0.607,0.282,0,0,Tuesday,2024,0
US,USD,PHP,mobile,65.77,65.77,1.63,58.823529,FALSE,standard,263,0.522,0.223,1,0.1,Tuesday,2024,0
US,USD,NGN,mobile,126.26,126.26,3.02,1111.111111,TRUE,standard,298,0.336,0.166,0,0.25,Tuesday,2024,0
CA,CAD,CNY,web,240.71,178.12,4.34,5.285714,FALSE,low,615,0.515,0.355,0,0,Tuesday,2024,0
US,USD,GBP,mobile,112.59,112.59,3.07,0.8,FALSE,standard,298,0.336,0.166,0,0,Tuesday,2024,0
UK,GBP,CNY,ATM,211.12,263.9,4.53,8.928571,FALSE,standard,4,0.892,0.407,0,0,Tuesday,2024,0
US,USD,INR,web,36.94,36.94,2.38,83.333333,FALSE,standard,298,0.336,0.166,0,0,Tuesday,2024,0
US,USD,INR,mobile,174.79,174.79,3.1,83.333333,FALSE,standard,298,0.336,0.166,0,0,Wednesday,2024,0
US,USD,CNY,mobile,101.15,101.15,2.17,7.142857,FALSE,standard,298,0.336,0.166,0,0,Wednesday,2024,0
US,USD,MXN,mobile,53.91,410.97,110.92,17.241379,FALSE,unknown,298,0.68,0.166,0,0.2,Wednesday,2024,0
US,USD,CAD,mobile,621.85,621.85,11.38,1.351351,FALSE,standard,147,0.551,0.391,1,0,Wednesday,2024,0
UK,GBP,MXN,mobile,110.53,138.17,2.83,21.551724,FALSE,low,704,0.515,0.283,0,0,Wednesday,2024,0
US,USD,NGN,mobile,183.96,183.96,3.13,1111.111111,FALSE,standard,638,0.839,0.244,0,0.25,Wednesday,2024,0
US,USD,MXN,mobile,9990.81,9990.81,150.97,17.241379,FALSE,enhanced,367,0.939,0.176,0,0.2,Wednesday,2024,0
UK,GBP,GBP,mobile,141.52,176.9,-1,1,TRUE,standard,4,-0.1,0.407,0,0,Wednesday,2024,0
US,USD,NGN,mobile,80.68,80.68,2.04,1111.111111,FALSE,standard,1018,0.934,0.087,1,0.25,Wednesday,2024,0
US,USD,USD,mobile,102.09,102.09,2.35,1,FALSE,standard,830,0.799,0.102,0,0,Wednesday,2024,0
UK,GBP,MXN,mobile,171.89,214.86,3.23,21.551724,FALSE,standard,4,0.892,0.407,0,0,Wednesday,2024,0
US,USD,GBP,mobile,243.23,243.23,4.7,0.8,FALSE,standard,263,0.522,0.223,0,0,Wednesday,2024,0
US,USD,INR,ATM,102.09,102.09,3.13,83.333333,FALSE,standard,147,0.401,0.391,0,0,Wednesday,2024,0
UK,GBP,CAD,ATM,178.89,223.61,3.44,1.689189,FALSE,standard,4,0.742,0.407,0,0,Wednesday,2024,0
US,USD,CAD,web,52.7,52.7,2.16,1.351351,FALSE,standard,1016,0.944,0.247,0,0,Wednesday,2024,0
US,USD,CAD,mobile,88.73,88.73,1.38,1.351351,FALSE,standard,1018,0.934,0.087,0,0,Wednesday,2024,0
US,USD,INR,web,57.79,57.79,2.07,83.333333,FALSE,standard,1018,0.934,0.087,0,0,Wednesday,2024,0
US,USD,GBP,mobile,61.98,61.98,1.71,0.8,TRUE,standard,298,0.336,0.166,0,0,Wednesday,2024,0
UK,GBP,CNY,web,168.14,210.18,3.33,8.928571,FALSE,standard,4,0.892,0.407,0,0,Thursday,2024,1
UK,GBP,INR,ATM,68.08,85.09,2.25,104.166667,TRUE,standard,4,0.892,0.407,0,0,-1,0,0
UK,GBP,PHP,web,102.02,127.53,-1,73.529412,FALSE,standard,4,-0.1,0.407,0,0,Thursday,2024,0
US,USD,CAD,mobile,397.94,397.94,6.98,1.351351,FALSE,enhanced,367,0.939,0.176,0,0,Thursday,2024,0
US,USD,CAD,mobile,260.58,260.58,4.43,1.351351,FALSE,standard,298,0.336,0.166,0,0,Thursday,2024,0
US,USD,USD,mobile,113.46,113.46,3.08,1,FALSE,standard,263,0.522,0.223,0,0,Thursday,2024,0
US,USD,USD,web,59.24,59.24,0.6,1,TRUE,standard,263,0.522,0.223,0,0,Thursday,2024,0
US,USD,CNY,mobile,353.42,353.42,6.9,7.142857,FALSE,standard,1016,0.794,0.247,1,0,Thursday,2024,0
US,USD,USD,ATM,310.02,310.02,6.6,1,FALSE,standard,298,0.336,0.166,0,0,Friday,2024,0
UK,GBP,NGN,web,248.97,311.21,4.79,1388.888889,FALSE,standard,4,0.892,0.407,0,0.22,Friday,2024,0
US,USD,USD,ATM,50.94,50.94,1.4,1,FALSE,enhanced,367,0.939,0.176,0,0,Friday,2024,0
 US  ,USD,CAD, ATM  ,56.74,56.74,1.31,1.351351,FALSE,enhanced,257,0.894,0.257,1,0,Friday,2024,0
UK,GBP,GBP,mobile,156.67,195.84,2.68,1,FALSE,standard,4,0.892,0.407,0,0,Friday,2024,1
CA,CAD,INR,mobile,116.94,86.54,1.91,61.666667,FALSE,standard,947,0.625,0.268,1,0.12,Saturday,2024,0
US,USD,CAD,web,44.77,44.77,2.2,1.351351,FALSE,enhanced,367,0.939,0.176,0,0,Saturday,2024,0
US,USD,INR,mobile,78.94,78.94,2.43,83.333333,FALSE,enhanced,257,0.894,0.257,0,0,Saturday,2024,0
UK,GBP,CAD,web,26.33,32.91,1.4,1.689189,FALSE,standard,4,0.892,0.407,0,0,Saturday,2024,0
US,USD,CNY,web,190.27,190.27,4.62,7.142857,FALSE,standard,263,0.522,0.223,0,0,Saturday,2024,0
CA,CAD,CAD,mobile,81.37,60.21,1.86,1,TRUE,standard,1041,0.867,0.245,0,0,Saturday,2024,0
UK,GBP,CAD,web,144.39,180.49,3.39,1.689189,FALSE,standard,4,0.892,0.407,0,0,Saturday,2024,0
US,USD,USD,mobile,159.83,159.83,3.29,1,FALSE,enhanced,257,0.894,0.257,0,0,Saturday,2024,0
UK,GBP,MXN,mobile,134.84,168.55,3.44,21.551724,FALSE,standard,4,0.892,0.407,0,0,Sunday,2024,0
US,USD,EUR,mobile,206.66,206.66,4.39,0.925926,FALSE,standard,263,0.372,0.223,0,0,Sunday,2024,0
CA,CAD,EUR,web,248.1,183.59,4.75,0.685185,FALSE,standard,1041,0.867,0.245,0,0,Sunday,2024,0
CA,CAD,NGN,mobile,341.95,253.04,6.28,822.222222,FALSE,standard,947,0.625,0.268,0,0,Sunday,2024,0
CA,CAD,GBP,ATM,900.74,666.55,14.04,0.592,FALSE,standard,947,0.625,0.268,0,0,Sunday,2024,0
US,USD,EUR,web,67.78,410.97,110.92,0.925926,FALSE,unknown,367,0.68,0.176,0,0,Sunday,2024,0
US,USD,INR,mobile,24.88,24.88,2.27,83.333333,FALSE,standard,298,0.336,0.166,0,0,Sunday,2024,1
US,USD,NGN,ATM,120.03,120.03,2.13,1111.111111,FALSE,standard,263,0.522,0.223,0,0.25,Monday,2024,0
US,USD,USD,mobile,223.75,223.75,4.47,1,TRUE,low,954,0.576,0.332,0,0,Monday,2024,0
US,USD,INR,mobile,55.34,55.34,1.87,83.333333,FALSE,standard,263,0.522,0.223,0,0,Monday,2024,0
US,USD,CAD,mobile,38.49,38.49,1.76,1.351351,FALSE,enhanced,367,0.789,0.176,0,0,Monday,2024,0
US,USD,CAD,mobile,14.46,14.46,0.91,1.351351,FALSE,standard,298,0.336,0.166,0,0,Monday,2024,0
US,USD,GBP,web,78.49,78.49,2.02,0.8,FALSE,low,616,0.702,0.361,1,0,Monday,2024,0
UK,GBP,USD,web,-121.34,151.67,9999.99,1.25,TRUE,standard,4,-0.1,0.407,1,0,Monday,2024,0
US,USD,GBP,ATM,163.67,163.67,3.85,0.8,FALSE,standard,34,0.427,0.068,0,0,Monday,2024,0
US,USD,USD,weeb,510.91,510.91,8.31,1,FALSE,standard,263,0.522,0.223,6,0,Tuesday,2024,0
US,USD,INR,mobile,149.53,149.53,3.13,83.333333,FALSE,standard,263,0.522,0.223,0,0,Tuesday,2024,0
US,USD,GBP,web,24.69,24.69,1.12,0.8,FALSE,standard,298,0.336,0.166,0,0,Tuesday,2024,0
US,USD,PHP,mobile,306.39,306.39,5.83,58.823529,FALSE,standard,1018,0.934,0.087,0,0.1,Tuesday,2024,0
CA,CAD,MXN,web,314.8,232.95,5.84,12.758621,FALSE,low,615,0.515,0.355,0,0,Tuesday,2024,0
US,USD,NGN,mobile,276.6,276.6,4.93,1111.111111,FALSE,enhanced,257,0.894,0.257,0,0.25,Tuesday,2024,0
US,USD,USD,web,123.28,123.28,2.78,1,FALSE,standard,263,0.522,0.223,0,0,Tuesday,2024,0
US,USD,PHP,ATM,83.09,83.09,2.18,58.823529,FALSE,standard,1018,0.934,0.087,0,0.1,Tuesday,2024,0
US,USD,MXN,mobile,43.8,43.8,1.54,17.241379,FALSE,standard,1018,0.934,0.087,0,0.2,Tuesday,2024,0
US,USD,NGN,web,316.97,316.97,6.04,1111.111111,FALSE,enhanced,257,0.894,0.257,0,0.25,Tuesday,2024,0
US,USD,INR,web,71.87,71.87,2.23,83.333333,FALSE,standard,263,0.522,0.223,0,0,Tuesday,2024,0
US,USD,EUR,web,152.32,152.32,2.77,0.925926,FALSE,standard,298,0.336,0.166,0,0,Wednesday,2024,0
US,USD,NGN,mobile,303.19,303.19,6.25,1111.111111,FALSE,standard,263,0.522,0.223,0,0.25,Wednesday,2024,0
UK,GBP,PHP,mobile,147.44,184.3,2.93,73.529412,FALSE,standard,4,0.892,0.407,0,0,Wednesday,2024,0
US,USD,CNY,web,292.23,292.23,4.87,7.142857,FALSE,standard,298,0.336,0.166,0,0,Wednesday,2024,0
US,USD,NGN,web,67.55,67.55,2.35,1111.111111,FALSE,standard,1018,0.934,0.087,0,0.25,Wednesday,2024,0
US,USD,CNY,ATM,331.66,331.66,5.51,7.142857,FALSE,standard,859,0.96,0.363,0,0,Wednesday,2024,0
UK,GBP,INR,web,128.87,161.09,3.27,104.166667,TRUE,standard,4,0.892,0.407,0,0,Wednesday,2024,1
UK,GBP,CAD,mobile,128.19,160.23,3.2,1.689189,FALSE,standard,4,0.892,0.407,1,0,Thursday,2024,0
US,USD,NGN,web,126.01,126.01,2.96,1111.111111,FALSE,enhanced,367,0.789,0.176,0,0.25,Thursday,2024,0
US,USD,INR,ATM,324.75,324.75,5.37,83.333333,FALSE,standard,147,0.551,0.391,0,0,Thursday,2024,0
US,USD,EUR,web,222.81,222.81,4.55,0.925926,FALSE,enhanced,367,0.939,0.176,0,0,Thursday,2024,0
US,USD,CNY,web,98.92,98.92,1.3,7.142857,FALSE,standard,263,0.522,0.223,0,0,Thursday,2024,0
US,USD,CNY,ATM,83.2,83.2,2.57,7.142857,FALSE,standard,34,0.427,0.068,0,0,Thursday,2024,0
CA,CAD,GBP,web,511.18,378.28,9.57,0.592,FALSE,standard,947,0.625,0.268,0,0,Thursday,2024,0
US,USD,EUR,mobile,861.18,861.18,14.41,0.925926,FALSE,standard,147,0.551,0.391,0,0,Thursday,2024,0
UK,GBP,CAD,mobile,50.87,63.59,2.06,1.689189,FALSE,standard,4,0.892,0.407,0,0,Thursday,2024,0
US,USD,PHP,web,165.18,165.18,3.34,58.823529,TRUE,standard,147,0.551,0.391,0,0.1,Thursday,2024,0
US,USD,USD,web,77.43,77.43,3.62,1,FALSE,low,242,0.333,0.263,1,0,Thursday,2024,0
US,USD,PHP,web,42.48,42.48,2.29,58.823529,FALSE,standard,263,0.522,0.223,0,0.1,Thursday,2024,0
US,USD,INR,ATM,339.41,339.41,5.64,83.333333,FALSE,standard,263,0.522,0.223,0,0,Thursday,2024,0
US,USD,GBP,mobile,211.37,211.37,4.43,0.8,FALSE,standard,263,0.522,0.223,0,0,Thursday,2024,0
US,USD,PHP,web,461.34,461.34,8.01,58.823529,FALSE,standard,263,0.522,0.223,0,0.1,Thursday,2024,0
US,USD,NGN,mobile,133.94,133.94,3.6,1111.111111,FALSE,standard,1018,0.934,0.087,0,0.25,Thursday,2024,0
US,USD,USD,web,563.22,563.22,9.08,1,FALSE,standard,147,0.551,0.391,6,0,Friday,2024,0
US,USD,NGN,mobile,377.48,377.48,6.19,1111.111111,FALSE,enhanced,367,0.939,0.176,0,0.25,Friday,2024,0
CA,CAD,USD, web  ,167.6,124.02,3.13,0.74,FALSE,low,824,0.607,0.282,1,0,Friday,2024,0
US,USD,EUR,mobile,55.57,55.57,2.51,0.925926,FALSE,enhanced,257,0.894,0.257,0,0,Friday,2024,0
CA,CAD,USD,mobile,92.84,68.7,2.55,0.74,FALSE,standard,947,0.625,0.268,0,0,Saturday,2024,0
US,USD,MXN,mobile,349.59,349.59,6.87,17.241379,FALSE,standard,298,0.186,0.166,6,0.2,Saturday,2024,0
US,USD,NGN,mobile,315.85,315.85,5.17,1111.111111,FALSE,low,616,0.702,0.361,0,0.25,Saturday,2024,0
 US  ,USD,INR,mobille,231.19,231.19,4.4,83.333333,FALSE,standard,147,0.551,0.391,0,0,Saturday,2024,0
US,USD,CNY,web,105.51,105.51,2.61,7.142857,FALSE,standard,263,0.522,0.223,0,0,Saturday,2024,0
US,USD,CNY,mobile,28.99,28.99,1.86,7.142857,FALSE,standard,1016,0.944,0.247,0,0,Saturday,2024,0
UK,GBP,CAD,web,103.17,128.96,4.07,1.689189,FALSE,standard,4,0.892,0.407,0,0,Saturday,2024,0
US,USD,EUR,web,144.42,144.42,2.91,0.925926,FALSE,enhanced,257,0.894,0.257,0,0,Saturday,2024,0
US,USD,CAD,mobile,593.19,593.19,9.93,1.351351,FALSE,standard,263,0.522,0.223,0,0,Saturday,2024,0
US,USD,EUR,mobile,215.35,215.35,3.86,0.925926,FALSE,standard,263,0.522,0.223,0,0,Saturday,2024,0
US,USD,NGN,mobile,44.32,410.97,110.92,1111.111111,FALSE,unknown,661,0.68,0.259,0,0.25,Saturday,2024,0
US,USD,PHP,mobile,65.61,65.61,1.77,58.823529,FALSE,enhanced,367,0.939,0.176,0,0.1,Saturday,2024,0
US,USD,NGN,web,178.49,178.49,3.97,1111.111111,FALSE,enhanced,257,0.894,0.257,0,0.25,Saturday,2024,0
UK,GBP,MXN,mobile,64.32,80.4,1.18,21.551724,FALSE,standard,781,0.377,0.489,1,0,Sunday,2024,0
US,USD,NGN,mobile,510.77,510.77,8.25,1111.111111,TRUE,standard,263,0.522,0.223,0,0.25,Sunday,2024,0
CA,CAD,GBP,mobile,102.79,76.06,3.23,0.592,TRUE,standard,1041,0.867,0.245,0,0,Sunday,2024,0
US,USD,GBP,mobile,52.86,52.86,1.58,0.8,FALSE,standard,298,0.186,0.166,0,0,Sunday,2024,0
US,USD,INR,mobile,100.42,100.42,2.95,83.333333,FALSE,standard,1016,0.794,0.247,0,0,Sunday,2024,0
CA,CAD,EUR,mobile,176.2,130.39,4.44,0.685185,FALSE,standard,1041,0.867,0.245,0,0,Sunday,2024,0
US,USD,PHP,mobile,453.86,453.86,7.45,58.823529,FALSE,standard,1018,0.934,0.087,0,0.1,Sunday,2024,0
UK,GBP,INR,mobile,124.68,155.85,3.08,104.166667,FALSE,standard,4,0.892,0.407,0,0,Sunday,2024,0
US,USD,CAD,mobile,43.27,43.27,2.35,1.351351,FALSE,standard,263,0.522,0.223,0,0,Sunday,2024,0
US,USD,USD,mobile,61.98,61.98,2.37,1,FALSE,standard,263,0.522,0.223,0,0,Sunday,2024,0
US,USD,NGN,web,348.46,348.46,6.44,1111.111111,FALSE,enhanced,367,0.939,0.176,0,0.25,Monday,2024,0
US,USD,INR,mobile,137.69,137.69,3.07,83.333333,FALSE,enhanced,367,0.939,0.176,0,0,Monday,2024,0
US,USD,PHP,mobile,41.92,41.92,1.25,58.823529,FALSE,standard,1016,0.944,0.247,0,0.1,Monday,2024,0
US,USD,INR,mobile,124.98,124.98,3.36,83.333333,TRUE,enhanced,257,0.894,0.257,0,0,Monday,2024,0
US,USD,GBP,web,632.65,632.65,9.34,0.8,FALSE,standard,1018,0.934,0.087,0,0,Monday,2024,0
US,USD,USD,web,320.12,320.12,5.87,1,FALSE,standard,1018,0.784,0.087,1,0,Monday,2024,0
unknown,GBP,NGN, web  ,188.5,235.62,5.1,1388.888889,FALSE,standard,4,0.892,0.407,1,0.22,Monday,2024,0
US,USD,USD,mobile,378.44,378.44,6.23,1,FALSE,standard,263,0.522,0.223,1,0,Monday,2024,1
UK,GBP,GBP,web,9991.17,12488.97,150.93,1,FALSE,standard,718,0.953,0.169,0,0,Monday,2024,0
US,USD,CNY,ATM,45.02,45.02,1.38,7.142857,FALSE,standard,34,0.427,0.068,0,0,Monday,2024,1
US,USD,GBP,web,209.9,410.97,110.92,0.8,FALSE,unknown,367,0.68,0.176,0,0,Monday,2024,0
US,USD,GBP,mobile,113.09,113.09,2.68,0.8,FALSE,standard,1018,0.784,0.087,0,0,Tuesday,2024,0
US,USD,CAD,mobile,285.61,285.61,5.23,1.351351,FALSE,standard,263,0.522,0.223,0,0,Tuesday,2024,0
US,USD,NGN,mobile,764.65,764.65,11.92,1111.111111,FALSE,standard,1018,0.934,0.087,0,0.25,Tuesday,2024,0
US,USD,NGN,mobile,311.44,311.44,5.95,1111.111111,FALSE,enhanced,367,0.939,0.176,0,0.25,Tuesday,2024,0
US,USD,CAD,web,15.93,15.93,1.06,1.351351,FALSE,standard,1018,0.784,0.087,0,0,Tuesday,2024,0
unknown,USD,NGN,ATm,415.61,415.61,8.17,1111.111111,FALSE,standard,298,0.336,0.166,0,0.25,Tuesday,2024,0
US,USD,CNY,mobile,142.62,142.62,3.38,7.142857,FALSE,standard,1018,0.934,0.087,0,0,Tuesday,2024,1
US,USD,INR,mobile,97.13,410.97,110.92,83.333333,FALSE,unknown,263,0.68,0.223,0,0,Tuesday,2024,0
UK,GBP,MXN,mobile,84.87,106.09,2.69,21.551724,FALSE,standard,4,0.892,0.407,0,0,Wednesday,2024,0
UK,GBP,PHP,mobile,205.03,256.29,3.52,73.529412,FALSE,standard,4,0.892,0.407,0,0,Wednesday,2024,0
CA,CAD,USD,web,143.75,106.38,3.41,0.74,FALSE,low,615,0.515,0.355,0,0,Wednesday,2024,0
CA,CAD,GBP,web,337.11,249.46,6.25,0.592,TRUE,enhanced,740,0.777,0.179,0,0,Wednesday,2024,0
US,USD,GBP,web,48.78,48.78,2.19,0.8,FALSE,standard,263,0.522,0.223,2,0,Wednesday,2024,0
US,USD,EUR,mobile,164.76,164.76,3.75,0.925926,FALSE,standard,1058,0.923,0.139,0,0,Wednesday,2024,0
UK,GBP,GBP,mobile,-204.51,255.64,9999.99,1,FALSE,standard,102,-0.1,0.394,0,0,Wednesday,2024,0
CA,CAD,CAD,mobile,407.9,301.84,6.9,1,FALSE,standard,1041,0.867,0.245,0,0,Wednesday,2024,0
CA,CAD,NGN,mobile,107.95,79.88,3.4,822.222222,FALSE,low,824,0.607,0.282,0,0,Wednesday,2024,0
US,USD,EUR,mobile,171.85,171.85,3.81,0.925926,FALSE,standard,830,0.799,0.102,0,0,Wednesday,2024,0
UK,GBP,GBP,web,172.06,215.07,3.16,1,FALSE,standard,4,0.892,0.407,0,0,Wednesday,2024,0
US,USD,EUR,mobile,112.4,112.4,2.17,0.925926,FALSE,standard,298,0.336,0.166,0,0,Wednesday,2024,0
US,USD,GBP,web,153.68,153.68,3.39,0.8,FALSE,standard,1018,0.934,0.087,1,0,Thursday,2024,0
US,USD,CNY,web,69.91,69.91,2.44,7.142857,FALSE,standard,298,0.186,0.166,0,0,Thursday,2024,0
UK,GBP,PHP,mobile,42.7,53.37,2,73.529412,TRUE,standard,4,0.892,0.407,0,0,Thursday,2024,0
US,USD,INR,mobile,274.41,274.41,4.95,83.333333,FALSE,enhanced,661,0.92,0.259,0,0,Thursday,2024,0
CA,CAD,MXN,mobile,181.51,134.31,4.47,12.758621,FALSE,low,615,0.515,0.355,0,0,Thursday,2024,0
US,USD,CAD,web,86.03,86.03,2.13,1.351351,FALSE,enhanced,257,0.894,0.257,0,0,Thursday,2024,0
US,USD,USD,web,111.13,111.13,2.96,1,FALSE,standard,1016,0.944,0.247,0,0,Thursday,2024,0
US,USD,INR,mobile,56.33,410.97,110.92,83.333333,FALSE,unknown,367,0.68,0.176,0,0,Thursday,2024,0
US,USD,EUR,web,213.83,213.83,3.87,0.925926,FALSE,standard,1018,0.934,0.087,0,0,Thursday,2024,0
US,USD,CNY,mobile,124.09,124.09,2.69,7.142857,FALSE,standard,147,0.551,0.391,0,0,Thursday,2024,0
US,USD,INR,mobile,117.21,117.21,2.57,83.333333,FALSE,standard,298,0.336,0.166,0,0,Thursday,2024,0
US,USD,CAD,web,167.72,167.72,2.91,1.351351,FALSE,standard,1018,0.934,0.087,1,0,Friday,2024,0
US,USD,MXN,web,107.36,107.36,1.88,17.241379,TRUE,standard,1016,0.944,0.247,0,0.2,Friday,2024,0
US,USD,CAD,web,57.95,57.95,1.62,1.351351,FALSE,enhanced,257,0.894,0.257,0,0,Friday,2024,0
UK,GBP,CNY,web,82.45,103.06,2.31,8.928571,FALSE,standard,4,0.892,0.407,0,0,Friday,2024,1
US,USD,NGN,mobile,289.14,289.14,5.3,1111.111111,FALSE,standard,1018,0.934,0.087,0,0.25,Friday,2024,0
US,USD,CNY,mobile,49.5,49.5,-1,7.142857,FALSE,standard,298,-0.1,0.166,0,0,Friday,2024,0
US,USD,CAD,mobile,263.88,263.88,5.43,1.351351,FALSE,standard,147,0.551,0.391,1,0,Friday,2024,0
unknown,USD,CNY, ATM  ,26.74,26.74,1.69,7.142857,FALSE,enhanced,367,0.939,0.176,0,0,Friday,2024,0
UK,GBP,INR,mobile,109.76,137.2,2.5,104.166667,FALSE,standard,4,0.892,0.407,0,0,Friday,2024,0
CA,CAD,INR,mobile,336.49,249,5.06,61.666667,FALSE,standard,947,0.475,0.268,0,0.12,Friday,2024,0
UK,GBP,CAD,mobile,92.59,115.74,1.65,1.689189,FALSE,standard,4,0.892,0.407,0,0,-1,0,0
CA,CAD,CNY,mobile,172.99,128.02,3.75,5.285714,FALSE,standard,947,0.625,0.268,0,0,Saturday,2024,0
US,USD,USD,web,-121.22,121.22,9999.99,1,TRUE,standard,147,-0.1,0.391,0,0,Saturday,2024,0
CA,CAD,NGN,web,119.79,88.65,2.44,822.222222,TRUE,standard,1041,0.867,0.245,0,0,Saturday,2024,0
US,USD,INR,ATM,158.39,158.39,3.21,83.333333,FALSE,standard,298,0.336,0.166,0,0,Saturday,2024,0
US,USD,GBP,web,133.73,133.73,2.73,0.8,FALSE,standard,147,0.551,0.391,0,0,Saturday,2024,0
US,USD,CNY,mobile,91.08,91.08,2.29,7.142857,TRUE,standard,263,0.522,0.223,0,0,Saturday,2024,0
US,USD,NGN,ATM,405.09,405.09,7.85,1111.111111,FALSE,standard,34,0.427,0.068,0,0.25,Sunday,2024,0
US,USD,USD,web,518.33,518.33,9.23,1,FALSE,enhanced,257,0.894,0.257,0,0,Sunday,2024,0
CA,CAD,USD,mobile,124.32,91.99,2.36,0.74,FALSE,standard,947,0.625,0.268,0,0,Sunday,2024,0
US,USD,INR,mobile,59.34,59.34,2.52,83.333333,FALSE,standard,1018,0.934,0.087,0,0,Sunday,2024,0
US,USD,INR,mobile,98.24,98.24,2.78,83.333333,FALSE,standard,1016,0.944,0.247,0,0,Sunday,2024,0
UK,GBP,PHP,mobile,490.61,613.27,7.74,73.529412,FALSE,standard,718,0.953,0.169,0,0,Sunday,2024,0
UK,GBP,PHP,web,229.33,286.66,4.33,73.529412,FALSE,standard,718,0.953,0.169,0,0,Sunday,2024,0
US,USD,CAD,mobile,64.25,64.25,2.59,1.351351,TRUE,standard,1018,0.784,0.087,0,0,Sunday,2024,0
US,USD,INR,mobile,182.69,182.69,2.46,83.333333,FALSE,standard,225,0.871,0.163,0,0,Sunday,2024,0
UK,GBP,PHP,web,289.8,362.25,5.1,73.529412,TRUE,standard,4,0.892,0.407,0,0,Monday,2024,0
US,USD,USD,mobile,132.8,132.8,2.62,1,FALSE,enhanced,367,0.939,0.176,0,0,Monday,2024,0
UK,GBP,INR,mobile,86.58,108.23,2.83,104.166667,FALSE,standard,4,0.892,0.407,8,0,Monday,2024,0
US,USD,NGN, mobile  ,1238.1,1238.1,19.86,1111.111111,FALSE,standard,147,0.551,0.391,0,0.25,Monday,2024,0
US,USD,CAD,ATM,106.82,106.82,2.99,1.351351,FALSE,standard,1018,0.934,0.087,0,0,Monday,2024,0
US,USD,GBP,mobile,45.48,45.48,1.93,0.8,FALSE,enhanced,367,0.939,0.176,0,0,Monday,2024,0
UK,GBP,GBP,mobile,1823.25,2279.07,27.56,1,TRUE,standard,718,0.803,0.169,0,0,Monday,2024,0
US,USD,PHP,mobile,408.01,408.01,-1,58.823529,FALSE,enhanced,367,-0.1,0.176,0,0.1,Monday,2024,0
US,USD,USD,web,39.01,39.01,1.21,1,FALSE,standard,1018,0.934,0.087,0,0,Monday,2024,0
US,USD,GBP,mobile,202.11,202.11,3.16,0.8,FALSE,standard,830,0.799,0.102,0,0,Monday,2024,0
US,USD,EUR,web,441.54,441.54,7.01,0.925926,FALSE,enhanced,257,0.894,0.257,0,0,Monday,2024,0
US,USD,EUR,web,104.16,104.16,2.6,0.925926,FALSE,enhanced,367,0.939,0.176,1,0,Monday,2024,0
US,USD,GBP,mobile,54.85,54.85,2.69,0.8,FALSE,enhanced,661,0.92,0.259,0,0,Monday,2024,0
US,USD,INR,mobille,348.85,348.85,6.84,83.333333,FALSE,standard,1018,0.784,0.087,0,0,Monday,2024,0
UK,GBP,GBP,web,219.7,274.62,3.95,1,TRUE,standard,4,0.892,0.407,0,0,Monday,2024,0
US,USD,USD,web,116.1,116.1,4.17,1,FALSE,enhanced,257,0.894,0.257,0,0,Monday,2024,0
US,USD,USD,mobile,100.54,100.54,2.22,1,FALSE,standard,263,0.522,0.223,0,0,Monday,2024,0
US,USD,INR,web,315.63,315.63,5.82,83.333333,FALSE,standard,298,0.336,0.166,1,0,Monday,2024,0
US,USD,GBP,web,306.82,306.82,6.42,0.8,FALSE,standard,298,0.336,0.166,0,0,Monday,2024,0
CA,CAD,USD,mobile,99.07,73.31,3.63,0.74,FALSE,standard,947,0.625,0.268,0,0,Tuesday,2024,0
US,USD,GBP,web,87.64,87.64,2.5,0.8,FALSE,enhanced,257,0.894,0.257,0,0,Tuesday,2024,0
US,USD,MXN,web,250.19,250.19,4.25,17.241379,FALSE,enhanced,257,0.894,0.257,0,0.2,Tuesday,2024,0
US,USD,PHP,mobile,106.04,106.04,2.1,58.823529,FALSE,standard,1058,0.923,0.139,0,0.1,Tuesday,2024,0
 US  ,USD,NGN,WEB,1135.04,410.97,110.92,1111.111111,FALSE,unknown,147,0.68,0.391,0,0.25,Tuesday,2024,0
US,USD,INR,web,55.03,55.03,1.76,83.333333,FALSE,standard,1058,0.923,0.139,0,0,Tuesday,2024,0
UK,GBP,MXN,mobile,138.22,172.78,2.86,21.551724,FALSE,standard,4,0.892,0.407,0,0,Tuesday,2024,0
UK,GBP,PHP,ATM,258.84,323.55,4.76,73.529412,FALSE,standard,718,0.953,0.169,0,0,Tuesday,2024,0
US,USD,PHP,web,80.37,80.37,2.49,58.823529,FALSE,standard,859,0.81,0.363,0,0.1,Tuesday,2024,0
US,USD,CAD,ATM,166.32,166.32,3.31,1.351351,FALSE,standard,147,0.551,0.391,0,0,Tuesday,2024,0
US,USD,PHP,mobile,-337.53,337.53,9999.99,58.823529,FALSE,standard,147,-0.1,0.391,0,0.1,Tuesday,2024,0
CA,CAD,EUR,ATM,77.93,57.67,1.86,0.685185,FALSE,standard,947,0.625,0.268,1,0,Wednesday,2024,0
US,USD,CNY,web,275.35,275.35,4.74,7.142857,FALSE,standard,298,0.336,0.166,0,0,Wednesday,2024,0
US,USD,USD,mobile,91.98,91.98,2.1,1,FALSE,enhanced,257,0.894,0.257,0,0,Wednesday,2024,0
US,USD,USD,mobile,76.93,76.93,2.09,1,TRUE,standard,298,0.336,0.166,0,0,Wednesday,2024,0
US,USD,EUR,mobile,332.6,332.6,5.66,0.925926,FALSE,standard,34,0.427,0.068,0,0,Wednesday,2024,0
CA,CAD,CAD,mobile,-91.09,67.4,9999.99,1,FALSE,low,615,-0.1,0.355,0,0,Monday,2024,1
US,USD,INR,web,271.34,271.34,5.03,83.333333,FALSE,standard,147,0.551,0.391,0,0,Wednesday,2024,0
UK,GBP,INR,mobile,329.62,412.03,6.3,104.166667,TRUE,standard,718,0.953,0.169,0,0,Wednesday,2024,0
US,USD,GBP,mobile,-306.44,306.44,9999.99,0.8,FALSE,standard,298,-0.1,0.166,0,0,Wednesday,2024,0
US,USD,INR,ATM,192.57,192.57,3.55,83.333333,FALSE,standard,147,0.551,0.391,0,0,Wednesday,2024,0
US,USD,EUR,web,327.62,327.62,5.33,0.925926,FALSE,standard,147,0.551,0.391,0,0,Wednesday,2024,0
US,USD,CAD,mobile,306.22,306.22,4.77,1.351351,FALSE,standard,1018,0.934,0.087,0,0,Wednesday,2024,0
US,USD,CAD,web,9996.78,9996.78,151.63,1.351351,FALSE,standard,298,0.336,0.166,0,0,Wednesday,2024,1
US,USD,CAD,mobile,79.46,79.46,2.16,1.351351,FALSE,standard,263,0.522,0.223,0,0,Wednesday,2024,0
 US  ,USD,GBP,mobille,216.76,216.76,4.39,0.8,FALSE,enhanced,257,0.894,0.257,1,0,Thursday,2024,0
UK,GBP,MXN,mobile,67.47,84.34,1.74,21.551724,FALSE,standard,4,0.892,0.407,0,0,Thursday,2024,0
US,USD,NGN,ATM,70.17,70.17,2.29,1111.111111,TRUE,standard,1016,0.944,0.247,0,0.25,Thursday,2024,1
US,USD,INR,mobile,29.82,29.82,1.04,83.333333,FALSE,standard,263,0.522,0.223,0,0,Thursday,2024,0
US,USD,CNY,mobile,236.34,236.34,4.88,7.142857,FALSE,standard,1016,0.944,0.247,0,0,Thursday,2024,0
US,USD,CNY,web,82.62,82.62,2.38,7.142857,FALSE,standard,1018,0.934,0.087,0,0,Thursday,2024,0
US,USD,GBP,mobile,589.53,589.53,10.58,0.8,FALSE,standard,1016,0.944,0.247,0,0,Thursday,2024,0
UK,GBP,GBP,web,500.89,626.11,8.15,1,FALSE,standard,718,0.953,0.169,0,0,Thursday,2024,0
US,USD,CNY,web,99.04,99.04,1.66,7.142857,FALSE,low,954,0.576,0.332,0,0,Thursday,2024,0
US,USD,NGN,mobile,86.98,86.98,2.48,1111.111111,TRUE,standard,263,0.372,0.223,0,0.25,Thursday,2024,0
US,USD,NGN,web,160.06,160.06,3.64,1111.111111,FALSE,standard,263,0.522,0.223,0,0.25,Thursday,2024,0
US,USD,CAD,web,149.95,149.95,3.27,1.351351,FALSE,standard,298,0.336,0.166,0,0,Thursday,2024,0
US,USD,PHP,mobile,79.24,79.24,2.37,58.823529,FALSE,enhanced,257,0.894,0.257,0,0.1,Friday,2024,0
US,USD,EUR,mobile,121.99,121.99,3.72,0.925926,FALSE,standard,147,0.551,0.391,0,0,Friday,2024,0
US,USD,USD,web,1275.59,1275.59,19.6,1,FALSE,standard,859,0.96,0.363,0,0,Friday,2024,0
US,USD,CNY,web,341.88,341.88,6.1,7.142857,FALSE,enhanced,257,0.894,0.257,0,0,Friday,2024,0
US,USD,INR,web,108.79,108.79,1.85,83.333333,FALSE,standard,1016,0.944,0.247,0,0,Friday,2024,0
US,USD,PHP,mobile,58.93,58.93,1.2,58.823529,FALSE,standard,298,0.336,0.166,0,0.1,Friday,2024,0
US,USD,NGN,mobile,58.18,58.18,2.43,1111.111111,FALSE,standard,263,0.522,0.223,0,0.25,Friday,2024,0
UK,GBP,USD,mobile,46.58,58.22,1.89,1.25,FALSE,standard,4,0.892,0.407,0,0,Friday,2024,0
US,USD,CNY,mobile,321.61,321.61,5.49,7.142857,FALSE,standard,147,0.551,0.391,0,0,Friday,2024,0
US,USD,CNY,web,955.33,955.33,15.18,7.142857,FALSE,enhanced,257,0.894,0.257,0,0,Friday,2024,0
US,USD,CNY,mobile,124.1,124.1,2.55,7.142857,FALSE,enhanced,257,0.894,0.257,0,0,Friday,2024,0
UK,GBP,EUR,web,313.53,391.91,7,1.157407,FALSE,standard,4,0.892,0.407,0,0.05,Friday,2024,0
US,USD,EUR,mobile,689.43,689.43,11.74,0.925926,FALSE,enhanced,367,0.789,0.176,0,0,Friday,2024,0
US,USD,MXN,web,179.95,179.95,3.1,17.241379,FALSE,standard,147,0.401,0.391,0,0.2,Saturday,2024,0
US,USD,GBP,mobile,288.63,288.63,5.35,0.8,FALSE,enhanced,367,0.939,0.176,0,0,Saturday,2024,0
US,USD,NGN,mobile,310.22,310.22,5.17,1111.111111,TRUE,enhanced,661,0.92,0.259,0,0.25,Saturday,2024,0
US,USD,CAD,web,399.77,399.77,7.16,1.351351,FALSE,standard,263,0.522,0.223,0,0,Saturday,2024,0
UK,GBP,MXN,mobile,208.36,260.46,4.25,21.551724,TRUE,standard,4,0.892,0.407,0,0,Saturday,2024,0
CA,CAD,CAD,web,464.39,343.65,8.68,1,FALSE,standard,947,0.625,0.268,0,0,Saturday,2024,0
US,USD,CAD,mobile,169.68,169.68,3.01,1.351351,FALSE,standard,1018,0.934,0.087,0,0,Saturday,2024,0
US,USD,PHP,web,733.71,733.71,11.32,58.823529,FALSE,standard,1016,0.944,0.247,0,0.1,Saturday,2024,0
UK,GBP,CNY,mobile,139.19,173.99,2.88,8.928571,FALSE,standard,4,0.892,0.407,0,0,Saturday,2024,0
US,USD,EUR,web,319.5,319.5,5.32,0.925926,FALSE,standard,263,0.522,0.223,0,0,Sunday,2024,0
US,USD,EUR,web,345.34,345.34,6.8,0.925926,FALSE,standard,263,0.522,0.223,0,0,Sunday,2024,0
US,USD,CAD,mobile,182.99,182.99,2.92,1.351351,FALSE,standard,263,0.522,0.223,0,0,Sunday,2024,0
US,USD,PHP,ATM,12.42,12.42,0.75,58.823529,FALSE,enhanced,367,0.939,0.176,3,0.1,Sunday,2024,0
US,USD,EUR,mobile,315.04,315.04,5.98,0.925926,FALSE,enhanced,367,0.939,0.176,0,0,Sunday,2024,0
US,USD,CNY,web,39.41,39.41,1.89,7.142857,FALSE,standard,147,0.551,0.391,0,0,Sunday,2024,0
US,USD,INR,mobile,81.35,81.35,2.14,83.333333,FALSE,enhanced,257,0.894,0.257,0,0,Sunday,2024,0
US,USD,GBP,web,173.25,173.25,3.74,0.8,FALSE,standard,1018,0.934,0.087,0,0,Sunday,2024,0
US,USD,CAD,mobile,156.87,156.87,2.96,1.351351,FALSE,enhanced,257,0.894,0.257,1,0,Sunday,2024,0
UK,GBP,PHP,mobile,9996.16,12495.2,150.98,73.529412,FALSE,low,704,0.515,0.283,0,0,Monday,2024,0
CA,CAD,USD,mobile,136.45,100.97,4.24,0.74,FALSE,standard,172,0.881,0.199,0,0,Monday,2024,0
US,USD,CNY,mobile,92.91,92.91,2.65,7.142857,FALSE,standard,1016,0.944,0.247,1,0,Monday,2024,0
US,USD,CAD,mobile,29.11,29.11,1.33,1.351351,FALSE,enhanced,367,0.939,0.176,0,0,Monday,2024,0
US,USD,CNY,mobile,90.78,90.78,3.15,7.142857,FALSE,enhanced,257,0.894,0.257,8,0,Monday,2024,0
US,USD,NGN,mobile,47.65,47.65,1.47,1111.111111,FALSE,enhanced,367,0.939,0.176,0,0.25,Monday,2024,0
US,USD,INR,web,9993.09,9993.09,152.01,83.333333,TRUE,standard,263,0.522,0.223,1,0,Monday,2024,1
US,USD,GBP,mobille,254.41,254.41,5.03,0.8,TRUE,unknown,147,0.551,0.391,0,0,Monday,2024,0
US,USD,NGN,web,238.15,238.15,5.15,1111.111111,FALSE,standard,263,0.522,0.223,0,0.25,Tuesday,2024,0
US,USD,CNY,mobile,147.31,147.31,3.27,7.142857,TRUE,low,616,0.702,0.361,0,0,Tuesday,2024,1
US,USD,INR,mobile,104.75,104.75,2.59,83.333333,FALSE,standard,263,0.522,0.223,0,0,Tuesday,2024,0
US,USD,PHP,mobile,71.01,71.01,2.41,58.823529,FALSE,standard,147,0.551,0.391,0,0.1,Tuesday,2024,0
US,USD,USD,web,149.56,149.56,3.42,1,FALSE,standard,263,0.522,0.223,0,0,Tuesday,2024,0
US,USD,EUR,mobile,54.04,54.04,1.64,0.925926,FALSE,standard,1016,0.794,0.247,0,0,Tuesday,2024,0
CA,CAD,CNY,mobile,192.65,142.56,2.96,5.285714,FALSE,low,615,0.515,0.355,0,0,Tuesday,2024,0
US,USD,INR,mobile,157.9,157.9,3.58,83.333333,FALSE,standard,1018,0.934,0.087,0,0,Tuesday,2024,0
CA,CAD,PHP,mobile,930.77,688.77,14.68,43.529412,TRUE,low,824,0.607,0.282,0,0,Tuesday,2024,0
CA,CAD,USD,mobile,138.82,102.73,2.99,0.74,FALSE,standard,272,0.792,0.048,0,0,Wednesday,2024,0
US,USD,USD,web,167.16,167.16,3.45,1,FALSE,enhanced,367,0.939,0.176,0,0,Wednesday,2024,0
US,USD,EUR,mobile,187.24,187.24,3.06,0.925926,FALSE,enhanced,367,0.939,0.176,0,0,Wednesday,2024,0
UK,GBP,INR,mobile,161.8,202.25,-1,104.166667,FALSE,standard,4,-0.1,0.407,0,0,Wednesday,2024,0
US,USD,INR,ATM,40.96,40.96,1.04,83.333333,FALSE,standard,1018,0.934,0.087,0,0,Wednesday,2024,0
US,USD,CAD,mobile,139.06,139.06,3.06,1.351351,FALSE,enhanced,257,0.894,0.257,1,0,Wednesday,2024,0
US,USD,CAD,weeb,275.84,275.84,4.32,1.351351,FALSE,standard,1018,0.934,0.087,0,0,Wednesday,2024,0
US,USD,USD,web,294.54,294.54,6.39,1,FALSE,standard,147,0.551,0.391,0,0,Wednesday,2024,0
UK,GBP,NGN,mobile,112.01,140.01,2.44,1388.888889,FALSE,standard,4,0.892,0.407,7,0.22,Wednesday,2024,1
US,USD,PHP,web,75.97,75.97,3.03,58.823529,TRUE,standard,1018,0.934,0.087,0,0.1,Wednesday,2024,0
US,USD,PHP,web,53.04,53.04,1.99,58.823529,FALSE,standard,1018,0.934,0.087,0,0.1,Wednesday,2024,0
US,USD,INR,mobile,88.24,88.24,2.52,83.333333,FALSE,enhanced,257,0.894,0.257,0,0,Wednesday,2024,0
US,USD,INR,web,125.58,125.58,3.05,83.333333,FALSE,enhanced,367,0.939,0.176,0,0,Wednesday,2024,0
US,USD,GBP,mobile,301.96,301.96,5.14,0.8,FALSE,standard,298,0.336,0.166,0,0,Wednesday,2024,0
CA,CAD,NGN,web,491.68,363.84,8.48,822.222222,FALSE,standard,725,0.824,0.212,0,0,Wednesday,2024,0
US,USD,NGN,web,148.07,148.07,2.83,1111.111111,FALSE,standard,298,0.336,0.166,0,0.25,Wednesday,2024,0
US,USD,MXN,mobile,127.16,127.16,3.16,17.241379,FALSE,standard,263,0.522,0.223,0,0.2,Wednesday,2024,0
US,USD,USD,mobile,103.89,103.89,2.47,1,FALSE,enhanced,367,0.939,0.176,0,0,Thursday,2024,0
US,USD,EUR,mobile,178.93,178.93,3.34,0.925926,FALSE,standard,298,0.336,0.166,0,0,Thursday,2024,0
CA,CAD,NGN,ATM,82.09,60.75,1.24,822.222222,FALSE,low,824,0.607,0.282,0,0,Thursday,2024,0
CA,CAD,MXN,mobile,85.93,63.58,2.53,12.758621,FALSE,low,615,0.515,0.355,0,0,Thursday,2024,0
US,USD,PHP,mobile,102.98,102.98,2.14,58.823529,FALSE,standard,1018,0.934,0.087,0,0.1,Thursday,2024,0
UK,GBP,NGN,mobile,149.92,187.4,3.29,1388.888889,FALSE,standard,4,0.892,0.407,0,0.22,Thursday,2024,0
US,USD,CAD,mobile,186.65,186.65,4.29,1.351351,FALSE,standard,147,0.551,0.391,0,0,Friday,2024,0
UK,GBP,INR,mobile,158.39,197.99,3.33,104.166667,FALSE,standard,4,0.742,0.407,0,0,Friday,2024,0
US,USD,EUR,web,224.16,224.16,4.7,0.925926,FALSE,standard,298,0.336,0.166,0,0,Friday,2024,0
US,USD,CNY,mobile,48.33,48.33,1.51,7.142857,FALSE,standard,263,0.522,0.223,0,0,Friday,2024,0
US,USD,USD,mobile,9997.08,9997.08,150.69,1,FALSE,standard,298,0.336,0.166,1,0,Friday,2024,0
US,USD,CNY,mobile,236.71,236.71,5,7.142857,FALSE,standard,147,0.551,0.391,0,0,Friday,2024,0
US,USD,CAD,mobile,47.25,47.25,1.66,1.351351,FALSE,standard,1016,0.944,0.247,0,0,Friday,2024,0
US,USD,CNY,ATM,168.98,168.98,3.64,7.142857,FALSE,standard,935,0.719,0.262,0,0,Saturday,2024,0
UK,GBP,CNY,mobile,89.82,112.27,2.61,8.928571,FALSE,standard,4,0.892,0.407,0,0,Saturday,2024,0
US,USD,NGN,mobile,311.18,311.18,5.85,1111.111111,FALSE,standard,298,0.336,0.166,0,0.25,Saturday,2024,0
UK,GBP,CNY,mobile,52.15,65.18,1.52,8.928571,TRUE,standard,4,0.892,0.407,0,0,Saturday,2024,0
US,USD,CNY,ATM,213.69,213.69,3.72,7.142857,FALSE,standard,147,0.401,0.391,0,0,Saturday,2024,0
US,USD,PHP,web,264.87,264.87,4.92,58.823529,FALSE,standard,263,0.522,0.223,4,0.1,Saturday,2024,0
UK,GBP,USD,web,687.52,859.4,11.42,1.25,FALSE,standard,4,0.892,0.407,0,0,Saturday,2024,0
US,USD,GBP,mobile,81.91,81.91,2.5,0.8,TRUE,enhanced,257,0.894,0.257,0,0,Sunday,2024,0
US,USD,NGN,web,408.21,410.97,110.92,1111.111111,FALSE,unknown,367,0.68,0.176,0,0.25,Sunday,2024,0
US,USD,INR,mobile,36.82,36.82,1.51,83.333333,FALSE,standard,147,0.401,0.391,0,0,Sunday,2024,0
US,USD,EUR,web,331.85,331.85,5.2,0.925926,FALSE,standard,147,0.551,0.391,0,0,Sunday,2024,0
US,USD,NGN,ATM,116.16,116.16,3.23,1111.111111,FALSE,standard,263,0.522,0.223,0,0.25,Sunday,2024,0
US,USD,EUR,web,96.49,96.49,2.9,0.925926,FALSE,standard,1018,0.934,0.087,0,0,Sunday,2024,0
UK,GBP,GBP,ATM,80.59,100.74,1,1,FALSE,standard,4,0.892,0.407,8,0,Sunday,2024,0
US,USD,NGN,ATM,283.2,283.2,4.26,1111.111111,FALSE,standard,34,0.427,0.068,0,0.25,Sunday,2024,0
US,USD,CNY,mobile,123.81,123.81,2.42,7.142857,FALSE,standard,1016,0.944,0.247,0,0,Sunday,2024,0
UK,GBP,CAD,mobile,336.82,421.02,6.19,1.689189,FALSE,standard,4,0.892,0.407,0,0,Monday,2024,0
US,USD,PHP,web,133.25,133.25,2.64,58.823529,FALSE,standard,1018,0.934,0.087,0,0.1,Monday,2024,0
US,USD,EUR,web,86.12,86.12,2.44,0.925926,FALSE,standard,147,0.551,0.391,0,0,Monday,2024,0
US,USD,PHP,web,105.96,105.96,2.39,58.823529,FALSE,standard,263,0.522,0.223,0,0.1,Monday,2024,0
US,USD,NGN,mobile,52.66,410.97,110.92,1111.111111,FALSE,unknown,263,0.68,0.223,0,0.25,Monday,2024,0
US,USD,USD,mobile,169.54,169.54,3.38,1,FALSE,enhanced,367,0.939,0.176,0,0,Monday,2024,0
US,USD,EUR,mobile,90.19,90.19,2.4,0.925926,FALSE,standard,298,0.336,0.166,0,0,Tuesday,2024,0
US,USD,CAD,web,104.39,104.39,2.31,1.351351,FALSE,enhanced,257,0.894,0.257,0,0,Tuesday,2024,0
US,USD,USD,web,463.33,463.33,7.59,1,FALSE,standard,147,0.551,0.391,0,0,Tuesday,2024,0
US,USD,EUR,web,373.47,373.47,7.52,0.925926,FALSE,standard,298,0.336,0.166,0,0,Tuesday,2024,0
US,USD,CAD,ATM,133.84,133.84,2.35,1.351351,FALSE,standard,298,0.336,0.166,0,0,Tuesday,2024,0
US,USD,GBP,ATM,90.05,90.05,-1,0.8,FALSE,standard,263,-0.1,0.223,0,0,Tuesday,2024,0
US,USD,GBP,web,586.85,586.85,10.01,0.8,FALSE,standard,1018,0.784,0.087,0,0,Tuesday,2024,0
CA,CAD,GBP,mobile,48.45,35.86,1.38,0.592,FALSE,standard,564,0.658,0.4,0,0,Tuesday,2024,0
US,USD,USD,mobile,58.15,58.15,2.28,1,TRUE,enhanced,257,0.894,0.257,0,0,Tuesday,2024,0
UK,GBP,PHP,ATM,143.31,179.14,3.24,73.529412,FALSE,standard,718,0.953,0.169,0,0,Tuesday,2024,0
US,USD,PHP,mobile,261.23,261.23,4.59,58.823529,FALSE,enhanced,257,0.894,0.257,1,0.1,Tuesday,2024,0
UK,GBP,GBP,web,242.28,302.85,4.26,1,FALSE,standard,4,0.892,0.407,0,0,Tuesday,2024,0
UK,GBP,NGN,web,668.34,835.43,11.23,1388.888889,TRUE,standard,1088,0.866,0.123,0,0.22,Tuesday,2024,0
US,USD,EUR,ATM,104.85,104.85,2.36,0.925926,FALSE,standard,34,0.427,0.068,0,0,-1,0,0
UK,GBP,NGN,web,-75.22,94.02,9999.99,1388.888889,FALSE,standard,4,-0.1,0.407,0,0.22,Wednesday,2024,1
US,USD,EUR,web,107.46,107.46,3.2,0.925926,FALSE,standard,1018,0.934,0.087,0,0,Wednesday,2024,0
US,USD,CAD,web,510.43,510.43,7.85,1.351351,TRUE,enhanced,257,0.894,0.257,0,0,Wednesday,2024,0
US,USD,MXN,mobile,242.93,242.93,3.91,17.241379,FALSE,standard,147,0.551,0.391,0,0.2,Thursday,2024,0
US,USD,PHP,mobile,103.02,103.02,2.34,58.823529,FALSE,standard,1018,0.934,0.087,8,0.1,Thursday,2024,0
US,USD,MXN,mobile,54.24,54.24,2.14,17.241379,FALSE,standard,298,0.336,0.166,0,0.2,Thursday,2024,0
US,USD,NGN,mobile,339.18,339.18,6.85,1111.111111,FALSE,standard,263,0.522,0.223,1,0.25,Thursday,2024,0
US,USD,EUR,mobile,353.34,353.34,7.11,0.925926,FALSE,enhanced,257,0.744,0.257,1,0,Thursday,2024,0
US,USD,INR,mobile,114.39,114.39,2.31,83.333333,FALSE,standard,263,0.522,0.223,0,0,Thursday,2024,0
CA,CAD,CAD,mobile,77.04,57.01,2.47,1,FALSE,standard,947,0.625,0.268,0,0,Thursday,2024,0
US,USD,CAD,mobile,245.09,245.09,5.08,1.351351,FALSE,standard,298,0.336,0.166,0,0,Thursday,2024,0
US,USD,USD,mobile,484.96,410.97,110.92,1,FALSE,unknown,298,0.68,0.166,0,0,Thursday,2024,0
US,USD,USD,mobile,95.37,95.37,2.35,1,FALSE,standard,1018,0.934,0.087,0,0,Thursday,2024,0
UK,GBP,NGN,mobile,60.42,75.52,2.3,1388.888889,TRUE,standard,4,0.892,0.407,0,0.22,Thursday,2024,0
UK,GBP,INR,mobile,43.31,54.13,1.3,104.166667,FALSE,standard,4,0.892,0.407,1,0,Thursday,2024,0
US,USD,INR,mobile,121.02,121.02,2.95,83.333333,FALSE,standard,1018,0.934,0.087,0,0,Thursday,2024,0
US,USD,EUR,web,142.82,142.82,2.68,0.925926,FALSE,standard,298,0.336,0.166,0,0,Friday,2024,0
US,USD,GBP,mobile,233.47,233.47,3.34,0.8,FALSE,enhanced,367,0.939,0.176,0,0,Friday,2024,0
US,USD,CNY,mobile,102.66,102.66,2.56,7.142857,FALSE,standard,298,0.336,0.166,0,0,Friday,2024,0
US,USD,GBP,web,116.38,116.38,1.92,0.8,FALSE,enhanced,257,0.894,0.257,0,0,Friday,2024,0
US,USD,CAD,mobile,140.38,140.38,2.76,1.351351,FALSE,standard,147,0.551,0.391,0,0,Friday,2024,0
US,USD,USD,ATM,678.27,678.27,11.36,1,FALSE,standard,1016,0.944,0.247,0,0,Friday,2024,0
US,USD,CAD,web,51.7,51.7,1.53,1.351351,FALSE,standard,147,0.551,0.391,0,0,Friday,2024,0
US,USD,CAD,ATM,183.26,183.26,3.52,1.351351,FALSE,enhanced,257,0.894,0.257,1,0,Saturday,2024,0
UK,GBP,MXN,web,134.84,168.55,3.39,21.551724,FALSE,standard,4,0.742,0.407,0,0,Saturday,2024,0
US,USD,EUR,mobile,272.27,272.27,4.62,0.925926,FALSE,standard,263,0.522,0.223,0,0,Wednesday,2024,0
 UK  ,GBP,MXN, mobile  ,61.03,76.29,1.74,21.551724,FALSE,standard,4,0.892,0.407,0,0,Saturday,2024,0
US,USD,USD,web,-33.67,410.97,9999.99,1,FALSE,unknown,1018,-0.1,0.087,1,0,Saturday,2024,0
CA,CAD,CNY,ATM,267.68,198.08,5.08,5.285714,FALSE,standard,172,0.731,0.199,8,0,Saturday,2024,0
US,USD,GBP,mobile,216.95,216.95,4.55,0.8,FALSE,standard,1018,0.934,0.087,0,0,Sunday,2024,0
US,USD,CAD,mobile,113.43,113.43,3.4,1.351351,FALSE,standard,263,0.522,0.223,0,0,Sunday,2024,0
US,USD,CNY,mobile,74.07,74.07,2.02,7.142857,FALSE,standard,298,0.336,0.166,0,0,-1,0,0
CA,CAD,EUR,mobile,378.69,280.23,6.54,0.685185,FALSE,low,824,0.607,0.282,0,0,Sunday,2024,1
UK,GBP,USD,web,60.54,75.68,2.29,1.25,FALSE,standard,4,0.892,0.407,1,0,Sunday,2024,0
US,USD,INR,web,191.06,191.06,4,83.333333,FALSE,standard,147,0.551,0.391,0,0,Sunday,2024,0
US,USD,GBP,mobile,84.04,84.04,3.21,0.8,FALSE,standard,1016,0.944,0.247,0,0,Sunday,2024,0
US,USD,INR,mobile,58.27,58.27,2.28,83.333333,FALSE,standard,263,0.522,0.223,0,0,Sunday,2024,0
UK,GBP,PHP,web,266.81,333.51,-1,73.529412,FALSE,standard,718,-0.1,0.169,0,0,Sunday,2024,0
US,USD,NGN,ATM,182,182,3.77,1111.111111,FALSE,enhanced,367,0.939,0.176,0,0.25,Sunday,2024,0
US,USD,NGN,WEB,140.28,140.28,3.39,1111.111111,FALSE,enhanced,257,0.894,0.257,1,0.25,Sunday,2024,0
US,USD,NGN,mobile,80.9,80.9,2.88,1111.111111,TRUE,standard,298,0.336,0.166,0,0.25,Sunday,2024,0
US,USD,NGN,mobile,174.33,174.33,4.03,1111.111111,FALSE,standard,147,0.551,0.391,0,0.25,Sunday,2024,0
UK,GBP,INR,mobile,288.02,360.03,4.77,104.166667,FALSE,standard,1088,0.866,0.123,0,0,Sunday,2024,0
US,USD,GBP,mobile,307.28,307.28,5.41,0.8,FALSE,standard,147,0.551,0.391,0,0,Monday,2024,0
US,USD,USD,mobile,185.19,185.19,3.92,1,FALSE,standard,1018,0.934,0.087,0,0,Monday,2024,0
US,USD,NGN,mobile,178.64,178.64,3.67,1111.111111,FALSE,standard,298,0.336,0.166,0,0.25,Monday,2024,0
US,USD,USD,mobile,159.04,159.04,3.16,1,FALSE,standard,263,0.522,0.223,0,0,Monday,2024,0
CA,CAD,EUR,mobile,269.93,199.75,5.39,0.685185,FALSE,low,824,0.607,0.282,0,0,Tuesday,2024,0
UK,GBP,MXN,mobile,280.51,350.64,4.72,21.551724,FALSE,standard,4,0.892,0.407,0,0,Tuesday,2024,1
US,USD,PHP,ATM,58.19,58.19,1.06,58.823529,FALSE,standard,263,0.522,0.223,0,0.1,Tuesday,2024,0
US,USD,EUR,ATM,280.68,280.68,6.12,0.925926,TRUE,standard,263,0.522,0.223,0,0,Tuesday,2024,0
US,USD,CAD,mobile,60.41,60.41,1.29,1.351351,FALSE,standard,1016,0.944,0.247,0,0,Tuesday,2024,0
US,USD,MXN,mobile,106.8,106.8,2.44,17.241379,FALSE,standard,298,0.336,0.166,0,0.2,Tuesday,2024,0
US,USD,CAD,web,71.66,71.66,2.2,1.351351,TRUE,standard,263,0.522,0.223,0,0,Tuesday,2024,0
US,USD,GBP,web,298.01,298.01,5.19,0.8,FALSE,enhanced,257,0.894,0.257,0,0,Tuesday,2024,0
US,USD,GBP,mobile,141.63,141.63,2.92,0.8,FALSE,standard,1018,0.934,0.087,6,0,Tuesday,2024,0
CA,CAD,NGN,web,103.76,76.78,2.26,822.222222,FALSE,standard,947,0.625,0.268,0,0,Wednesday,2024,0
CA,CAD,USD,mobile,83.83,62.03,1.44,0.74,FALSE,standard,947,0.625,0.268,0,0,Wednesday,2024,0
US,USD,INR,mobile,104.37,104.37,2.71,83.333333,FALSE,standard,298,0.336,0.166,0,0,Wednesday,2024,0
US,USD,INR,mobile,68.34,68.34,2.09,83.333333,FALSE,standard,263,0.522,0.223,0,0,Wednesday,2024,0
US,USD,USD,mobile,304.7,304.7,5.91,1,FALSE,standard,263,0.522,0.223,0,0,Wednesday,2024,0
US,USD,INR,mobile,134.57,134.57,3.17,83.333333,FALSE,standard,298,0.336,0.166,0,0,Wednesday,2024,0
UK,GBP,CNY,mobile,91.13,113.92,2.46,8.928571,FALSE,standard,4,0.892,0.407,0,0,Wednesday,2024,0
UK,GBP,GBP,mobile,60.18,75.22,1.56,1,FALSE,standard,4,0.892,0.407,0,0,Wednesday,2024,0
CA,CAD,MXN,web,289.86,214.5,5.45,12.758621,FALSE,low,824,0.607,0.282,0,0,Wednesday,2024,0
US,USD,EUR,mobile,147.66,147.66,2.55,0.925926,FALSE,standard,263,0.522,0.223,7,0,Thursday,2024,0
UK,GBP,CAD,ATM,79.28,99.1,2.91,1.689189,FALSE,standard,4,0.892,0.407,0,0,Thursday,2024,0
US,USD,CAD,mobile,90.12,90.12,1.79,1.351351,FALSE,standard,34,0.277,0.068,0,0,Thursday,2024,0
 UK  ,GBP,EUR,weeb,179.13,223.91,3.89,1.157407,FALSE,low,704,0.515,0.283,0,0.05,Thursday,2024,0
UK,GBP,MXN,mobile,449.29,410.97,110.92,21.551724,FALSE,unknown,4,0.68,0.407,0,0,Thursday,2024,0
US,USD,EUR,web,85.44,410.97,110.92,0.925926,FALSE,unknown,263,0.68,0.223,0,0,Thursday,2024,0
US,USD,EUR,mobile,162.42,162.42,4.12,0.925926,FALSE,standard,1048,0.79,0.125,0,0,Thursday,2024,0
US,USD,CNY,mobile,60.9,60.9,1.22,7.142857,FALSE,standard,1018,0.934,0.087,0,0,Thursday,2024,0
US,USD,USD,mobile,151.5,151.5,3.29,1,FALSE,standard,263,0.522,0.223,0,0,Thursday,2024,0
US,USD,CNY,web,349.32,349.32,6.94,7.142857,FALSE,standard,1018,0.934,0.087,0,0,Friday,2024,0
UK,GBP,MXN,mobile,31.97,39.96,1.32,21.551724,FALSE,standard,4,0.892,0.407,0,0,Friday,2024,0
US,USD,CNY,ATM,170.65,170.65,3.28,7.142857,FALSE,standard,1018,0.934,0.087,0,0,Friday,2024,0
US,USD,NGN,web,109.34,109.34,2.95,1111.111111,FALSE,standard,1018,0.934,0.087,0,0.25,Friday,2024,0
US,USD,INR,web,97.75,97.75,2.45,83.333333,FALSE,standard,263,0.522,0.223,0,0,Friday,2024,0
US,USD,USD,mobile,119.93,119.93,3.76,1,FALSE,standard,263,0.522,0.223,0,0,Friday,2024,0
UK,GBP,MXN,mobile,79.5,410.97,110.92,21.551724,FALSE,unknown,4,0.68,0.407,2,0,Friday,2024,0
US,USD,EUR,mobile,800.72,800.72,12.26,0.925926,FALSE,standard,298,0.336,0.166,0,0,Friday,2024,0
US,USD,CNY,mobile,152.57,152.57,3.91,7.142857,TRUE,standard,298,0.336,0.166,0,0,Friday,2024,0
UK,GBP,GBP,ATM,-435.1,543.88,9999.99,1,TRUE,standard,4,-0.1,0.407,0,0,Saturday,2024,0
US,USD,CAD,mobile,659.03,659.03,11.88,1.351351,TRUE,standard,263,0.522,0.223,0,0,Saturday,2024,0
US,USD,EUR,ATM,67.25,67.25,2.09,0.925926,FALSE,standard,1018,0.934,0.087,0,0,Saturday,2024,0
CA,CAD,MXN,mobile,172.71,127.81,-1,12.758621,FALSE,low,824,-0.1,0.282,0,0,Saturday,2024,0
US,USD,MXN,ATM,108.31,108.31,2.69,17.241379,FALSE,standard,1018,0.784,0.087,0,0.2,Saturday,2024,0
UK,GBP,EUR,mobile,310.7,388.38,6.02,1.157407,FALSE,standard,718,0.953,0.169,0,0.05,Saturday,2024,0
US,USD,CNY,mobile,259.68,259.68,5.67,7.142857,FALSE,enhanced,257,0.894,0.257,0,0,Saturday,2024,0
UK,GBP,MXN,mobile,204.37,255.47,4.25,21.551724,FALSE,standard,684,0.833,0.241,0,0,Saturday,2024,0
US,USD,CAD,ATM,136.36,136.36,3.8,1.351351,TRUE,standard,1058,0.923,0.139,0,0,Saturday,2024,0
US,USD,EUR,mobile,152.2,152.2,2.3,0.925926,FALSE,standard,1016,0.944,0.247,0,0,Saturday,2024,0
US,USD,GBP,ATM,347.69,347.69,5.73,0.8,FALSE,standard,1018,0.934,0.087,0,0,Saturday,2024,0
US,USD,CNY,mobile,218.21,218.21,3.96,7.142857,TRUE,standard,1016,0.944,0.247,0,0,Saturday,2024,0
US,USD,USD,mobile,144.56,144.56,-1,1,FALSE,enhanced,257,-0.1,0.257,0,0,Saturday,2024,0
US,USD,NGN,web,202.64,202.64,4.65,1111.111111,FALSE,standard,298,0.336,0.166,0,0.25,Sunday,2024,0
US,USD,CNY,mobile,198.57,198.57,2.96,7.142857,FALSE,standard,263,0.522,0.223,0,0,Sunday,2024,0
CA,CAD,PHP,mobile,65.78,48.67,1.59,43.529412,FALSE,standard,947,0.475,0.268,0,0,Sunday,2024,0
US,USD,NGN,web,831.22,831.22,13.84,1111.111111,FALSE,standard,298,0.336,0.166,0,0.25,Sunday,2024,0
UK,GBP,INR,web,72.69,90.86,2.38,104.166667,FALSE,standard,4,0.892,0.407,0,0,Sunday,2024,0
US,USD,NGN,ATM,25.13,25.13,0.77,1111.111111,FALSE,standard,1016,0.944,0.247,0,0.25,Sunday,2024,0
CA,CAD,USD,mobile,106.72,78.98,2.66,0.74,FALSE,standard,947,0.475,0.268,0,0,Sunday,2024,0
US,USD,GBP,ATM,165.19,165.19,3.64,0.8,FALSE,enhanced,367,0.939,0.176,0,0,Sunday,2024,0
UK,GBP,INR,mobile,157.29,196.61,3.66,104.166667,FALSE,standard,718,0.953,0.169,2,0,Sunday,2024,0
US,USD,CNY,mobile,721.43,721.43,11.64,7.142857,FALSE,enhanced,257,0.894,0.257,0,0,Sunday,2024,0
US,USD,CNY,mobile,32.53,32.53,1.64,7.142857,TRUE,standard,1018,0.934,0.087,0,0,Sunday,2024,0
UK,GBP,USD,ATM,153.37,191.71,-1,1.25,FALSE,standard,4,-0.1,0.407,0,0,Sunday,2024,0
US,USD,NGN,web,367,367,-1,1111.111111,FALSE,standard,298,-0.1,0.166,0,0.25,Monday,2024,0
US,USD,USD,mobile,420.49,420.49,7.12,1,TRUE,standard,298,0.336,0.166,0,0,Monday,2024,0
US,USD,CNY,mobile,87.13,87.13,2.22,7.142857,FALSE,standard,1018,0.934,0.087,0,0,Monday,2024,0
US,USD,NGN,mobile,156.86,156.86,2.61,1111.111111,FALSE,standard,263,0.522,0.223,0,0.25,Monday,2024,1
US,USD,NGN,mobile,9996.35,9996.35,151.29,1111.111111,FALSE,standard,1018,0.934,0.087,0,0.25,Monday,2024,0
US,USD,GBP,web,108.87,108.87,2.6,0.8,FALSE,enhanced,477,0.901,0.462,0,0,Monday,2024,0
US,USD,NGN,mobile,189.45,189.45,2.79,1111.111111,FALSE,enhanced,257,0.894,0.257,0,0.25,Monday,2024,0
US,USD,USD,mobile,52.71,52.71,2.67,1,FALSE,standard,1011,0.824,0.123,0,0,Monday,2024,0
CA,CAD,EUR,mobile,78.04,57.75,1.46,0.685185,FALSE,low,824,0.607,0.282,0,0,Monday,2024,0
CA,CAD,NGN,mobile,378.01,279.72,6.32,822.222222,FALSE,standard,947,0.625,0.268,1,0,Tuesday,2024,0
US,USD,CNY,mobile,618.46,618.46,9.74,7.142857,FALSE,standard,263,0.522,0.223,0,0,Tuesday,2024,0
UK,GBP,NGN,mobile,273.39,341.74,4.82,1388.888889,FALSE,standard,4,0.892,0.407,0,0.22,Tuesday,2024,0
UK,GBP,CAD,web,397.93,497.41,7.29,1.689189,FALSE,standard,4,0.892,0.407,0,0,Tuesday,2024,0
UK,GBP,USD,mobile,52.05,65.07,1.92,1.25,FALSE,standard,718,0.953,0.169,0,0,Tuesday,2024,0
UK,GBP,USD,mobile,100.71,125.89,1.49,1.25,FALSE,standard,4,0.742,0.407,0,0,Tuesday,2024,0
US,USD,CAD,mobile,74.26,74.26,2.79,1.351351,FALSE,standard,298,0.186,0.166,0,0,Tuesday,2024,0
US,USD,GBP,mobile,255.31,255.31,4.27,0.8,TRUE,standard,1018,0.934,0.087,0,0,Tuesday,2024,0
US,USD,USD,ATM,210.82,210.82,3.96,1,FALSE,enhanced,367,0.789,0.176,0,0,Wednesday,2024,0
UK,GBP,CAD,mobile,513.76,642.2,8.71,1.689189,FALSE,standard,4,0.892,0.407,0,0,Wednesday,2024,0
US,USD,NGN,web,119.24,119.24,3.15,1111.111111,FALSE,standard,1016,0.944,0.247,0,0.25,Wednesday,2024,0
CA,CAD,MXN,mobile,501.13,370.84,8.92,12.758621,FALSE,standard,947,0.625,0.268,0,0,Wednesday,2024,0
US,USD,PHP,web,107.09,107.09,2.73,58.823529,FALSE,standard,147,0.401,0.391,1,0.1,Wednesday,2024,0
UK,GBP,PHP,web,61.22,76.52,2.51,73.529412,FALSE,standard,4,0.892,0.407,1,0,Wednesday,2024,0
US,USD,INR,web,292.83,292.83,4.99,83.333333,FALSE,standard,1018,0.934,0.087,0,0,Thursday,2024,0
US,USD,EUR,mobile,233.57,233.57,4.34,0.925926,FALSE,enhanced,257,0.894,0.257,0,0,Thursday,2024,0
UK,GBP,MXN,web,114.08,142.6,2.97,21.551724,FALSE,standard,684,0.833,0.241,0,0,Thursday,2024,0
US,USD,NGN,web,213.15,213.15,3.91,1111.111111,FALSE,standard,263,0.522,0.223,0,0.25,Thursday,2024,0
UK,GBP,NGN,mobile,206.9,258.62,4.16,1388.888889,FALSE,standard,4,0.892,0.407,0,0.22,Thursday,2024,0
UK,GBP,GBP,mobile,162.97,203.72,2.6,1,FALSE,standard,718,0.953,0.169,0,0,Thursday,2024,0
US,USD,CNY,mobile,289.22,289.22,5.29,7.142857,FALSE,enhanced,257,0.744,0.257,0,0,Thursday,2024,0
CA,CAD,GBP,mobile,88.31,65.35,2.53,0.592,FALSE,standard,947,0.625,0.268,0,0,Thursday,2024,0
CA,CAD,USD,mobile,83.14,61.52,2.55,0.74,FALSE,standard,947,0.475,0.268,0,0,Thursday,2024,0
UK,GBP,CNY,mobile,44.77,55.96,1.55,8.928571,FALSE,standard,718,0.953,0.169,0,0,Thursday,2024,0
US,USD,USD,mobile,186.83,186.83,2.54,1,FALSE,low,616,0.702,0.361,0,0,Thursday,2024,0
UK,GBP,GBP,mobile,159.09,198.87,3.22,1,TRUE,standard,4,0.892,0.407,0,0,Thursday,2024,1
US,USD,CNY,web,187.42,187.42,3.51,7.142857,FALSE,enhanced,367,0.939,0.176,0,0,Sunday,2024,0
US,USD,EUR,mobile,112.88,112.88,2.38,0.925926,TRUE,standard,263,0.372,0.223,0,0,Friday,2024,0
US,USD,MXN,mobile,72.77,72.77,2.88,17.241379,FALSE,enhanced,367,0.939,0.176,0,0.2,Friday,2024,0
US,USD,INR,web,96.6,96.6,2,83.333333,FALSE,standard,263,0.522,0.223,0,0,Friday,2024,0
US,USD,GBP,web,234.77,234.77,4.55,0.8,FALSE,enhanced,257,0.894,0.257,0,0,Friday,2024,0
US,USD,CNY,web,69.95,69.95,1.88,7.142857,FALSE,standard,147,0.551,0.391,0,0,Friday,2024,0
CA,CAD,USD,ATM,59.05,43.69,2.16,0.74,FALSE,standard,947,0.625,0.268,0,0,Friday,2024,0
US,USD,NGN,mobile,22.99,22.99,0.88,1111.111111,FALSE,standard,147,0.551,0.391,0,0.25,Friday,2024,0
US,USD,CNY,web,155.32,155.32,3.37,7.142857,TRUE,standard,263,0.522,0.223,0,0,Saturday,2024,0
UK,GBP,MXN,mobile,710.3,887.87,12.14,21.551724,FALSE,standard,4,0.892,0.407,0,0,Saturday,2024,0
US,USD,PHP,mobile,202.65,202.65,5.14,58.823529,TRUE,standard,34,0.427,0.068,0,0.1,Saturday,2024,0
US,USD,USD,mobile,86,86,2.1,1,FALSE,enhanced,367,0.939,0.176,0,0,Saturday,2024,0
US,USD,CAD,mobile,69.1,410.97,110.92,1.351351,FALSE,unknown,1018,0.68,0.087,0,0,Saturday,2024,0
CA,CAD,PHP,web,101.87,75.38,2.93,43.529412,FALSE,standard,938,0.841,0.154,0,0,Saturday,2024,0
UK,GBP,GBP,mobile,97.31,121.64,2.95,1,TRUE,standard,4,0.892,0.407,0,0,Saturday,2024,0
US,USD,NGN,mobile,72.52,72.52,2.23,1111.111111,FALSE,standard,298,0.186,0.166,0,0.25,Saturday,2024,0
US,USD,GBP,web,37.01,37.01,1.84,0.8,FALSE,standard,1018,0.934,0.087,1,0,Saturday,2024,0
US,USD,NGN,mobile,227.43,227.43,3.92,1111.111111,TRUE,standard,147,0.551,0.391,0,0.25,Sunday,2024,0
UK,GBP,USD,web,340.73,425.91,5.66,1.25,FALSE,standard,882,0.822,0.039,0,0,Sunday,2024,0
US,USD,PHP,mobile,9994.46,9994.46,151.3,58.823529,FALSE,standard,1018,0.934,0.087,0,0.1,Sunday,2024,0
 UK  ,GBP,CNY, mobile  ,587.16,733.95,9.48,8.928571,TRUE,standard,4,0.892,0.407,0,0,Sunday,2024,0
US,USD,MXN,mobile,198.66,198.66,4.21,17.241379,TRUE,enhanced,257,0.894,0.257,0,0.2,Sunday,2024,0
US,USD,GBP,mobile,146.78,146.78,3.39,0.8,FALSE,enhanced,367,0.939,0.176,0,0,Sunday,2024,0
US,USD,GBP,web,215.11,215.11,4.19,0.8,FALSE,standard,147,0.551,0.391,0,0,Sunday,2024,0
US,USD,CAD,web,155.26,155.26,4.05,1.351351,FALSE,standard,1018,0.934,0.087,0,0,Sunday,2024,0
UK,GBP,MXN,web,527.07,658.84,9.62,21.551724,FALSE,standard,4,0.892,0.407,0,0,Sunday,2024,0
UK,GBP,GBP,web,22.94,28.67,0.69,1,TRUE,standard,718,0.803,0.169,0,0,Monday,2024,0
US,USD,USD,mobile,259.12,259.12,4.17,1,FALSE,standard,263,0.522,0.223,0,0,Monday,2024,0
US,USD,INR, web  ,115.74,115.74,2.51,83.333333,FALSE,enhanced,257,0.894,0.257,0,0,Monday,2024,0
US,USD,INR,web,335.18,335.18,6.45,83.333333,FALSE,standard,298,0.186,0.166,0,0,Monday,2024,0
US,USD,CAD,mobile,659.72,659.72,10.09,1.351351,FALSE,standard,263,0.522,0.223,0,0,Monday,2024,0
US,USD,USD,mobile,833.82,833.82,14.56,1,FALSE,standard,147,0.401,0.391,0,0,Monday,2024,0
CA,CAD,CAD,web,28.1,20.79,1.91,1,FALSE,standard,947,0.625,0.268,0,0,Monday,2024,0
US,USD,NGN,mobile,169.42,169.42,3.57,1111.111111,FALSE,standard,147,0.551,0.391,0,0.25,Monday,2024,0
US,USD,MXN,mobile,93.39,93.39,3.03,17.241379,FALSE,standard,298,0.336,0.166,0,0.2,Monday,2024,0
US,USD,MXN,web,141.03,141.03,3.18,17.241379,FALSE,standard,147,0.551,0.391,0,0.2,Monday,2024,0
UK,GBP,INR,mobile,83.96,410.97,110.92,104.166667,FALSE,unknown,718,0.68,0.169,0,0,Monday,2024,0
US,USD,CNY,web,346.64,346.64,5.88,7.142857,FALSE,standard,263,0.372,0.223,0,0,Tuesday,2024,0
UK,GBP,USD,mobile,316.55,395.69,4.71,1.25,FALSE,standard,4,0.892,0.407,0,0,Tuesday,2024,0
US,USD,NGN,web,190.09,190.09,3.44,1111.111111,FALSE,standard,298,0.336,0.166,0,0.25,Tuesday,2024,0
US,USD,INR,web,317.01,317.01,4.81,83.333333,FALSE,standard,147,0.551,0.391,1,0,Tuesday,2024,0
UK,GBP,USD,mobile,96.47,120.59,2.1,1.25,FALSE,standard,718,0.953,0.169,0,0,Tuesday,2024,0
US,USD,EUR,mobile,53.1,53.1,1.15,0.925926,TRUE,standard,147,0.551,0.391,0,0,Tuesday,2024,0
UK,GBP,GBP,mobile,73.58,91.97,1.51,1,FALSE,standard,718,0.953,0.169,1,0,Tuesday,2024,0
US,USD,USD,ATm,46.69,46.69,1.93,1,FALSE,enhanced,257,0.894,0.257,0,0,Tuesday,2024,0
US,USD,PHP,mobile,181.07,181.07,3.35,58.823529,FALSE,standard,263,0.522,0.223,2,0.1,Tuesday,2024,0
US,USD,INR,mobile,147.07,147.07,3.83,83.333333,TRUE,standard,263,0.522,0.223,0,0,Tuesday,2024,0
UK,GBP,GBP,ATM,100.94,126.17,3.25,1,FALSE,standard,4,0.892,0.407,0,0,Tuesday,2024,0
US,USD,CNY,mobile,188.33,188.33,4.45,7.142857,TRUE,enhanced,367,0.939,0.176,0,0,Wednesday,2024,0
UK,GBP,CAD,ATM,138.58,173.23,3.67,1.689189,FALSE,standard,718,0.953,0.169,0,0,Wednesday,2024,0
US,USD,NGN,mobile,244.05,410.97,110.92,1111.111111,FALSE,unknown,830,0.68,0.102,0,0.25,Wednesday,2024,0
UK,GBP,GBP,mobile,85.14,106.43,2.26,1,FALSE,standard,4,0.892,0.407,0,0,Wednesday,2024,0
US,USD,NGN,mobile,105.02,105.02,2.72,1111.111111,FALSE,standard,1018,0.934,0.087,0,0.25,Wednesday,2024,0
US,USD,CAD,mobile,125.74,125.74,3.32,1.351351,FALSE,enhanced,367,0.939,0.176,0,0,Wednesday,2024,0
US,USD,INR,mobile,130.26,130.26,3.23,83.333333,FALSE,standard,263,0.522,0.223,1,0,Wednesday,2024,0
US,USD,NGN,mobile,689.39,689.39,11.79,1111.111111,FALSE,standard,1018,0.934,0.087,0,0.25,Wednesday,2024,0
US,USD,CNY,web,230.94,230.94,4.98,7.142857,FALSE,standard,1016,0.944,0.247,0,0,Wednesday,2024,0
CA,CAD,NGN,web,65.73,48.64,0.82,822.222222,FALSE,low,1066,0.522,0,0,0,Wednesday,2024,0
US,USD,MXN,mobile,169.32,169.32,3.21,17.241379,TRUE,enhanced,367,0.939,0.176,0,0.2,Thursday,2024,0
US,USD,NGN,web,158.64,158.64,2.87,1111.111111,FALSE,standard,263,0.522,0.223,0,0.25,Thursday,2024,0
US,USD,NGN,mobile,50.43,50.43,1.81,1111.111111,FALSE,enhanced,367,0.939,0.176,0,0.25,Thursday,2024,0
CA,CAD,GBP,mobile,689.15,509.97,10.96,0.592,TRUE,standard,947,0.625,0.268,0,0,Thursday,2024,0
 CA  ,CAD,PHP,mobille,32.62,24.14,1.43,43.529412,FALSE,standard,947,0.625,0.268,1,0,Thursday,2024,0
US,USD,NGN,mobile,41.32,41.32,1.72,1111.111111,TRUE,standard,1018,0.784,0.087,0,0.25,Thursday,2024,0
US,USD,NGN,mobile,290.54,290.54,4.7,1111.111111,FALSE,enhanced,257,0.894,0.257,0,0.25,Thursday,2024,0
UK,GBP,MXN,mobile,271.38,339.23,4.14,21.551724,FALSE,standard,4,0.892,0.407,0,0,Friday,2024,0
US,USD,CNY,mobile,476.55,410.97,110.92,7.142857,FALSE,unknown,616,0.68,0.361,0,0,Friday,2024,0
US,USD,MXN,web,85.48,85.48,2.17,17.241379,FALSE,standard,263,0.522,0.223,0,0.2,Friday,2024,0
US,USD,CAD,ATM,182.66,182.66,3.84,1.351351,FALSE,standard,263,0.522,0.223,1,0,Friday,2024,0
UK,GBP,NGN,mobile,64.48,80.6,2.48,1388.888889,FALSE,standard,4,0.892,0.407,1,0.22,Friday,2024,0
CA,CAD,EUR,WEB,83.58,61.85,2.13,0.685185,FALSE,standard,947,0.625,0.268,0,0,-1,0,0
US,USD,GBP,mobile,221.28,221.28,4.2,0.8,FALSE,standard,298,0.336,0.166,0,0,Saturday,2024,0
US,USD,INR,web,275.69,275.69,5.92,83.333333,FALSE,standard,263,0.522,0.223,0,0,Saturday,2024,0
US,USD,PHP,mobile,85.89,85.89,2.82,58.823529,FALSE,standard,298,0.336,0.166,0,0.1,Saturday,2024,0
US,USD,NGN,web,216.8,216.8,4.1,1111.111111,TRUE,standard,298,0.336,0.166,0,0.25,Saturday,2024,0
US,USD,NGN,mobile,505.67,505.67,-1,1111.111111,FALSE,standard,859,-0.1,0.363,0,0.25,Saturday,2024,0
US,USD,PHP,web,49.67,49.67,2.13,58.823529,FALSE,standard,1016,0.944,0.247,0,0.1,Saturday,2024,0
US,USD,INR,ATM,243.24,243.24,5.41,83.333333,FALSE,standard,263,0.522,0.223,0,0,Saturday,2024,0
CA,CAD,GBP,mobile,38.15,28.23,1.8,0.592,FALSE,standard,947,0.625,0.268,0,0,Saturday,2024,0
US,USD,INR,web,74.87,74.87,2.69,83.333333,FALSE,standard,263,0.522,0.223,0,0,Sunday,2024,0
UK,GBP,INR,web,67.48,84.35,1.57,104.166667,FALSE,standard,4,0.892,0.407,0,0,Sunday,2024,0
US,USD,PHP,web,126.15,126.15,3.86,58.823529,FALSE,enhanced,367,0.939,0.176,0,0.1,Sunday,2024,0
US,USD,GBP,web,264.87,264.87,4.79,0.8,FALSE,standard,147,0.551,0.391,0,0,Sunday,2024,1
US,USD,USD,mobile,103.28,103.28,2.79,1,FALSE,enhanced,367,0.789,0.176,0,0,Sunday,2024,0
 US  ,USD,EUR,mobille,74.28,74.28,2.85,0.925926,FALSE,standard,263,0.522,0.223,0,0,Sunday,2024,0
US,USD,CAD,web,285.54,285.54,5.19,1.351351,FALSE,standard,1018,0.934,0.087,0,0,Sunday,2024,0
CA,CAD,EUR,mobile,47.04,34.81,2.61,0.685185,TRUE,standard,947,0.625,0.268,0,0,Sunday,2024,0
US,USD,PHP,mobile,85.39,85.39,2.21,58.823529,TRUE,standard,298,0.336,0.166,0,0.1,Sunday,2024,0
UK,GBP,GBP,web,89.2,111.5,1.99,1,FALSE,standard,4,0.892,0.407,0,0,Monday,2024,0
US,USD,GBP,mobile,171.29,171.29,3.38,0.8,FALSE,standard,298,0.336,0.166,0,0,Monday,2024,0
US,USD,EUR,web,143.15,143.15,3.68,0.925926,FALSE,standard,1016,0.944,0.247,1,0,Monday,2024,0
UK,GBP,INR,web,67.24,84.05,2.48,104.166667,FALSE,standard,4,0.892,0.407,0,0,Monday,2024,0
US,USD,INR,web,134.28,134.28,-1,83.333333,FALSE,enhanced,367,-0.1,0.176,0,0,Monday,2024,0
US,USD,NGN,web,853.99,853.99,12.85,1111.111111,FALSE,enhanced,257,0.894,0.257,0,0.25,Monday,2024,0
US,USD,NGN,web,107.74,107.74,2.74,1111.111111,FALSE,standard,147,0.551,0.391,0,0.25,Monday,2024,0
US,USD,NGN,web,72.32,72.32,2.31,1111.111111,FALSE,standard,1016,0.944,0.247,0,0.25,Monday,2024,0
US,USD,PHP,mobile,492.87,492.87,7.8,58.823529,FALSE,standard,147,0.551,0.391,0,0.1,Monday,2024,0
US,USD,EUR,web,92.12,92.12,2.02,0.925926,FALSE,standard,263,0.522,0.223,0,0,Monday,2024,0
US,USD,USD,web,277.91,277.91,4.74,1,TRUE,enhanced,257,0.894,0.257,0,0,Monday,2024,0
US,USD,NGN,web,167.27,167.27,3.18,1111.111111,FALSE,standard,298,0.336,0.166,0,0.25,Monday,2024,0
US,USD,INR,mobile,592.46,592.46,10.7,83.333333,TRUE,enhanced,257,0.894,0.257,0,0,Monday,2024,0
US,USD,NGN,ATM,518.05,518.05,8.4,1111.111111,FALSE,enhanced,367,0.939,0.176,1,0.25,Monday,2024,0
CA,CAD,EUR,mobile,21.81,16.14,1.67,0.685185,FALSE,standard,1041,0.867,0.245,1,0,Monday,2024,0
UK,GBP,CAD,web,399.38,499.22,6.79,1.689189,FALSE,standard,4,0.892,0.407,0,0,Monday,2024,0
US,USD,CAD,unknown,120.01,120.01,3.12,1.351351,FALSE,enhanced,367,0.939,0.176,0,0,Tuesday,2024,0
UK,GBP,CNY,mobile,128.06,160.07,2.87,8.928571,FALSE,standard,4,0.892,0.407,0,0,Tuesday,2024,0
US,USD,INR,mobile,439.16,439.16,7.86,83.333333,FALSE,enhanced,257,0.894,0.257,0,0,Tuesday,2024,0
UK,GBP,CAD,mobile,395.19,12498.57,-1,1.689189,FALSE,standard,4,-0.1,0.407,0,0,Tuesday,2024,0
US,USD,USD,mobile,197.66,197.66,3.1,1,TRUE,standard,1058,0.923,0.139,0,0,Tuesday,2024,0
US,USD,GBP,mobile,170.62,170.62,3.09,0.8,FALSE,enhanced,257,0.894,0.257,0,0,Tuesday,2024,0
US,USD,EUR,mobile,143.09,143.09,3.28,0.925926,TRUE,low,616,0.702,0.361,0,0,Tuesday,2024,0
US,USD,GBP,mobile,59.25,59.25,2.03,0.8,FALSE,standard,34,0.427,0.068,0,0,Tuesday,2024,0
US,USD,CAD,mobile,83.64,83.64,2.11,1.351351,TRUE,standard,263,0.522,0.223,0,0,Wednesday,2024,0
US,USD,EUR,web,472.93,472.93,7.83,0.925926,TRUE,standard,298,0.336,0.166,0,0,Wednesday,2024,0
US,USD,EUR,mobile,49.43,49.43,1.73,0.925926,FALSE,standard,298,0.336,0.166,0,0,Wednesday,2024,0
UK,GBP,INR,mobile,18.55,23.19,1.17,104.166667,FALSE,standard,4,0.742,0.407,0,0,Wednesday,2024,0
US,USD,PHP,web,166.65,166.65,4.67,58.823529,TRUE,standard,1018,0.784,0.087,0,0.1,Wednesday,2024,0
US,USD,NGN,mobile,59.92,59.92,1.87,1111.111111,FALSE,standard,147,0.551,0.391,0,0.25,Wednesday,2024,0
US,USD,NGN,mobile,67.3,67.3,2.21,1111.111111,TRUE,standard,1016,0.794,0.247,0,0.25,Wednesday,2024,0
US,USD,PHP,web,346.11,346.11,6.32,58.823529,FALSE,standard,1016,0.944,0.247,0,0.1,Wednesday,2024,0
UK,GBP,USD,mobile,168.27,210.34,4.86,1.25,FALSE,standard,4,0.892,0.407,0,0,Wednesday,2024,0
US,USD,INR,mobile,-502.27,502.27,9999.99,83.333333,FALSE,standard,263,-0.1,0.223,0,0,Wednesday,2024,0
US,USD,GBP,web,39.55,39.55,1.8,0.8,FALSE,standard,1018,0.934,0.087,0,0,Wednesday,2024,0
US,USD,GBP,web,76.13,76.13,2.57,0.8,FALSE,standard,263,0.522,0.223,0,0,Wednesday,2024,0
US,USD,EUR,mobile,57.52,57.52,1.86,0.925926,FALSE,enhanced,367,0.939,0.176,0,0,Thursday,2024,0
UK,GBP,INR,mobile,182.02,227.52,4.11,104.166667,TRUE,standard,4,0.892,0.407,0,0,Thursday,2024,0
US,USD,NGN,ATM,52.66,52.66,1.52,1111.111111,FALSE,enhanced,257,0.744,0.257,0,0.25,Thursday,2024,0
US,USD,PHP,mobile,267.76,267.76,5.27,58.823529,FALSE,standard,263,0.372,0.223,0,0.1,Thursday,2024,0
US,USD,INR,mobile,482.59,482.59,8.15,83.333333,FALSE,standard,263,0.522,0.223,0,0,Thursday,2024,0
US,USD,GBP,web,428.34,428.34,8.1,0.8,FALSE,standard,1018,0.934,0.087,0,0,Thursday,2024,0
US,USD,USD,mobile,63.81,63.81,2.59,1,FALSE,standard,147,0.551,0.391,6,0,Thursday,2024,0
UK,GBP,PHP,web,784.7,410.97,110.92,73.529412,FALSE,unknown,4,0.68,0.407,0,0,Thursday,2024,0
US,USD,MXN,mobile,119.38,119.38,2.98,17.241379,FALSE,standard,34,0.427,0.068,0,0.2,Thursday,2024,0
US,USD,PHP,mobile,68.25,68.25,2.51,58.823529,FALSE,standard,263,0.522,0.223,0,0.1,Thursday,2024,0
UK,GBP,USD,mobile,74.83,93.54,2.71,1.25,FALSE,standard,4,0.892,0.407,0,0,Thursday,2024,0
CA,CAD,EUR,mobile,252.86,187.12,3.92,0.685185,FALSE,standard,725,0.824,0.212,0,0,Thursday,2024,0
US,USD,USD,ATM,303.48,303.48,5.89,1,FALSE,standard,147,0.551,0.391,0,0,Friday,2024,0
CA,CAD,MXN,mobile,64.99,48.09,2.33,12.758621,FALSE,standard,947,0.625,0.268,0,0,Friday,2024,0
UK,GBP,GBP,mobile,152.54,190.68,2.8,1,FALSE,standard,4,0.892,0.407,0,0,Friday,2024,0
US,USD,PHP,web,405.26,405.26,7.29,58.823529,FALSE,standard,1016,0.944,0.247,0,0.1,Friday,2024,0
CA,CAD,CNY,mobile,431.19,319.08,6.44,5.285714,FALSE,standard,947,0.625,0.268,0,0,Friday,2024,0
US,USD,NGN,web,117.3,117.3,3.65,1111.111111,FALSE,standard,263,0.522,0.223,0,0.25,Friday,2024,0
US,USD,PHP,mobile,51.86,51.86,3.1,58.823529,FALSE,standard,263,0.522,0.223,0,0.1,Saturday,2024,0
CA,CAD,MXN,web,312.79,231.47,6.48,12.758621,FALSE,low,615,0.515,0.355,0,0,Saturday,2024,0
US,USD,GBP,mobile,54.9,54.9,1.93,0.8,FALSE,standard,298,0.336,0.166,0,0,Saturday,2024,0
CA,CAD,MXN,mobile,139.82,103.47,2.96,12.758621,FALSE,standard,947,0.625,0.268,0,0,Saturday,2024,0
US,USD,CAD,web,64.82,64.82,1.54,1.351351,FALSE,standard,147,0.551,0.391,1,0,Saturday,2024,0
US,USD,INR,mobile,273.13,273.13,5.67,83.333333,FALSE,low,616,0.702,0.361,0,0,Saturday,2024,0
 US  ,USD,MXN, mobile  ,64.88,64.88,1.78,17.241379,FALSE,standard,34,0.427,0.068,0,0.2,Saturday,2024,0
UK,GBP,USD,mobile,178.16,222.7,3.25,1.25,FALSE,low,566,0.731,0.422,0,0,Saturday,2024,0
US,USD,INR,web,131.82,131.82,3.66,83.333333,FALSE,standard,147,0.551,0.391,0,0,Saturday,2024,0
UK,GBP,INR,mobile,166.78,208.47,3.75,104.166667,FALSE,standard,718,0.953,0.169,0,0,Sunday,2024,0
US,USD,CAD,mobile,315.41,315.41,6.24,1.351351,FALSE,standard,298,0.186,0.166,0,0,Sunday,2024,0
US,USD,CNY,mobile,133.57,133.57,2.97,7.142857,FALSE,standard,147,0.401,0.391,0,0,Sunday,2024,0
US,USD,USD,mobile,152,152,4.15,1,FALSE,enhanced,367,0.939,0.176,0,0,Sunday,2024,0
US,USD,CNY,mobile,132.74,132.74,2.4,7.142857,FALSE,standard,298,0.336,0.166,0,0,Sunday,2024,0
UK,GBP,GBP,mobile,61.01,76.27,1.37,1,FALSE,standard,718,0.803,0.169,1,0,Sunday,2024,0
US,USD,NGN,web,111.77,111.77,2.65,1111.111111,FALSE,enhanced,367,0.939,0.176,0,0.25,Sunday,2024,0
US,USD,EUR,mobile,275.66,275.66,4.57,0.925926,FALSE,enhanced,367,0.939,0.176,0,0,Sunday,2024,0
US,USD,INR,mobile,202.5,202.5,4.3,83.333333,FALSE,standard,1018,0.934,0.087,0,0,Sunday,2024,0
US,USD,NGN,mobile,109.91,109.91,1.96,1111.111111,FALSE,standard,1018,0.934,0.087,0,0.25,Monday,2024,0
US,USD,NGN,mobile,77.49,77.49,1.89,1111.111111,FALSE,standard,263,0.522,0.223,0,0.25,Monday,2024,0
US,USD,EUR,mobile,174.39,174.39,3.93,0.925926,FALSE,enhanced,257,0.894,0.257,0,0,Monday,2024,0
US,USD,INR,mobile,373.53,373.53,5.92,83.333333,FALSE,enhanced,257,0.894,0.257,1,0,Tuesday,2024,0
US,USD,NGN,web,316.82,316.82,4.66,1111.111111,FALSE,standard,263,0.522,0.223,0,0.25,Monday,2024,0
US,USD,USD,mobile,130.21,130.21,3.67,1,FALSE,standard,298,0.336,0.166,0,0,Monday,2024,0
US,USD,CAD,web,514.28,514.28,9.61,1.351351,FALSE,enhanced,367,0.939,0.176,0,0,Monday,2024,0
UK,GBP,NGN,web,255.87,319.84,4.08,1388.888889,FALSE,standard,4,0.892,0.407,0,0.22,Monday,2024,0
US,USD,PHP,web,171.19,171.19,3.31,58.823529,FALSE,enhanced,367,0.789,0.176,7,0.1,Monday,2024,0
US,USD,NGN,mobile,203.1,203.1,4.29,1111.111111,FALSE,standard,263,0.372,0.223,0,0.25,Monday,2024,0
US,USD,USD,mobile,177.14,177.14,3.76,1,FALSE,standard,263,0.522,0.223,0,0,Monday,2024,0
US,USD,CNY,web,61.64,61.64,2.15,7.142857,FALSE,standard,147,0.551,0.391,0,0,Monday,2024,0
US,USD,PHP,web,137.38,137.38,3.14,58.823529,TRUE,standard,298,0.336,0.166,0,0.1,Monday,2024,0
US,USD,CNY,mobile,46.18,410.97,110.92,7.142857,TRUE,unknown,263,0.68,0.223,0,0,Monday,2024,0
US,USD,EUR,mobile,155.38,155.38,3.21,0.925926,TRUE,standard,1016,0.944,0.247,5,0,Monday,2024,0
UK,GBP,CAD,web,904.76,1130.95,14.82,1.689189,FALSE,standard,4,0.742,0.407,0,0,Monday,2024,0
unknown,USD,EUR,weeb,66.1,66.1,2.3,0.925926,FALSE,standard,716,0.912,0.029,2,0,Monday,2024,0
UK,GBP,CAD,mobile,167.99,209.98,3.73,1.689189,FALSE,standard,4,0.892,0.407,0,0,Monday,2024,0
US,USD,CAD,ATM,271.39,271.39,4.27,1.351351,FALSE,standard,298,0.336,0.166,0,0,Tuesday,2024,0
UK,GBP,GBP,mobile,138.83,173.54,3.09,1,FALSE,standard,718,0.803,0.169,1,0,Tuesday,2024,0
US,USD,CAD,mobile,68.59,68.59,1.88,1.351351,FALSE,enhanced,257,0.894,0.257,1,0,Tuesday,2024,0
UK,GBP,MXN,web,279.83,349.79,6.42,21.551724,FALSE,standard,718,0.953,0.169,0,0,Tuesday,2024,0
US,USD,USD,web,219.75,219.75,4.59,1,FALSE,enhanced,367,0.939,0.176,0,0,Tuesday,2024,0
UK,GBP,GBP,mobile,46.19,57.74,2.56,1,FALSE,standard,4,0.742,0.407,1,0,Monday,2024,0
US,USD,USD,mobile,230.32,230.32,4.03,1,FALSE,standard,1016,0.944,0.247,0,0,Tuesday,2024,0
US,USD,EUR,mobile,61.38,61.38,2.08,0.925926,FALSE,standard,1016,0.944,0.247,0,0,Tuesday,2024,0
UK,GBP,USD,ATM,9993.34,12491.67,149.8,1.25,FALSE,standard,718,0.953,0.169,0,0,Wednesday,2024,0
US,USD,PHP,mobile,40.54,40.54,0.97,58.823529,FALSE,standard,298,0.186,0.166,0,0.1,Wednesday,2024,0
US,USD,PHP,web,34.41,34.41,1.72,58.823529,FALSE,standard,147,0.551,0.391,0,0.1,Wednesday,2024,0
CA,CAD,INR,mobile,124.57,92.19,3.27,61.666667,FALSE,standard,947,0.625,0.268,0,0.12,Wednesday,2024,0
US,USD,PHP,ATM,278.97,278.97,5.93,58.823529,FALSE,standard,263,0.522,0.223,0,0.1,Wednesday,2024,0
UK,GBP,CNY,web,40.15,50.18,2.32,8.928571,FALSE,low,704,0.515,0.283,0,0,Wednesday,2024,0
US,USD,NGN,mobile,90.41,90.41,2.01,1111.111111,FALSE,enhanced,367,0.939,0.176,0,0.25,Wednesday,2024,0
US,USD,USD,mobile,111.51,111.51,2.77,1,FALSE,standard,263,0.522,0.223,0,0,Wednesday,2024,0
US,USD,PHP,mobile,353.71,353.71,6.56,58.823529,TRUE,standard,298,0.336,0.166,0,0.1,Thursday,2024,0
US,USD,USD,web,344.89,344.89,5.99,1,FALSE,standard,34,0.427,0.068,8,0,Thursday,2024,0
UK,GBP,PHP,mobile,719.42,899.27,11.35,73.529412,FALSE,standard,4,0.892,0.407,0,0,Thursday,2024,0
US,USD,PHP,web,405.19,405.19,6.78,58.823529,FALSE,standard,1016,0.944,0.247,0,0.1,Thursday,2024,0
UK,GBP,NGN,ATM,265.98,332.48,3.76,1388.888889,FALSE,standard,4,0.892,0.407,0,0.22,Thursday,2024,1
US,USD,NGN,mobile,128.93,128.93,2.77,1111.111111,FALSE,standard,263,0.522,0.223,1,0.25,Thursday,2024,0
US,USD,CNY,web,107.63,107.63,2.71,7.142857,FALSE,standard,147,0.551,0.391,0,0,Thursday,2024,0
CA,CAD,CAD,mobile,129.77,96.03,2.71,1,FALSE,standard,1041,0.867,0.245,0,0,Thursday,2024,0
US,USD,GBP,mobile,70.83,70.83,2.52,0.8,FALSE,enhanced,367,0.939,0.176,0,0,Thursday,2024,0
US,USD,GBP,web,138.38,138.38,3.23,0.8,FALSE,standard,147,0.551,0.391,0,0,Friday,2024,0
US,USD,PHP,mobile,196.89,196.89,4.7,58.823529,FALSE,standard,263,0.372,0.223,0,0.1,Friday,2024,0
US,USD,PHP,mobile,263.94,263.94,5.22,58.823529,TRUE,enhanced,257,0.894,0.257,0,0.1,Friday,2024,0
US,USD,INR,web,50.89,410.97,110.92,83.333333,FALSE,unknown,367,0.68,0.176,0,0,Friday,2024,0
US,USD,CAD,mobile,321.34,321.34,5.83,1.351351,FALSE,standard,1018,0.934,0.087,0,0,Friday,2024,0
US,USD,CNY,mobile,253.48,253.48,4.92,7.142857,FALSE,standard,34,0.427,0.068,0,0,Friday,2024,0
US,USD,USD,mobile,27.61,27.61,2.14,1,FALSE,standard,1016,0.794,0.247,0,0,Friday,2024,0
US,USD,CAD,mobile,210.02,210.02,4.62,1.351351,FALSE,standard,263,0.522,0.223,0,0,Friday,2024,0
UK,GBP,NGN,mobile,136.05,170.07,2.92,1388.888889,TRUE,standard,4,0.892,0.407,0,0.22,Friday,2024,0
US,USD,USD,web,88.22,88.22,1.14,1,FALSE,standard,298,0.186,0.166,1,0,Friday,2024,0
US,USD,GBP,mobile,54.83,54.83,1.41,0.8,FALSE,enhanced,367,0.939,0.176,0,0,Saturday,2024,0
US,USD,NGN,web,144.36,144.36,2.7,1111.111111,FALSE,enhanced,367,0.939,0.176,0,0.25,Saturday,2024,0
US,USD,MXN,mobile,96.39,96.39,2.46,17.241379,TRUE,standard,263,0.372,0.223,0,0.2,-1,0,0
CA,CAD,EUR,mobile,103.82,76.83,2.72,0.685185,FALSE,standard,947,0.625,0.268,0,0,Saturday,2024,0
US,USD,CAD,mobile,152.97,152.97,4.48,1.351351,FALSE,standard,1018,0.934,0.087,0,0,Saturday,2024,0
US,USD,PHP,mobile,68.17,68.17,1.86,58.823529,FALSE,standard,298,0.336,0.166,0,0.1,Saturday,2024,0
UK,GBP,NGN,ATM,129.45,161.82,4.08,1388.888889,FALSE,standard,4,0.892,0.407,0,0.22,Saturday,2024,0
UK,GBP,MXN,web,468.27,585.34,8.59,21.551724,FALSE,standard,4,0.892,0.407,0,0,Saturday,2024,0
US,USD,CNY,mobile,178.26,178.26,3.44,7.142857,FALSE,standard,263,0.522,0.223,0,0,Saturday,2024,0
UK,GBP,INR,mobile,-32.38,40.47,9999.99,104.166667,FALSE,standard,4,-0.1,0.407,0,0,Saturday,2024,0
UK,GBP,NGN,web,175.51,219.38,3.34,1388.888889,FALSE,standard,4,0.742,0.407,1,0.22,Saturday,2024,0
CA,CAD,MXN,mobile,9990.87,7393.25,151.17,12.758621,FALSE,standard,947,0.625,0.268,0,0,Sunday,2024,0
US,USD,EUR,mobile,391.78,391.78,6.94,0.925926,FALSE,standard,830,0.799,0.102,0,0,Sunday,2024,0
CA,CAD,GBP,mobile,394.88,292.21,7,0.592,FALSE,standard,903,0.774,0.18,0,0,Sunday,2024,0
US,USD,GBP,ATM,222.25,222.25,3.94,0.8,FALSE,standard,1016,0.794,0.247,0,0,Sunday,2024,0
US,USD,CNY,mobile,143.74,143.74,3.08,7.142857,FALSE,enhanced,257,0.744,0.257,0,0,Sunday,2024,0
US,USD,CAD,ATM,85.06,85.06,2.08,1.351351,FALSE,standard,1016,0.944,0.247,0,0,Sunday,2024,0
CA,CAD,CNY,mobile,171.14,126.64,2.98,5.285714,FALSE,standard,564,0.658,0.4,0,0,Sunday,2024,0
US,USD,EUR,mobile,83.43,83.43,2.38,0.925926,FALSE,enhanced,367,0.939,0.176,0,0,Monday,2024,0
US,USD,CNY,mobile,110.75,110.75,3.13,7.142857,TRUE,standard,298,0.336,0.166,0,0,Monday,2024,0
US,USD,USD,mobile,99.32,99.32,1.85,1,TRUE,standard,263,0.522,0.223,0,0,Monday,2024,0
UK,GBP,USD,mobile,87,108.75,2.64,1.25,FALSE,standard,4,0.892,0.407,0,0,Monday,2024,0
US,USD,NGN,mobile,235.52,235.52,4.54,1111.111111,FALSE,enhanced,367,0.939,0.176,0,0.25,Monday,2024,0
UK,GBP,MXN,web,120.5,150.62,1.76,21.551724,FALSE,standard,718,0.953,0.169,0,0,Monday,2024,0
UK,GBP,PHP,ATM,37.3,46.62,0.85,73.529412,FALSE,standard,4,0.892,0.407,0,0,Monday,2024,0
CA,CAD,GBP,mobile,279.63,206.93,4.46,0.592,FALSE,standard,1041,0.717,0.245,1,0,Monday,2024,0
US,USD,USD,web,52.62,52.62,1.11,1,FALSE,enhanced,257,0.894,0.257,1,0,Monday,2024,0
US,USD,GBP,web,333.26,333.26,5.22,0.8,FALSE,standard,1016,0.944,0.247,0,0,Monday,2024,0
US,USD,GBP,mobile,148.88,148.88,2.56,0.8,TRUE,standard,1016,0.944,0.247,0,0,Saturday,2024,0
US,USD,CNY,web,9995.41,9995.41,150.66,7.142857,FALSE,low,616,0.552,0.361,0,0,Monday,2024,0
CA,CAD,CNY,ATM,152.4,112.78,3.37,5.285714,FALSE,low,615,0.515,0.355,0,0,Tuesday,2024,0
US,USD,USD,mobile,35.27,35.27,2.35,1,TRUE,standard,263,0.522,0.223,0,0,Tuesday,2024,0
CA,CAD,PHP,mobile,115.02,85.11,3.14,43.529412,FALSE,low,824,0.607,0.282,0,0,Tuesday,2024,0
US,USD,GBP,web,13.3,13.3,1.23,0.8,FALSE,standard,147,0.551,0.391,0,0,Tuesday,2024,0
UK,GBP,PHP,mobile,103.24,129.05,2.44,73.529412,TRUE,standard,4,0.892,0.407,0,0,Tuesday,2024,0
US,USD,CAD,mobile,233.15,233.15,4.61,1.351351,FALSE,standard,1018,0.934,0.087,0,0,Tuesday,2024,0
US,USD,EUR,mobile,225.14,225.14,4.11,0.925926,FALSE,standard,298,0.336,0.166,0,0,Friday,2024,0
US,USD,EUR,mobile,295.6,295.6,5.19,0.925926,FALSE,standard,263,0.522,0.223,0,0,Tuesday,2024,0
US,USD,CAD,mobile,25.26,25.26,2.41,1.351351,FALSE,standard,298,0.336,0.166,0,0,Tuesday,2024,0
US,USD,GBP, mobile  ,663.94,663.94,11.27,0.8,FALSE,standard,298,0.336,0.166,0,0,Tuesday,2024,0
UK,GBP,MXN,ATM,85.63,107.03,2.68,21.551724,FALSE,standard,4,0.892,0.407,0,0,Tuesday,2024,0
US,USD,EUR,mobile,64,64,2,0.925926,FALSE,standard,1016,0.944,0.247,0,0,Tuesday,2024,0
US,USD,NGN,mobile,9990.19,9990.19,151.29,1111.111111,FALSE,standard,1016,0.944,0.247,0,0.25,Tuesday,2024,0
US,USD,CAD,mobile,365.62,365.62,6.35,1.351351,FALSE,standard,263,0.522,0.223,0,0,Wednesday,2024,0
US,USD,NGN,mobile,94.34,94.34,1.95,1111.111111,TRUE,standard,1016,0.794,0.247,1,0.25,Wednesday,2024,0
UK,GBP,USD,mobile,36.22,45.27,1.64,1.25,FALSE,standard,4,0.892,0.407,1,0,Wednesday,2024,0
US,USD,NGN,web,58.06,58.06,2.25,1111.111111,FALSE,standard,263,0.522,0.223,0,0.25,Wednesday,2024,0
US,USD,INR,mobile,1039.29,1039.29,16.65,83.333333,FALSE,standard,1018,0.934,0.087,0,0,Wednesday,2024,0
US,USD,CAD,mobile,272.27,272.27,5.53,1.351351,FALSE,standard,298,0.336,0.166,0,0,Wednesday,2024,0
US,USD,NGN,web,99.96,99.96,1.09,1111.111111,FALSE,standard,263,0.522,0.223,0,0.25,Wednesday,2024,0
US,USD,CNY,web,141.23,141.23,2.92,7.142857,FALSE,standard,147,0.401,0.391,0,0,Wednesday,2024,0
US,USD,EUR,web,317.37,317.37,6.16,0.925926,FALSE,standard,1016,0.944,0.247,0,0,Wednesday,2024,0
US,USD,USD,mobile,124.04,124.04,2.92,1,FALSE,standard,830,0.799,0.102,0,0,Thursday,2024,0
US,USD,GBP,mobile,89.69,89.69,2.26,0.8,FALSE,standard,263,0.522,0.223,0,0,Thursday,2024,0
UK,GBP,CNY,mobile,123.06,153.82,2.53,8.928571,FALSE,low,704,0.515,0.283,0,0,Thursday,2024,0
US,USD,USD,mobile,208.62,208.62,3.92,1,FALSE,standard,1018,0.934,0.087,5,0,Thursday,2024,0
US,USD,GBP,mobile,9997.78,9997.78,151.46,0.8,FALSE,standard,638,0.839,0.244,0,0,Thursday,2024,0
US,USD,CAD,web,151.74,151.74,2.87,1.351351,TRUE,standard,298,0.336,0.166,0,0,Thursday,2024,0
US,USD,INR,mobile,182.14,410.97,110.92,83.333333,FALSE,unknown,367,0.68,0.176,0,0,Thursday,2024,0
US,USD,INR,web,354.35,354.35,6.18,83.333333,TRUE,enhanced,367,0.939,0.176,0,0,Thursday,2024,0
US,USD,NGN,mobile,315.18,315.18,6,1111.111111,TRUE,standard,147,0.551,0.391,0,0.25,Thursday,2024,0
US,USD,PHP,web,42.71,42.71,1.49,58.823529,TRUE,standard,147,0.551,0.391,0,0.1,Thursday,2024,0
UK,GBP,EUR,web,69.04,86.3,2.5,1.157407,FALSE,standard,718,0.953,0.169,0,0.05,Thursday,2024,0
US,USD,CAD,mobile,125.88,125.88,2.84,1.351351,FALSE,enhanced,367,0.939,0.176,2,0,Friday,2024,0
US,USD,EUR,mobile,150.73,150.73,2.68,0.925926,FALSE,standard,147,0.551,0.391,1,0,Friday,2024,0
US,USD,GBP,web,40.3,40.3,0.74,0.8,FALSE,standard,830,0.799,0.102,0,0,Friday,2024,0
US,USD,CAD,mobile,9994.28,9994.28,151,1.351351,FALSE,low,954,0.576,0.332,0,0,-1,0,0
US,USD,CNY,mobile,100.25,100.25,2.25,7.142857,TRUE,standard,1018,0.934,0.087,0,0,Friday,2024,0
US,USD,INR,mobile,145.88,145.88,2.65,83.333333,FALSE,standard,263,0.522,0.223,0,0,Friday,2024,0
CA,CAD,PHP,web,156.1,115.52,2.69,43.529412,FALSE,standard,947,0.625,0.268,0,0,Friday,2024,0
CA,CAD,USD,ATM,576.02,426.26,10.8,0.74,FALSE,low,824,0.607,0.282,0,0,Friday,2024,0
US,USD,INR,web,423.25,423.25,7.13,83.333333,FALSE,standard,147,0.551,0.391,0,0,Friday,2024,0
US,USD,USD,ATM,133.34,133.34,2.74,1,TRUE,standard,1018,0.934,0.087,0,0,Saturday,2024,0
US,USD,CNY,mobile,110.55,110.55,2.59,7.142857,FALSE,enhanced,257,0.894,0.257,0,0,Saturday,2024,0
US,USD,MXN,mobile,325.16,325.16,6.27,17.241379,FALSE,low,616,0.702,0.361,0,0.2,Saturday,2024,0
US,USD,PHP,mobile,431.72,431.72,7.45,58.823529,FALSE,standard,263,0.522,0.223,0,0.1,Saturday,2024,0
US,USD,INR,web,220.35,220.35,4.4,83.333333,TRUE,standard,86,0.791,0.104,0,0,Saturday,2024,0
US,USD,EUR,mobile,-69.24,69.24,9999.99,0.925926,FALSE,standard,1018,-0.1,0.087,0,0,Saturday,2024,0
US,USD,INR,mobile,111.85,111.85,3.02,83.333333,FALSE,standard,147,0.551,0.391,1,0,Saturday,2024,0
UK,GBP,PHP,web,101.49,126.86,2.61,73.529412,FALSE,standard,4,0.892,0.407,0,0,Saturday,2024,0
US,USD,CAD,ATM,123.2,123.2,2.79,1.351351,FALSE,standard,263,0.522,0.223,0,0,Saturday,2024,0
US,USD,CAD,mobile,228.33,228.33,4.39,1.351351,TRUE,standard,147,0.551,0.391,0,0,Saturday,2024,0
US,USD,INR,web,93.87,93.87,1.16,83.333333,FALSE,standard,1016,0.944,0.247,0,0,Sunday,2024,0
US,USD,USD,web,326.47,326.47,5.72,1,FALSE,standard,1018,0.934,0.087,1,0,Sunday,2024,0
US,USD,NGN,mobile,397.9,397.9,7.11,1111.111111,FALSE,standard,1018,0.934,0.087,0,0.25,Sunday,2024,0
CA,CAD,GBP,mobile,43.95,32.52,1.25,0.592,FALSE,standard,1041,0.867,0.245,0,0,Sunday,2024,0
US,USD,EUR,web,270.05,270.05,5.54,0.925926,FALSE,enhanced,367,0.939,0.176,0,0,Sunday,2024,0
UK,GBP,INR,web,9.24,11.55,1.34,104.166667,FALSE,standard,4,0.892,0.407,0,0,Sunday,2024,0
US,USD,GBP,ATM,183.12,183.12,4.14,0.8,FALSE,standard,298,0.336,0.166,0,0,Sunday,2024,0
US,USD,INR,mobile,180.67,180.67,3.74,83.333333,FALSE,standard,1018,0.934,0.087,1,0,Sunday,2024,0
US,USD,CNY,mobile,494.96,494.96,9.01,7.142857,TRUE,standard,1058,0.923,0.139,0,0,Sunday,2024,0
UK,GBP,NGN,mobile,187.64,234.55,3.95,1388.888889,FALSE,standard,718,0.953,0.169,0,0.22,Monday,2024,0
US,USD,PHP,mobile,9996.27,9996.27,150.29,58.823529,FALSE,standard,147,0.551,0.391,0,0.1,Monday,2024,0
US,USD,INR,ATM,115.02,115.02,3.27,83.333333,FALSE,standard,298,0.336,0.166,0,0,Monday,2024,0
US,USD,GBP,web,145.61,145.61,3.6,0.8,FALSE,enhanced,367,0.939,0.176,1,0,Monday,2024,0
US,USD,NGN,ATM,146.85,146.85,3.42,1111.111111,FALSE,standard,147,0.551,0.391,0,0.25,Monday,2024,0
US,USD,USD,mobile,134.07,134.07,3.24,1,FALSE,standard,1018,0.934,0.087,0,0,Monday,2024,0
US,USD,CNY,mobile,269.57,269.57,4.39,7.142857,FALSE,standard,263,0.522,0.223,0,0,Monday,2024,0
US,USD,PHP,web,536.15,536.15,9.2,58.823529,FALSE,standard,1018,0.934,0.087,0,0.1,Monday,2024,0
US,USD,EUR,web,1531.4,1531.4,23.71,0.925926,FALSE,standard,1016,0.944,0.247,0,0,Tuesday,2024,0
UK,GBP,EUR,mobile,95.83,119.79,2.27,1.157407,FALSE,standard,4,0.742,0.407,0,0.05,Tuesday,2024,1
US,USD,GBP, web  ,784.91,784.91,12.95,0.8,FALSE,standard,298,0.336,0.166,0,0,Tuesday,2024,1
UK,GBP,MXN,mobile,242.73,303.42,4.49,21.551724,FALSE,standard,4,0.892,0.407,0,0,Tuesday,2024,0
CA,CAD,CNY,mobile,142.17,105.2,3,5.285714,FALSE,standard,1041,0.867,0.245,0,0,Tuesday,2024,0
US,USD,GBP,mobile,87.65,87.65,2.22,0.8,TRUE,standard,298,0.336,0.166,6,0,Tuesday,2024,0
US,USD,GBP,mobile,296.7,296.7,5.21,0.8,TRUE,standard,1018,0.934,0.087,0,0,Tuesday,2024,0
US,USD,CNY,web,273.06,273.06,5.23,7.142857,FALSE,low,954,0.576,0.332,0,0,Tuesday,2024,0
US,USD,USD,mobile,23.8,23.8,0.55,1,FALSE,standard,263,0.522,0.223,0,0,Tuesday,2024,0
UK,GBP,CNY,web,91,113.75,3.47,8.928571,FALSE,standard,4,0.892,0.407,0,0,Wednesday,2024,0
US,USD,INR,mobile,389.44,389.44,7.52,83.333333,FALSE,standard,263,0.522,0.223,0,0,Wednesday,2024,0
US,USD,PHP,mobile,428.61,428.61,8.05,58.823529,FALSE,standard,147,0.551,0.391,1,0.1,Wednesday,2024,0
US,USD,PHP,mobile,633.61,633.61,10.89,58.823529,FALSE,standard,1018,0.934,0.087,1,0.1,Wednesday,2024,0
US,USD,PHP,web,108.33,108.33,2.77,58.823529,FALSE,enhanced,367,0.939,0.176,0,0.1,Wednesday,2024,0
US,USD,GBP,ATM,120.7,120.7,2.05,0.8,FALSE,standard,263,0.522,0.223,1,0,Wednesday,2024,0
US,USD,NGN,mobile,453.15,453.15,7.27,1111.111111,TRUE,standard,263,0.522,0.223,0,0.25,Wednesday,2024,0
CA,CAD,INR,web,94.96,70.27,1.8,61.666667,FALSE,standard,947,0.625,0.268,0,0.12,Wednesday,2024,0
UK,GBP,INR,mobile,243.74,304.67,4.39,104.166667,FALSE,standard,4,0.892,0.407,0,0,Thursday,2024,0
US,USD,INR,web,57.51,57.51,2.18,83.333333,FALSE,standard,263,0.522,0.223,0,0,Thursday,2024,0
US,USD,NGN,web,168.62,168.62,3.85,1111.111111,FALSE,standard,263,0.522,0.223,0,0.25,Thursday,2024,0
CA,CAD,GBP,web,43.98,32.55,2.05,0.592,TRUE,standard,947,0.625,0.268,0,0,Thursday,2024,0
US,USD,CAD,mobile,9992.82,9992.82,151.53,1.351351,FALSE,standard,1018,0.934,0.087,0,0,Thursday,2024,0
US,USD,USD,mobile,60.83,60.83,2.49,1,FALSE,standard,298,0.336,0.166,0,0,Thursday,2024,0
US,USD,EUR,web,112.82,112.82,2.67,0.925926,FALSE,enhanced,367,0.939,0.176,0,0,Thursday,2024,0
US,USD,CNY,mobile,70.52,70.52,1.99,7.142857,FALSE,standard,263,0.522,0.223,0,0,Thursday,2024,0
US,USD,EUR,ATM,57.45,57.45,1.64,0.925926,FALSE,standard,1016,0.944,0.247,0,0,Friday,2024,0
US,USD,INR,web,66.9,66.9,2.83,83.333333,FALSE,standard,263,0.522,0.223,0,0,Thursday,2024,0
UK,GBP,CAD,web,201.16,251.45,3.72,1.689189,TRUE,low,704,0.515,0.283,0,0,Thursday,2024,0
US,USD,USD,mobile,203.4,203.4,4.25,1,FALSE,standard,298,0.336,0.166,0,0,Thursday,2024,0
US,USD,PHP,mobile,312,312,5,58.823529,FALSE,standard,263,0.522,0.223,0,0.1,Friday,2024,0
US,USD,INR,mobile,74.59,74.59,2.08,83.333333,FALSE,standard,147,0.551,0.391,0,0,Friday,2024,0
CA,CAD,GBP,web,162.86,120.52,3.42,0.592,FALSE,low,615,0.515,0.355,0,0,Sunday,2024,0
US,USD,MXN,mobile,147.46,147.46,3.04,17.241379,FALSE,standard,1018,0.934,0.087,0,0.2,Friday,2024,0
CA,CAD,CAD,mobile,308.25,228.1,5.79,1,FALSE,standard,947,0.625,0.268,1,0,Friday,2024,0
US,USD,MXN,mobile,261.45,261.45,5.07,17.241379,FALSE,standard,298,0.336,0.166,0,0.2,Friday,2024,0
US,USD,CNY,web,264.97,264.97,4.41,7.142857,FALSE,standard,147,0.551,0.391,0,0,Friday,2024,0
UK,GBP,CNY,mobile,151.12,188.89,3.78,8.928571,FALSE,standard,718,0.953,0.169,0,0,Friday,2024,0
US,USD,INR,mobile,9998.1,9998.1,151.02,83.333333,FALSE,enhanced,257,0.894,0.257,0,0,Saturday,2024,0
UK,GBP,GBP,mobile,148.48,185.6,2.53,1,FALSE,low,704,0.515,0.283,0,0,Saturday,2024,0
CA,CAD,CAD,web,128.25,94.91,3,1,FALSE,standard,1041,0.867,0.245,0,0,Saturday,2024,0
US,USD,EUR,mobile,204.36,204.36,3.59,0.925926,FALSE,standard,263,0.522,0.223,0,0,Saturday,2024,0
US,USD,EUR,web,1904.09,1904.09,30.79,0.925926,FALSE,enhanced,367,0.939,0.176,0,0,Saturday,2024,0
UK,GBP,GBP,mobile,42.55,53.19,1.96,1,FALSE,standard,4,0.892,0.407,0,0,Saturday,2024,0
US,USD,GBP,web,401.08,401.08,7.54,0.8,FALSE,standard,1018,0.934,0.087,0,0,Saturday,2024,0
US,USD,EUR,ATM,188.71,188.71,3.33,0.925926,FALSE,enhanced,257,0.894,0.257,1,0,Saturday,2024,0
US,USD,GBP,MOBILE,58.74,58.74,1.75,0.8,FALSE,standard,298,0.336,0.166,0,0,Saturday,2024,0
US,USD,CAD,mobile,172.1,172.1,3.4,1.351351,FALSE,enhanced,367,0.939,0.176,1,0,Saturday,2024,0
US,USD,NGN,mobile,226.44,226.44,4.91,1111.111111,FALSE,standard,1018,0.934,0.087,0,0.25,Saturday,2024,0
US,USD,PHP,ATm,812.67,812.67,12.65,58.823529,FALSE,standard,263,0.522,0.223,0,0.1,Saturday,2024,0
US,USD,NGN,web,777.09,777.09,12.45,1111.111111,FALSE,standard,1016,0.794,0.247,0,0.25,Saturday,2024,0
UK,GBP,CAD,web,9990.34,12487.92,151.2,1.689189,FALSE,standard,4,0.892,0.407,0,0,Saturday,2024,0
US,USD,GBP,mobile,395.34,395.34,6.89,0.8,FALSE,low,616,0.552,0.361,0,0,Saturday,2024,0
US,USD,INR,mobile,256.17,256.17,-1,83.333333,FALSE,standard,1018,-0.1,0.087,0,0,Sunday,2024,0
US,USD,INR,mobile,83.17,83.17,2.44,83.333333,FALSE,enhanced,257,0.894,0.257,0,0,Sunday,2024,0
US,USD,USD,web,262.99,262.99,4.14,1,FALSE,enhanced,367,0.939,0.176,0,0,Sunday,2024,0
UK,GBP,GBP,mobile,125.28,410.97,110.92,1,FALSE,unknown,718,0.68,0.169,0,0,Sunday,2024,0
CA,CAD,NGN,mobile,43.08,31.88,0.5,822.222222,FALSE,standard,1041,0.867,0.245,6,0,Sunday,2024,0
US,USD,PHP,ATM,127.55,127.55,3.18,58.823529,FALSE,enhanced,257,0.894,0.257,1,0.1,Sunday,2024,0
US,USD,MXN,web,43,43,2.12,17.241379,FALSE,standard,147,0.551,0.391,0,0.2,Monday,2024,0
US,USD,INR,mobile,170,170,3.5,83.333333,FALSE,standard,263,0.372,0.223,0,0,Monday,2024,0
CA,CAD,MXN,mobile,182.59,135.12,2.92,12.758621,FALSE,standard,947,0.625,0.268,0,0,Monday,2024,0
UK,GBP,USD,ATM,79.83,99.78,2.05,1.25,FALSE,standard,4,0.892,0.407,0,0,Monday,2024,0
UK,GBP,CAD,web,28.49,35.62,1.17,1.689189,FALSE,standard,718,0.953,0.169,0,0,Monday,2024,0
CA,CAD,GBP,web,9992.71,7394.6,150.69,0.592,FALSE,low,615,0.515,0.355,0,0,Monday,2024,0
CA,CAD,EUR,mobile,464.01,343.37,8.62,0.685185,FALSE,low,615,0.515,0.355,0,0,Monday,2024,0
CA,CAD,NGN,web,209.11,410.97,110.92,822.222222,FALSE,unknown,824,0.68,0.282,0,0,Monday,2024,0
US,USD,CAD,web,125.79,125.79,2.34,1.351351,FALSE,standard,263,0.522,0.223,0,0,Monday,2024,0
US,USD,USD,mobile,53.4,53.4,1,1,FALSE,standard,298,0.336,0.166,0,0,Monday,2024,0
US,USD,CNY,ATM,191.27,191.27,4.1,7.142857,FALSE,standard,1018,0.934,0.087,1,0,Monday,2024,0
US,USD,USD,mobile,309.13,309.13,5.76,1,FALSE,standard,34,0.427,0.068,0,0,Monday,2024,0
US,USD,NGN,ATM,56.2,56.2,2.54,1111.111111,FALSE,standard,263,0.522,0.223,0,0.25,Tuesday,2024,0
US,USD,USD,MOBILE,80.67,80.67,1.52,1,FALSE,standard,298,0.336,0.166,0,0,Tuesday,2024,0
US,USD,MXN,web,306.9,306.9,4.96,17.241379,FALSE,standard,1016,0.944,0.247,0,0.2,Tuesday,2024,0
UK,GBP,INR,web,230.57,288.21,4.63,104.166667,FALSE,standard,4,0.892,0.407,0,0,Tuesday,2024,0
US,USD,NGN,mobile,438.78,438.78,7.08,1111.111111,FALSE,standard,298,0.336,0.166,0,0.25,Wednesday,2024,0
US,USD,PHP,web,237.8,237.8,4.53,58.823529,FALSE,enhanced,257,0.894,0.257,0,0.1,Tuesday,2024,0
CA,CAD,NGN,mobile,162.83,120.49,3.77,822.222222,TRUE,standard,172,0.881,0.199,0,0,Tuesday,2024,0
US,USD,PHP,mobile,195.89,195.89,2.76,58.823529,FALSE,enhanced,257,0.894,0.257,0,0.1,Wednesday,2024,0
US,USD,USD,mobile,60.77,60.77,1.83,1,FALSE,standard,1018,0.934,0.087,0,0,Wednesday,2024,0
UK,GBP,CNY,mobile,92.39,115.49,2.32,8.928571,TRUE,standard,4,0.892,0.407,0,0,Wednesday,2024,0
US,USD,CNY,mobile,59.02,59.02,1.95,7.142857,FALSE,standard,147,0.551,0.391,0,0,Wednesday,2024,0
US,USD,PHP,ATM,89.38,89.38,2.01,58.823529,FALSE,enhanced,257,0.894,0.257,0,0.1,Wednesday,2024,0
US,USD,NGN,web,440.67,440.67,7.28,1111.111111,FALSE,standard,263,0.522,0.223,0,0.25,Wednesday,2024,0
US,USD,USD,mobile,15.07,15.07,1.14,1,FALSE,standard,147,0.551,0.391,0,0,Wednesday,2024,0
US,USD,GBP,mobile,83.75,83.75,1.89,0.8,FALSE,standard,1018,0.934,0.087,2,0,Wednesday,2024,0
unknown,GBP,PHP,mobille,191.45,239.31,4.01,73.529412,FALSE,unknown,4,0.892,0.407,1,0,Wednesday,2024,0
US,USD,CAD,mobile,93.56,93.56,2.73,1.351351,FALSE,enhanced,367,0.939,0.176,0,0,Wednesday,2024,0
CA,CAD,PHP,ATM,776.54,574.64,12.92,43.529412,FALSE,standard,1041,0.867,0.245,0,0,Wednesday,2024,0
US,USD,INR,mobile,41.2,41.2,1.58,83.333333,FALSE,enhanced,367,0.939,0.176,0,0,Thursday,2024,0
UK,GBP,EUR,mobile,90.77,113.46,3.25,1.157407,FALSE,standard,4,0.892,0.407,0,0.05,Thursday,2024,0
US,USD,PHP,mobile,68.4,68.4,1.65,58.823529,FALSE,standard,263,0.522,0.223,0,0.1,Thursday,2024,0
CA,CAD,NGN,mobile,101.57,75.17,2.97,822.222222,FALSE,standard,947,0.475,0.268,0,0,Thursday,2024,0
US,USD,CNY,mobile,15.69,15.69,0.64,7.142857,FALSE,enhanced,367,0.939,0.176,0,0,Thursday,2024,0
US,USD,USD,mobile,158.53,158.53,3.72,1,FALSE,standard,859,0.96,0.363,0,0,Thursday,2024,0
US,USD,INR,web,255.14,255.14,4.62,83.333333,TRUE,standard,263,0.522,0.223,0,0,Thursday,2024,0
US,USD,USD,web,176.01,176.01,4.04,1,FALSE,enhanced,257,0.894,0.257,1,0,Thursday,2024,0
US,USD,NGN,mobile,406.43,406.43,6.62,1111.111111,FALSE,standard,298,0.336,0.166,0,0.25,Friday,2024,0
US,USD,USD,mobile,9990.35,9990.35,149.89,1,TRUE,standard,263,0.522,0.223,0,0,Friday,2024,0
US,USD,GBP,web,68.49,68.49,1.82,0.8,FALSE,standard,298,0.336,0.166,0,0,Friday,2024,0
US,USD,USD,web,188.82,410.97,110.92,1,FALSE,unknown,367,0.68,0.176,0,0,Friday,2024,0
CA,CAD,CAD,web,292.29,216.29,5.39,1,FALSE,standard,947,0.625,0.268,0,0,Friday,2024,0
UK,GBP,INR,mobile,223.96,279.95,5.05,104.166667,FALSE,standard,686,0.787,0.231,0,0,Friday,2024,0
US,USD,CNY,web,78.02,78.02,1.92,7.142857,FALSE,standard,263,0.372,0.223,0,0,Friday,2024,0
US,USD,CNY,mobile,282.04,282.04,4.96,7.142857,FALSE,standard,263,0.522,0.223,0,0,Friday,2024,0
US,USD,GBP,web,128.27,128.27,2.95,0.8,FALSE,standard,147,0.551,0.391,0,0,Friday,2024,0
US,USD,CAD,ATM,247.57,247.57,5.27,1.351351,FALSE,standard,263,0.522,0.223,0,0,Friday,2024,0
US,USD,PHP,mobile,448.67,448.67,7.63,58.823529,FALSE,standard,1016,0.944,0.247,0,0.1,Friday,2024,0
CA,CAD,INR,mobile,204.15,151.07,4.09,61.666667,FALSE,standard,947,0.625,0.268,0,0.12,Saturday,2024,0
US,USD,USD,mobile,47.99,47.99,2.87,1,FALSE,enhanced,367,0.939,0.176,0,0,Saturday,2024,0
US,USD,GBP,mobile,118.44,118.44,2.31,0.8,FALSE,standard,1018,0.934,0.087,0,0,Saturday,2024,0
US,USD,EUR,mobile,192.52,192.52,3.65,0.925926,TRUE,enhanced,367,0.939,0.176,0,0,Saturday,2024,0
US,USD,PHP,mobile,190.97,190.97,4.44,58.823529,FALSE,standard,298,0.336,0.166,0,0.1,Saturday,2024,0
US,USD,PHP,web,78.62,78.62,2.02,58.823529,FALSE,standard,147,0.401,0.391,0,0.1,Saturday,2024,0
US,USD,NGN,web,9996.88,9996.88,150.42,1111.111111,FALSE,standard,263,0.522,0.223,0,0.25,Saturday,2024,0
UK,GBP,USD,mobile,157.6,197,3.84,1.25,FALSE,standard,4,0.892,0.407,1,0,Saturday,2024,0
US,USD,CNY,mobile,99.22,99.22,2.51,7.142857,FALSE,standard,298,0.336,0.166,0,0,Saturday,2024,1
US,USD,NGN,mobile,102.29,102.29,2.81,1111.111111,FALSE,standard,263,0.522,0.223,0,0.25,-1,0,0
UK,GBP,MXN,mobile,160.39,200.49,2.45,21.551724,FALSE,standard,4,0.892,0.407,0,0,Saturday,2024,0
US,USD,GBP,mobile,570.47,570.47,9.98,0.8,FALSE,enhanced,367,0.939,0.176,0,0,Saturday,2024,0
US,USD,INR,ATM,87.44,87.44,1.99,83.333333,TRUE,standard,298,0.336,0.166,0,0,Sunday,2024,0
US,USD,NGN,web,211.4,211.4,4.27,1111.111111,FALSE,standard,1018,0.934,0.087,0,0.25,Sunday,2024,0
US,USD,GBP,mobile,214.37,214.37,4.01,0.8,FALSE,standard,298,0.336,0.166,0,0,Sunday,2024,0
UK,GBP,CNY,mobile,39.95,49.94,2.41,8.928571,TRUE,standard,4,0.892,0.407,0,0,Sunday,2024,0
US,USD,EUR,ATM,247.76,247.76,4.93,0.925926,FALSE,standard,263,0.522,0.223,0,0,Sunday,2024,0
US,USD,INR,mobile,376.71,376.71,6.56,83.333333,FALSE,standard,263,0.522,0.223,0,0,Sunday,2024,0
UK,GBP,USD,mobile,272.84,341.05,5.46,1.25,FALSE,standard,718,0.953,0.169,0,0,Sunday,2024,0
UK,GBP,USD,web,107.18,133.97,2.03,1.25,FALSE,standard,4,0.892,0.407,0,0,Sunday,2024,0
CA,CAD,INR,mobile,206.8,153.03,5.47,61.666667,FALSE,standard,947,0.625,0.268,0,0.12,Sunday,2024,0
US,USD,NGN,mobile,51.03,51.03,2.22,1111.111111,FALSE,low,954,0.576,0.332,0,0.25,Sunday,2024,0
US,USD,INR,web,89.19,89.19,1.89,83.333333,FALSE,standard,1016,0.944,0.247,1,0,Sunday,2024,0
US,USD,EUR,mobile,126.28,126.28,3.27,0.925926,TRUE,standard,1092,0.454,0.462,0,0,Sunday,2024,0
US,USD,USD,mobile,119.91,119.91,2.73,1,TRUE,standard,716,0.912,0.029,0,0,Sunday,2024,0
UK,GBP,CNY,mobile,298.26,372.82,5.75,8.928571,FALSE,standard,718,0.953,0.169,0,0,Sunday,2024,0
CA,CAD,INR,mobile,190.19,140.74,3.42,61.666667,FALSE,low,824,0.607,0.282,0,0.12,-1,0,0
US,USD,GBP,mobile,211.16,211.16,4.33,0.8,FALSE,standard,34,0.427,0.068,0,0,Sunday,2024,0
UK,GBP,PHP,mobile,502.92,628.65,8.99,73.529412,FALSE,standard,4,0.892,0.407,0,0,Sunday,2024,0
UK,GBP,CNY,mobile,271.18,338.98,5.02,8.928571,FALSE,standard,4,0.892,0.407,0,0,Sunday,2024,0
CA,CAD,GBP,mobile,461.59,341.58,7.49,0.592,FALSE,standard,947,0.625,0.268,0,0,Sunday,2024,0
US,USD,EUR,mobile,217.21,217.21,4.47,0.925926,FALSE,standard,859,0.96,0.363,0,0,Sunday,2024,0
US,USD,EUR,ATM,96.12,96.12,1.91,0.925926,FALSE,standard,1018,0.934,0.087,0,0,Monday,2024,0
US,USD,USD,ATM,207.71,207.71,4.25,1,FALSE,standard,147,0.551,0.391,0,0,Monday,2024,0
US,USD,PHP,ATM,-724.24,724.24,9999.99,58.823529,FALSE,standard,638,-0.1,0.244,0,0.1,Monday,2024,0
US,USD,CNY,mobile,179.45,179.45,4.59,7.142857,FALSE,standard,263,0.522,0.223,0,0,Monday,2024,0
UK,GBP,INR,web,390.46,488.07,8.08,104.166667,FALSE,standard,4,0.892,0.407,0,0,Monday,2024,0
UK,GBP,MXN,mobile,105.28,131.61,1.53,21.551724,FALSE,standard,718,0.953,0.169,0,0,Monday,2024,0
US,USD,GBP,mobile,78.42,78.42,2.39,0.8,FALSE,standard,34,0.427,0.068,0,0,Monday,2024,0
UK,GBP,NGN,web,371.49,464.37,6.89,1388.888889,FALSE,standard,4,0.892,0.407,0,0.22,Tuesday,2024,1
US,USD,EUR,mobile,175.16,175.16,3.94,0.925926,TRUE,enhanced,257,0.894,0.257,0,0,Monday,2024,0
US,USD,INR,mobile,174.05,174.05,3.88,83.333333,TRUE,standard,298,0.336,0.166,0,0,Tuesday,2024,0
US,USD,MXN,mobile,29.11,29.11,1.52,17.241379,FALSE,standard,147,0.551,0.391,0,0.2,Tuesday,2024,0
CA,CAD,GBP,mobile,598.93,443.21,9.76,0.592,FALSE,standard,947,0.625,0.268,0,0,Wednesday,2024,0
US,USD,NGN,mobile,108.54,108.54,1.77,1111.111111,FALSE,standard,1018,0.934,0.087,0,0.25,Wednesday,2024,0
CA,CAD,EUR,mobile,136.93,101.33,3.34,0.685185,FALSE,enhanced,63,0.853,0.13,0,0,Wednesday,2024,0
US,USD,INR,mobile,228.35,228.35,4.15,83.333333,FALSE,standard,147,0.551,0.391,0,0,Wednesday,2024,0
US,USD,EUR,web,182.51,182.51,3.68,0.925926,FALSE,enhanced,367,0.789,0.176,0,0,Wednesday,2024,0
US,USD,CAD,web,53.62,53.62,1.77,1.351351,FALSE,standard,1018,0.934,0.087,0,0,Wednesday,2024,0
US,USD,CAD,web,69.08,69.08,1.33,1.351351,FALSE,standard,1058,0.923,0.139,0,0,Wednesday,2024,0
US,USD,CNY,mobile,162.79,162.79,3.36,7.142857,FALSE,enhanced,367,0.939,0.176,0,0,Wednesday,2024,0
UK,GBP,PHP,mobile,70.84,410.97,110.92,73.529412,FALSE,unknown,4,0.68,0.407,0,0,Wednesday,2024,0
UK,GBP,MXN,web,354.8,443.5,6.6,21.551724,FALSE,standard,4,0.892,0.407,0,0,Wednesday,2024,0
US,USD,EUR,web,883.09,883.09,13.78,0.925926,FALSE,enhanced,367,0.939,0.176,1,0,Wednesday,2024,0
UK,GBP,MXN,web,111.18,138.97,2.31,21.551724,FALSE,standard,4,0.892,0.407,0,0,Thursday,2024,0
CA,CAD,USD,mobile,90.28,66.8,2.11,0.74,TRUE,standard,172,0.881,0.199,0,0,Thursday,2024,0
US,USD,GBP,web,80.64,80.64,2.45,0.8,FALSE,standard,1016,0.944,0.247,0,0,Wednesday,2024,0
US,USD,INR,web,166.55,166.55,3.23,83.333333,TRUE,standard,1016,0.944,0.247,0,0,Thursday,2024,0
UK,GBP,CAD,mobile,120.47,150.58,2.46,1.689189,FALSE,standard,4,0.892,0.407,0,0,Thursday,2024,0
US,USD,CAD,web,131.87,131.87,2.4,1.351351,FALSE,enhanced,367,0.939,0.176,0,0,Thursday,2024,0
US,USD,CNY,mobile,99.92,99.92,3.35,7.142857,FALSE,standard,298,0.336,0.166,0,0,Thursday,2024,0
US,USD,PHP,mobile,438.81,438.81,6.98,58.823529,FALSE,standard,298,0.336,0.166,0,0.1,Thursday,2024,0
US,USD,INR,mobile,223.33,223.33,3.49,83.333333,FALSE,enhanced,367,0.939,0.176,0,0,Thursday,2024,0
US,USD,EUR,mobile,272.76,272.76,5.18,0.925926,FALSE,enhanced,367,0.939,0.176,1,0,Thursday,2024,0
UK,GBP,CAD,mobile,91.65,114.57,2.5,1.689189,FALSE,standard,4,0.892,0.407,0,0,Thursday,2024,0
US,USD,USD,web,584.44,584.44,9.82,1,FALSE,standard,263,0.522,0.223,0,0,Thursday,2024,0
US,USD,GBP,ATM,143.97,143.97,3.68,0.8,FALSE,standard,1018,0.934,0.087,0,0,Thursday,2024,0
UK,GBP,GBP,weeb,629.75,787.19,10.95,1,FALSE,standard,718,0.953,0.169,0,0,Friday,2024,0
US,USD,USD,mobile,206.84,206.84,3.98,1,FALSE,enhanced,367,0.939,0.176,0,0,Friday,2024,0
CA,CAD,MXN,mobile,77.55,57.39,2.68,12.758621,TRUE,standard,172,0.881,0.199,0,0,Thursday,2024,0
US,USD,MXN,web,252.34,410.97,110.92,17.241379,FALSE,unknown,298,0.68,0.166,0,0.2,Friday,2024,0
US,USD,INR,mobile,29.94,29.94,1.58,83.333333,FALSE,standard,298,0.336,0.166,0,0,Friday,2024,0
US,USD,EUR,mobile,9993.75,9993.75,151.16,0.925926,FALSE,standard,1016,0.944,0.247,0,0,Friday,2024,0
US,USD,CAD,mobile,102.13,102.13,2.77,1.351351,FALSE,enhanced,367,0.939,0.176,0,0,Friday,2024,0
US,USD,CNY,web,82.09,82.09,2.35,7.142857,FALSE,standard,147,0.551,0.391,0,0,Friday,2024,0
US,USD,NGN,mobile,80.12,80.12,1.07,1111.111111,FALSE,standard,263,0.522,0.223,0,0.25,Friday,2024,0
US,USD,CAD,mobile,169.22,169.22,3.62,1.351351,FALSE,standard,298,0.336,0.166,0,0,Friday,2024,0
US,USD,CAD,ATM,515.62,515.62,8.6,1.351351,FALSE,standard,147,0.551,0.391,0,0,Friday,2024,0
US,USD,GBP,mobile,217.35,217.35,4.4,0.8,FALSE,enhanced,257,0.894,0.257,0,0,Saturday,2024,0
US,USD,GBP,mobile,338.43,338.43,6.08,0.8,FALSE,enhanced,367,0.939,0.176,0,0,Saturday,2024,0
US,USD,CNY,mobile,219,219,4,7.142857,FALSE,standard,298,0.186,0.166,0,0,Saturday,2024,0
CA,CAD,EUR,mobile,106.49,78.8,2.24,0.685185,FALSE,low,615,0.515,0.355,0,0,Saturday,2024,0
US,USD,PHP,mobile,55.6,55.6,1.73,58.823529,TRUE,standard,263,0.522,0.223,1,0.1,Saturday,2024,0
US,USD,EUR,mobile,163.11,163.11,3.56,0.925926,FALSE,enhanced,257,0.894,0.257,0,0,Saturday,2024,0
US,USD,CAD,mobile,356.31,356.31,5.83,1.351351,FALSE,standard,263,0.522,0.223,0,0,Saturday,2024,0
US,USD,INR,mobile,177.69,177.69,3.63,83.333333,FALSE,standard,147,0.551,0.391,0,0,Saturday,2024,0
US,USD,INR,mobile,158.95,158.95,3.37,83.333333,FALSE,standard,1016,0.944,0.247,0,0,Sunday,2024,0
US,USD,INR,web,101.23,101.23,2.48,83.333333,FALSE,standard,1018,0.934,0.087,0,0,Sunday,2024,0
US,USD,PHP,mobile,95.12,95.12,2.58,58.823529,FALSE,enhanced,257,0.894,0.257,0,0.1,Sunday,2024,0
CA,CAD,CAD,mobile,83.16,61.54,2.55,1,FALSE,standard,1041,0.867,0.245,0,0,Sunday,2024,0
US,USD,CAD,web,115.99,115.99,3.32,1.351351,FALSE,standard,1018,0.934,0.087,0,0,Sunday,2024,0
US,USD,EUR,ATM,267.2,267.2,4.93,0.925926,FALSE,standard,992,0.777,0.155,1,0,Sunday,2024,0
CA,CAD,USD,mobile,123.11,91.1,3.3,0.74,FALSE,standard,172,0.881,0.199,0,0,Monday,2024,0
UK,GBP,MXN,ATM,173.6,217,4.61,21.551724,FALSE,standard,4,0.892,0.407,0,0,Monday,2024,0
US,USD,CNY,mobile,205.34,205.34,3.83,7.142857,FALSE,standard,147,0.551,0.391,0,0,Monday,2024,0
US,USD,NGN,web,32.86,32.86,0.96,1111.111111,FALSE,standard,147,0.551,0.391,0,0.25,Monday,2024,0
US,USD,PHP,mobile,60.08,60.08,2,58.823529,FALSE,standard,1018,0.934,0.087,0,0.1,Monday,2024,0
US,USD,CNY,web,640,640,11.11,7.142857,FALSE,standard,446,0.9,0.199,0,0,Monday,2024,0
US,USD,NGN,mobile,80.59,80.59,1.71,1111.111111,FALSE,standard,1016,0.944,0.247,0,0.25,Monday,2024,0
US,USD,NGN,web,37.14,37.14,1.91,1111.111111,FALSE,enhanced,367,0.939,0.176,0,0.25,Monday,2024,0
US,USD,EUR,mobile,568.91,568.91,9.73,0.925926,FALSE,standard,34,0.427,0.068,0,0,Tuesday,2024,0
US,USD,CAD,mobile,154.05,154.05,3.31,1.351351,FALSE,standard,1016,0.944,0.247,0,0,Tuesday,2024,0
CA,CAD,PHP,mobile,189.12,139.95,4.13,43.529412,FALSE,low,824,0.607,0.282,0,0,Tuesday,2024,0
US,USD,CNY,web,110.57,110.57,2.55,7.142857,FALSE,standard,147,0.551,0.391,1,0,Tuesday,2024,0
US,USD,EUR,mobile,183.38,183.38,4.03,0.925926,FALSE,standard,1018,0.934,0.087,0,0,Tuesday,2024,0
US,USD,CNY,mobile,142.24,142.24,2.79,7.142857,FALSE,standard,263,0.522,0.223,0,0,Wednesday,2024,0
US,USD,EUR,ATM,49.13,49.13,1.81,0.925926,FALSE,standard,298,0.336,0.166,0,0,Wednesday,2024,0
US,USD,EUR,mobile,9991.25,9991.25,150.65,0.925926,FALSE,enhanced,257,0.894,0.257,0,0,Wednesday,2024,0
US,USD,CNY,mobile,287.94,287.94,5.38,7.142857,FALSE,standard,34,0.277,0.068,0,0,Wednesday,2024,0
US,USD,NGN,mobile,70.57,70.57,2.34,1111.111111,TRUE,standard,263,0.522,0.223,0,0.25,Wednesday,2024,0
UK,GBP,GBP,web,29.66,37.08,1.21,1,FALSE,standard,4,0.892,0.407,0,0,Wednesday,2024,0
US,USD,PHP,web,-25.09,25.09,9999.99,58.823529,FALSE,standard,263,-0.1,0.223,0,0.1,Wednesday,2024,0
US,USD,CAD,mobile,273.32,273.32,4.15,1.351351,FALSE,standard,298,0.336,0.166,0,0,Wednesday,2024,0
US,USD,USD,mobile,461.68,461.68,7.7,1,FALSE,standard,1018,0.934,0.087,0,0,Thursday,2024,0
US,USD,GBP,mobile,195.2,195.2,3.95,0.8,TRUE,standard,1018,0.934,0.087,1,0,Thursday,2024,0
CA,CAD,NGN,mobile,236.07,174.69,5.24,822.222222,FALSE,low,615,0.515,0.355,0,0,Thursday,2024,0
US,USD,MXN,mobile,81.94,81.94,3.17,17.241379,FALSE,standard,34,0.277,0.068,0,0.2,Thursday,2024,0
US,USD,USD,web,306.84,306.84,5.03,1,FALSE,enhanced,367,0.939,0.176,0,0,Thursday,2024,0
UK,GBP,MXN,mobile,252.15,315.18,4.56,21.551724,FALSE,standard,4,0.892,0.407,0,0,Thursday,2024,0
US,USD,USD,mobile,158.67,158.67,3.62,1,FALSE,standard,263,0.522,0.223,0,0,Thursday,2024,0
UK,GBP,PHP,mobile,156.85,196.07,3.59,73.529412,TRUE,standard,4,0.892,0.407,0,0,Thursday,2024,0
US,USD,CAD,mobile,394.4,394.4,7.11,1.351351,FALSE,standard,263,0.522,0.223,0,0,Thursday,2024,0
US,USD,GBP,web,153.72,153.72,3.16,0.8,FALSE,standard,263,0.522,0.223,0,0,Thursday,2024,0
UK,GBP,USD,mobile,223.6,279.5,4.09,1.25,FALSE,standard,4,0.742,0.407,0,0,Thursday,2024,0
US,USD,MXN,web,107.81,107.81,2.42,17.241379,TRUE,standard,298,0.336,0.166,0,0.2,Thursday,2024,0
US,USD,USD,mobile,346.77,346.77,5.83,1,TRUE,standard,263,0.522,0.223,0,0,Friday,2024,0
US,USD,GBP,web,199.43,199.43,3.97,0.8,FALSE,standard,1018,0.934,0.087,0,0,Friday,2024,0
US,USD,NGN,mobile,142.17,142.17,2.56,1111.111111,FALSE,standard,298,0.336,0.166,0,0.25,Friday,2024,0
US,USD,CAD,WEB,169.83,169.83,3.66,1.351351,FALSE,low,616,0.552,0.361,0,0,Friday,2024,0
US,USD,CAD,ATM,118.15,118.15,2.5,1.351351,TRUE,standard,298,0.336,0.166,0,0,Friday,2024,1
US,USD,CAD,mobile,511.37,511.37,9.03,1.351351,FALSE,standard,298,0.336,0.166,0,0,Friday,2024,0
UK,GBP,PHP,web,90.81,113.51,2.81,73.529412,FALSE,standard,4,0.892,0.407,7,0,Friday,2024,0
US,USD,EUR,mobile,203.06,203.06,3.68,0.925926,FALSE,standard,263,0.522,0.223,0,0,Friday,2024,0
US,USD,GBP,ATM,394.62,394.62,5.97,0.8,FALSE,standard,1018,0.934,0.087,3,0,Friday,2024,0
US,USD,NGN,mobile,175.36,175.36,3.33,1111.111111,FALSE,standard,147,0.551,0.391,0,0.25,Friday,2024,0
US,USD,PHP,mobile,69.71,69.71,1.89,58.823529,FALSE,enhanced,257,0.894,0.257,0,0.1,Friday,2024,0
US,USD,USD,mobile,175.35,410.97,110.92,1,FALSE,unknown,257,0.68,0.257,0,0,Friday,2024,0
US,USD,CNY,mobile,242.38,242.38,4.09,7.142857,TRUE,enhanced,367,0.789,0.176,0,0,Friday,2024,0
CA,CAD,PHP,mobile,706.36,522.71,12.82,43.529412,FALSE,standard,947,0.625,0.268,1,0,Friday,2024,0
US,USD,CNY,mobile,255.64,255.64,5.18,7.142857,FALSE,standard,147,0.551,0.391,7,0,Friday,2024,0
US,USD,NGN,mobile,262.37,262.37,5.77,1111.111111,FALSE,standard,263,0.522,0.223,0,0.25,Saturday,2024,0
US,USD,NGN,mobile,90.65,90.65,2.93,1111.111111,FALSE,enhanced,257,0.894,0.257,0,0.25,Saturday,2024,0
US,USD,EUR,web,316.45,316.45,5.26,0.925926,FALSE,standard,1018,0.934,0.087,0,0,Saturday,2024,0
US,USD,USD,web,157.97,157.97,3.29,1,FALSE,enhanced,367,0.939,0.176,0,0,Saturday,2024,0
US,USD,CNY,mobile,299.08,299.08,5.39,7.142857,FALSE,standard,298,0.336,0.166,0,0,Saturday,2024,0
US,USD,CNY,mobile,152.53,152.53,3.03,7.142857,FALSE,standard,1018,0.934,0.087,0,0,Saturday,2024,0
US,USD,NGN,mobile,75.51,75.51,1.91,1111.111111,FALSE,enhanced,367,0.939,0.176,0,0.25,Saturday,2024,0
US,USD,USD,web,255.17,255.17,4.56,1,TRUE,standard,147,0.551,0.391,0,0,Saturday,2024,0
US,USD,CNY,mobile,109.32,109.32,2.2,7.142857,FALSE,standard,34,0.427,0.068,0,0,Saturday,2024,0
UK,GBP,PHP,web,330.47,413.08,6.75,73.529412,FALSE,standard,4,0.892,0.407,0,0,Saturday,2024,0
US,USD,NGN,web,84.67,84.67,2.17,1111.111111,FALSE,standard,1058,0.923,0.139,0,0.25,Saturday,2024,0
US,USD,GBP,mobile,85.88,410.97,110.92,0.8,TRUE,unknown,1018,0.68,0.087,0,0,Saturday,2024,0
US,USD,CAD,mobile,320.13,320.13,5.66,1.351351,FALSE,standard,263,0.522,0.223,0,0,Saturday,2024,0
US,USD,CAD,ATM,229.05,410.97,110.92,1.351351,FALSE,unknown,1018,0.68,0.087,0,0,Sunday,2024,0
US,USD,CNY,web,51.38,51.38,1.68,7.142857,FALSE,standard,830,0.799,0.102,0,0,Sunday,2024,0
UK,GBP,CAD,web,123.68,154.6,2.9,1.689189,FALSE,standard,4,0.892,0.407,0,0,Sunday,2024,0
UK,GBP,USD,ATM,224.24,280.3,3.92,1.25,FALSE,standard,4,0.892,0.407,0,0,Sunday,2024,0
CA,CAD,MXN,web,177.65,131.46,4.78,12.758621,FALSE,standard,1041,0.867,0.245,0,0,Sunday,2024,0
UK,GBP,INR,mobile,326.14,407.68,6.09,104.166667,FALSE,standard,4,0.892,0.407,0,0,Sunday,2024,0
US,USD,GBP,unknown,81.64,81.64,2.79,0.8,FALSE,standard,147,0.551,0.391,0,0,Sunday,2024,0
US,USD,CAD,mobile,263.76,263.76,4.76,1.351351,TRUE,enhanced,257,0.894,0.257,0,0,Sunday,2024,0
US,USD,CNY,web,294.18,294.18,6.17,7.142857,TRUE,standard,859,0.96,0.363,0,0,Sunday,2024,0
CA,CAD,GBP,mobile,136.69,101.15,3.39,0.592,FALSE,low,214,0.596,0.233,0,0,Sunday,2024,0
UK,GBP,USD,ATM,229.47,286.84,5.01,1.25,TRUE,standard,4,0.892,0.407,0,0,Sunday,2024,0
US,USD,CNY,mobile,117.58,117.58,2.81,7.142857,FALSE,enhanced,367,0.939,0.176,0,0,Sunday,2024,0
US,USD,GBP,web,93.53,93.53,3.41,0.8,FALSE,enhanced,257,0.894,0.257,0,0,Sunday,2024,0
US,USD,NGN,mobile,96.59,96.59,2.83,1111.111111,FALSE,enhanced,367,0.939,0.176,0,0.25,Monday,2024,0
US,USD,CAD,mobile,154.08,154.08,3.44,1.351351,FALSE,enhanced,257,0.744,0.257,0,0,Monday,2024,0
US,USD,EUR,mobile,163.42,163.42,3.15,0.925926,FALSE,enhanced,367,0.939,0.176,0,0,Monday,2024,0
US,USD,INR,mobile,200.1,200.1,4.31,83.333333,FALSE,standard,147,0.551,0.391,0,0,Monday,2024,0
CA,CAD,PHP,web,230.93,170.89,3.78,43.529412,FALSE,standard,947,0.625,0.268,0,0,Monday,2024,0
US,USD,USD,mobile,965.17,410.97,110.92,1,TRUE,unknown,1018,0.68,0.087,0,0,Monday,2024,0
US,USD,CAD,mobile,169.65,169.65,3.56,1.351351,TRUE,standard,298,0.186,0.166,0,0,Monday,2024,0
US,USD,EUR,mobile,341.5,341.5,6.89,0.925926,FALSE,standard,298,0.336,0.166,0,0,Monday,2024,0
CA,CAD,NGN,web,217.04,160.61,4.6,822.222222,FALSE,standard,1041,0.867,0.245,0,0,Monday,2024,0
US,USD,USD,mobile,119.15,119.15,2.5,1,FALSE,standard,34,0.427,0.068,0,0,Tuesday,2024,0
US,USD,INR,mobile,207.86,207.86,4.68,83.333333,FALSE,standard,263,0.522,0.223,0,0,Tuesday,2024,0
UK,GBP,NGN,mobile,109.35,136.69,2.24,1388.888889,FALSE,standard,4,0.892,0.407,0,0.22,Tuesday,2024,0
US,USD,INR,mobile,206.22,206.22,4.13,83.333333,FALSE,low,616,0.702,0.361,0,0,Tuesday,2024,0
UK,GBP,NGN,ATM,445.79,557.24,6.87,1388.888889,FALSE,standard,4,0.892,0.407,0,0.22,Tuesday,2024,1
US,USD,GBP,mobile,144.33,144.33,3.23,0.8,TRUE,enhanced,367,0.939,0.176,0,0,Tuesday,2024,0
US,USD,CNY,mobile,138.99,138.99,2.33,7.142857,FALSE,standard,298,0.336,0.166,0,0,Tuesday,2024,0
UK,GBP,INR,mobile,142.98,178.73,3.28,104.166667,FALSE,standard,882,0.822,0.039,0,0,Tuesday,2024,0
US,USD,PHP,web,50.84,50.84,2.02,58.823529,FALSE,standard,1018,0.934,0.087,4,0.1,Tuesday,2024,0
CA,CAD,INR,mobile,48.96,36.23,1.74,61.666667,FALSE,standard,947,0.625,0.268,0,0.12,Tuesday,2024,0
US,USD,GBP,web,100.34,100.34,2.78,0.8,FALSE,standard,298,0.336,0.166,0,0,Tuesday,2024,0
US,USD,INR,mobile,297.53,297.53,5.92,83.333333,FALSE,standard,298,0.336,0.166,1,0,Tuesday,2024,0
CA,CAD,GBP,mobile,241.42,178.65,5.45,0.592,FALSE,standard,172,0.881,0.199,0,0,Wednesday,2024,0
US,USD,EUR,mobile,136.5,136.5,3,0.925926,TRUE,standard,263,0.522,0.223,0,0,Wednesday,2024,0
UK,GBP,PHP,mobile,302.97,378.72,5.5,73.529412,FALSE,standard,4,0.892,0.407,0,0,Wednesday,2024,0
US,USD,PHP,mobile,60.8,60.8,2.51,58.823529,FALSE,standard,147,0.551,0.391,0,0.1,Wednesday,2024,0
US,USD,CNY,mobile,244.48,244.48,4.55,7.142857,FALSE,enhanced,257,0.894,0.257,0,0,Wednesday,2024,0
US,USD,USD,web,182.27,182.27,3.48,1,FALSE,enhanced,367,0.939,0.176,0,0,Wednesday,2024,0
US,USD,NGN,mobile,77.26,77.26,2.51,1111.111111,FALSE,standard,263,0.522,0.223,0,0.25,Wednesday,2024,0
US,USD,INR,ATM,289.91,289.91,5.68,83.333333,FALSE,standard,263,0.522,0.223,1,0,Wednesday,2024,0
US,USD,GBP,web,155.24,155.24,3.05,0.8,FALSE,enhanced,257,0.894,0.257,0,0,Wednesday,2024,0
UK,GBP,NGN,mobile,277.28,346.59,4.19,1388.888889,TRUE,standard,4,0.892,0.407,0,0.22,Wednesday,2024,0
UK,GBP,USD,mobile,359.27,449.09,6.2,1.25,FALSE,standard,4,0.892,0.407,0,0,Thursday,2024,0
UK,GBP,CAD,mobile,47.46,59.33,0.58,1.689189,FALSE,standard,4,0.892,0.407,0,0,Thursday,2024,0
CA,CAD,PHP,web,256.49,189.8,4.95,43.529412,FALSE,low,615,0.515,0.355,0,0,Thursday,2024,0
US,USD,INR,web,117.71,410.97,110.92,83.333333,FALSE,unknown,263,0.68,0.223,0,0,Thursday,2024,0
US,USD,CAD,mobile,52.05,52.05,2.54,1.351351,FALSE,enhanced,257,0.894,0.257,0,0,Thursday,2024,0
US,USD,USD,mobile,19.08,19.08,2.25,1,FALSE,standard,298,0.336,0.166,0,0,Thursday,2024,0
UK,GBP,USD,ATM,88.07,110.08,3.05,1.25,FALSE,standard,4,0.742,0.407,0,0,Thursday,2024,0
US,USD,CAD,mobile,130.44,130.44,3.26,1.351351,FALSE,enhanced,257,0.894,0.257,1,0,Thursday,2024,0
UK,GBP,NGN,web,219.44,274.3,4.47,1388.888889,FALSE,standard,4,0.892,0.407,0,0.22,Thursday,2024,0
US,USD,NGN,mobile,186.3,186.3,2.95,1111.111111,FALSE,standard,298,0.336,0.166,0,0.25,Thursday,2024,0
US,USD,MXN,web,99.25,99.25,2.77,17.241379,FALSE,standard,263,0.522,0.223,0,0.2,Thursday,2024,0
US,USD,GBP,mobile,61.66,61.66,1.23,0.8,TRUE,standard,1018,0.934,0.087,0,0,Friday,2024,0
US,USD,PHP,web,85.87,85.87,2.67,58.823529,FALSE,enhanced,257,0.894,0.257,1,0.1,Friday,2024,0
US,USD,CAD,mobile,140.89,140.89,3.07,1.351351,FALSE,standard,263,0.522,0.223,0,0,Friday,2024,0
US,USD,MXN,mobile,112.19,112.19,2.87,17.241379,TRUE,standard,1018,0.934,0.087,0,0.2,Friday,2024,0
US,USD,NGN,web,278.82,278.82,5.32,1111.111111,TRUE,standard,298,0.336,0.166,0,0.25,Friday,2024,0
UK,GBP,NGN,web,341.66,427.08,5.56,1388.888889,FALSE,low,454,0.71,0.238,0,0.22,Friday,2024,0
US,USD,CAD,mobile,85.32,85.32,2.29,1.351351,FALSE,standard,263,0.522,0.223,0,0,Friday,2024,0
 US  ,USD,INR, web  ,351.76,351.76,6.41,83.333333,FALSE,low,616,0.702,0.361,0,0,Friday,2024,0
UK,GBP,USD,web,35.49,44.36,1.83,1.25,FALSE,standard,4,0.892,0.407,0,0,Friday,2024,1
US,USD,NGN,mobile,224.93,224.93,4.96,1111.111111,FALSE,enhanced,367,0.789,0.176,0,0.25,Friday,2024,0
US,USD,CNY,mobile,9997.02,9997.02,150.17,7.142857,FALSE,standard,263,0.522,0.223,0,0,Friday,2024,0
UK,GBP,GBP,mobile,232.81,291.02,4.21,1,TRUE,standard,4,0.892,0.407,0,0,Friday,2024,0
US,USD,GBP,web,100.86,100.86,3.25,0.8,FALSE,standard,298,0.336,0.166,0,0,Saturday,2024,0
US,USD,PHP,web,46.42,46.42,1.94,58.823529,FALSE,standard,263,0.522,0.223,0,0.1,Saturday,2024,0
UK,GBP,INR,web,140.52,175.65,2.9,104.166667,FALSE,standard,4,0.892,0.407,0,0,Saturday,2024,0
UK,GBP,CNY,mobile,301.36,376.7,4.99,8.928571,FALSE,standard,4,0.892,0.407,0,0,Saturday,2024,0
US,USD,NGN,mobile,342.44,342.44,6.11,1111.111111,FALSE,enhanced,257,0.894,0.257,0,0.25,Saturday,2024,0
CA,CAD,EUR,web,229.38,169.74,4.67,0.685185,FALSE,low,824,0.607,0.282,0,0,Saturday,2024,0
US,USD,NGN,mobile,131.49,131.49,3.53,1111.111111,FALSE,standard,263,0.522,0.223,0,0.25,Saturday,2024,0
UK,GBP,GBP,mobile,440.1,550.12,6.93,1,FALSE,standard,4,0.892,0.407,0,0,Saturday,2024,0
US,USD,CNY,mobile,204.61,204.61,4.52,7.142857,FALSE,standard,263,0.372,0.223,0,0,Saturday,2024,0
US,USD,NGN,mobile,107.04,107.04,2.43,1111.111111,TRUE,low,954,0.576,0.332,0,0.25,Saturday,2024,0
UK,GBP,INR,web,88.26,110.32,2.06,104.166667,FALSE,standard,4,0.892,0.407,1,0,Sunday,2024,0
US,USD,CAD,web,488.41,488.41,8.42,1.351351,FALSE,standard,1018,0.934,0.087,0,0,Sunday,2024,0
US,USD,GBP,mobile,127.86,127.86,1.78,0.8,FALSE,standard,263,0.522,0.223,0,0,Sunday,2024,0
UK,GBP,CAD,mobile,54.69,410.97,110.92,1.689189,FALSE,unknown,684,0.68,0.241,0,0,Sunday,2024,0
US,USD,CNY,mobile,73.42,73.42,2.04,7.142857,TRUE,standard,263,0.522,0.223,0,0,Sunday,2024,0
US,USD,GBP,mobile,102.4,102.4,2.74,0.8,FALSE,enhanced,257,0.894,0.257,0,0,Sunday,2024,0
UK,GBP,CAD,web,300.84,376.05,5.39,1.689189,FALSE,standard,718,0.953,0.169,0,0,Sunday,2024,0
US,USD,CAD,mobile,37.71,37.71,1.61,1.351351,FALSE,standard,298,0.336,0.166,0,0,Sunday,2024,0
US,USD,PHP,web,57.17,57.17,2.63,58.823529,FALSE,standard,810,0.588,0.194,0,0.1,Monday,2024,0
US,USD,INR,web,84.71,410.97,110.92,83.333333,TRUE,unknown,298,0.68,0.166,0,0,Monday,2024,0
US,USD,GBP,mobile,31.06,31.06,0.5,0.8,FALSE,standard,263,0.522,0.223,0,0,Monday,2024,0
UK,GBP,NGN,mobile,104.72,130.9,2.43,1388.888889,FALSE,standard,4,0.892,0.407,0,0.22,Monday,2024,0
CA,CAD,EUR,mobile,75.78,56.08,1.66,0.685185,FALSE,low,824,0.607,0.282,0,0,Monday,2024,0
UK,GBP,USD,web,374.78,468.47,7.34,1.25,FALSE,standard,4,0.892,0.407,0,0,Monday,2024,0
UK,GBP,GBP,mobile,145.6,181.99,3.9,1,FALSE,standard,718,0.953,0.169,0,0,Monday,2024,0
US,USD,CNY,web,88.87,88.87,2.25,7.142857,FALSE,enhanced,257,0.894,0.257,0,0,Monday,2024,0
US,USD,INR,mobile,141.4,141.4,3.07,83.333333,FALSE,standard,147,0.551,0.391,0,0,Monday,2024,0
US,USD,EUR,mobile,83.5,83.5,1.73,0.925926,FALSE,standard,298,0.186,0.166,0,0,Monday,2024,0
 CA  ,CAD,MXN,WEB,270.25,199.99,5.27,12.758621,FALSE,standard,272,0.642,0.048,0,0,Monday,2024,0
US,USD,EUR,mobile,488.82,488.82,8.08,0.925926,FALSE,standard,147,0.551,0.391,0,0,Monday,2024,0
UK,GBP,CAD,web,230.49,288.11,4.51,1.689189,FALSE,standard,718,0.953,0.169,0,0,Tuesday,2024,0
US,USD,USD,web,232.36,232.36,3.81,1,FALSE,enhanced,367,0.939,0.176,0,0,Tuesday,2024,0
UK,GBP,EUR,ATM,141.08,176.36,3.95,1.157407,TRUE,standard,718,0.803,0.169,0,0.05,Tuesday,2024,0
UK,GBP,MXN,ATM,310.92,388.65,5.17,21.551724,FALSE,standard,4,0.892,0.407,0,0,Tuesday,2024,0
US,USD,EUR,web,74.69,74.69,1.7,0.925926,FALSE,standard,298,0.336,0.166,0,0,Tuesday,2024,0
US,USD,CAD,web,174.26,174.26,3.59,1.351351,FALSE,standard,147,0.551,0.391,0,0,Wednesday,2024,0
US,USD,CNY,web,71.09,71.09,2.29,7.142857,FALSE,standard,298,0.336,0.166,0,0,Wednesday,2024,0
UK,GBP,MXN,web,190.85,238.57,4.51,21.551724,FALSE,standard,4,0.892,0.407,0,0,Friday,2024,0
UK,GBP,CNY,ATM,92.25,115.32,2.25,8.928571,FALSE,standard,4,0.892,0.407,0,0,Wednesday,2024,0
US,USD,GBP,ATM,121.83,121.83,1.7,0.8,FALSE,standard,298,0.336,0.166,0,0,Wednesday,2024,0
US,USD,PHP,web,87.3,87.3,2.43,58.823529,TRUE,enhanced,661,0.92,0.259,0,0.1,Wednesday,2024,0
US,USD,MXN,mobile,240.95,240.95,5.05,17.241379,FALSE,standard,147,0.551,0.391,0,0.2,Wednesday,2024,0
US,USD,GBP,mobile,111.31,111.31,2.6,0.8,FALSE,enhanced,661,0.92,0.259,7,0,Thursday,2024,0
US,USD,NGN,ATM,111.03,111.03,2.38,1111.111111,FALSE,standard,1016,0.944,0.247,0,0.25,Thursday,2024,0
UK,GBP,INR,mobile,220.85,276.06,4.25,104.166667,TRUE,standard,4,0.892,0.407,0,0,Thursday,2024,0
US,USD,PHP,mobile,264.78,264.78,4.24,58.823529,FALSE,enhanced,367,0.939,0.176,0,0.1,Thursday,2024,0
UK,GBP,INR,web,135.85,169.81,2.75,104.166667,FALSE,standard,4,0.892,0.407,1,0,Thursday,2024,1
US,USD,CNY,mobile,138.79,138.79,2.79,7.142857,TRUE,enhanced,257,0.894,0.257,0,0,Thursday,2024,0
US,USD,PHP,ATM,152.3,152.3,2.59,58.823529,FALSE,standard,298,0.336,0.166,0,0.1,Thursday,2024,0
US,USD,MXN,web,36.13,36.13,1.11,17.241379,FALSE,standard,298,0.336,0.166,0,0.2,Thursday,2024,0
 US  ,USD,GBP, web  ,445.23,445.23,6.5,0.8,FALSE,standard,147,0.551,0.391,0,0,Thursday,2024,0
UK,GBP,CNY,mobile,86.59,108.24,2.21,8.928571,FALSE,standard,4,0.892,0.407,0,0,Thursday,2024,0
US,USD,CNY,web,290.85,290.85,4.99,7.142857,TRUE,enhanced,367,0.939,0.176,0,0,Friday,2024,0
US,USD,CAD,mobile,67.66,67.66,0.99,1.351351,FALSE,standard,859,0.96,0.363,0,0,Friday,2024,0
UK,GBP,PHP,mobile,72.57,90.72,2.86,73.529412,TRUE,standard,718,0.953,0.169,1,0,Friday,2024,0
US,USD,INR,web,49.97,49.97,1.76,83.333333,FALSE,standard,263,0.522,0.223,0,0,Friday,2024,0
US,USD,EUR,web,73,73,1.97,0.925926,FALSE,standard,1018,0.934,0.087,0,0,Friday,2024,0
US,USD,INR,mobile,131.82,131.82,3.1,83.333333,FALSE,enhanced,367,0.939,0.176,0,0,Friday,2024,0
US,USD,USD,mobile,166.57,166.57,3.84,1,FALSE,standard,298,0.186,0.166,0,0,Friday,2024,0
US,USD,GBP,web,204.24,204.24,4.29,0.8,FALSE,standard,147,0.551,0.391,0,0,Friday,2024,0
US,USD,EUR,web,98.27,98.27,2.63,0.925926,FALSE,standard,1016,0.944,0.247,0,0,Friday,2024,0
US,USD,MXN,mobile,37.82,37.82,0.63,17.241379,FALSE,standard,147,0.551,0.391,0,0.2,Friday,2024,0
UK,GBP,CAD,mobile,9996,12494.99,150.22,1.689189,FALSE,standard,4,0.892,0.407,0,0,Saturday,2024,0
US,USD,NGN,mobile,67.98,67.98,2.24,1111.111111,FALSE,standard,1018,0.934,0.087,2,0.25,Saturday,2024,0
US,USD,PHP,web,232.85,232.85,4.62,58.823529,FALSE,enhanced,367,0.939,0.176,0,0.1,Saturday,2024,0
US,USD,NGN,mobile,211.11,211.11,3.36,1111.111111,FALSE,enhanced,367,0.939,0.176,0,0.25,Saturday,2024,0
US,USD,GBP,mobile,137.95,137.95,1.98,0.8,FALSE,standard,1018,0.934,0.087,0,0,Thursday,2024,0
US,USD,NGN,ATM,130.11,130.11,2.84,1111.111111,TRUE,standard,263,0.522,0.223,0,0.25,Sunday,2024,0
US,USD,NGN,mobile,292.63,292.63,5.49,1111.111111,FALSE,standard,34,0.427,0.068,0,0.25,Sunday,2024,0
US,USD,MXN,ATM,31.93,31.93,1.34,17.241379,FALSE,standard,1018,0.934,0.087,0,0.2,Sunday,2024,0
US,USD,USD,web,23.03,23.03,1.42,1,FALSE,enhanced,257,0.744,0.257,0,0,Sunday,2024,0
US,USD,MXN,mobile,1308.48,1308.48,21.02,17.241379,FALSE,standard,1018,0.934,0.087,0,0.2,Sunday,2024,1
US,USD,INR,mobile,23.77,23.77,1.75,83.333333,FALSE,standard,263,0.522,0.223,0,0,Sunday,2024,0
US,USD,PHP,ATM,1932.35,1932.35,30.15,58.823529,TRUE,standard,1018,0.934,0.087,0,0.1,Sunday,2024,0
US,USD,EUR,mobile,110.93,110.93,1.92,0.925926,FALSE,standard,298,0.336,0.166,0,0,Sunday,2024,0
UK,GBP,INR,mobile,238.33,297.92,5.55,104.166667,FALSE,standard,718,0.953,0.169,0,0,Sunday,2024,0
US,USD,GBP,mobile,77.39,77.39,2.68,0.8,FALSE,standard,298,0.336,0.166,0,0,Sunday,2024,0
US,USD,EUR,mobile,100.42,100.42,2.53,0.925926,FALSE,standard,263,0.522,0.223,0,0,Monday,2024,0
US,USD,GBP,web,54,54,1.14,0.8,FALSE,standard,263,0.522,0.223,0,0,Monday,2024,0
US,USD,EUR,web,53.44,53.44,2.14,0.925926,FALSE,standard,1018,0.934,0.087,0,0,Monday,2024,1
UK,GBP,MXN,mobile,248.55,410.97,110.92,21.551724,FALSE,unknown,4,0.68,0.407,0,0,Monday,2024,0
US,USD,CNY,mobile,153.52,153.52,3.14,7.142857,FALSE,standard,263,0.522,0.223,0,0,Monday,2024,0
UK,GBP,INR,mobile,422.15,527.69,7.44,104.166667,FALSE,standard,4,0.892,0.407,0,0,Monday,2024,0
US,USD,USD,mobile,1207.35,1207.35,19.92,1,FALSE,enhanced,367,0.939,0.176,0,0,Monday,2024,0
US,USD,PHP,mobile,117.3,117.3,2.79,58.823529,FALSE,standard,263,0.372,0.223,0,0.1,Monday,2024,0
CA,CAD,MXN,web,333.08,246.48,5.34,12.758621,FALSE,standard,853,0.83,0.29,0,0,Monday,2024,0
US,USD,INR,web,172.37,172.37,4.09,83.333333,FALSE,standard,298,0.186,0.166,0,0,Monday,2024,0
US,USD,CAD,mobile,100.11,100.11,2.41,1.351351,FALSE,standard,147,0.401,0.391,0,0,Monday,2024,0
CA,CAD,MXN,web,51.49,38.1,2.41,12.758621,FALSE,standard,1041,0.867,0.245,0,0,Tuesday,2024,0
CA,CAD,CAD,mobile,130.52,96.58,2.63,1,FALSE,standard,172,0.731,0.199,0,0,Tuesday,2024,0
US,USD,INR,mobile,172.78,172.78,3.05,83.333333,FALSE,standard,298,0.336,0.166,0,0,Tuesday,2024,0
UK,GBP,GBP,mobile,140.12,175.15,2.97,1,FALSE,standard,4,0.892,0.407,0,0,Tuesday,2024,0
US,USD,CAD,web,255.16,255.16,4.71,1.351351,FALSE,standard,263,0.522,0.223,0,0,Tuesday,2024,0
US,USD,INR,mobile,163.73,163.73,2.64,83.333333,FALSE,standard,298,0.336,0.166,0,0,Tuesday,2024,0
US,USD,NGN,mobile,113.53,113.53,2.9,1111.111111,FALSE,enhanced,367,0.939,0.176,0,0.25,Wednesday,2024,0
US,USD,GBP,web,203.88,203.88,3.78,0.8,FALSE,enhanced,661,0.92,0.259,0,0,Wednesday,2024,0
US,USD,PHP,mobile,62.66,62.66,1.69,58.823529,FALSE,enhanced,367,0.939,0.176,0,0.1,Wednesday,2024,0
US,USD,USD,web,654.01,654.01,10.62,1,FALSE,enhanced,367,0.789,0.176,0,0,Wednesday,2024,0
US,USD,INR,web,286.79,286.79,5.44,83.333333,FALSE,standard,1018,0.934,0.087,0,0,Wednesday,2024,0
US,USD,PHP,mobile,163.02,163.02,3.62,58.823529,FALSE,standard,298,0.336,0.166,0,0.1,Wednesday,2024,0
US,USD,CNY,mobile,153.83,153.83,3.14,7.142857,FALSE,enhanced,257,0.894,0.257,0,0,Wednesday,2024,0
US,USD,EUR,ATM,45.35,45.35,2.08,0.925926,FALSE,enhanced,257,0.894,0.257,0,0,Wednesday,2024,0
US,USD,EUR,mobile,86.18,86.18,2.75,0.925926,TRUE,standard,263,0.522,0.223,0,0,Thursday,2024,0
UK,GBP,INR,mobile,153.9,192.37,3.41,104.166667,FALSE,standard,4,0.892,0.407,0,0,Thursday,2024,0
US,USD,INR,web,53.79,53.79,2.09,83.333333,FALSE,enhanced,367,0.939,0.176,0,0,Thursday,2024,0
CA,CAD,GBP,web,255.97,189.42,4.87,0.592,TRUE,standard,1041,0.867,0.245,0,0,Thursday,2024,0
UK,GBP,EUR,mobile,326.02,407.52,5.42,1.157407,TRUE,standard,4,0.892,0.407,0,0.05,Thursday,2024,0
US,USD,EUR,mobile,220.81,220.81,4.18,0.925926,FALSE,enhanced,257,0.894,0.257,0,0,Thursday,2024,0
US,USD,MXN,ATM,75.79,75.79,2.24,17.241379,FALSE,standard,1016,0.944,0.247,0,0.2,Thursday,2024,0
US,USD,GBP,web,176.51,176.51,3.8,0.8,FALSE,standard,34,0.427,0.068,0,0,Thursday,2024,0
US,USD,CNY,mobile,205.46,205.46,4.3,7.142857,TRUE,standard,1016,0.944,0.247,0,0,Friday,2024,0
US,USD,CNY,mobile,179.65,179.65,3.8,7.142857,FALSE,standard,1016,0.944,0.247,0,0,Friday,2024,0
US,USD,CAD,mobile,62.35,62.35,2.02,1.351351,FALSE,standard,298,0.336,0.166,0,0,Friday,2024,0
 US  ,USD,MXN,mobille,176.77,176.77,4.19,17.241379,FALSE,standard,147,0.551,0.391,0,0.2,Friday,2024,0
US,USD,CNY,mobile,60.36,60.36,2.42,7.142857,FALSE,standard,34,0.427,0.068,0,0,Saturday,2024,0
US,USD,PHP,web,419.39,419.39,6.6,58.823529,TRUE,standard,263,0.522,0.223,0,0.1,Saturday,2024,0
US,USD,CNY,web,349.09,349.09,5.87,7.142857,FALSE,standard,263,0.522,0.223,0,0,Saturday,2024,0
UK,GBP,CAD,mobile,54.74,68.43,1.86,1.689189,FALSE,standard,4,0.892,0.407,0,0,Saturday,2024,0
US,USD,PHP,mobile,226.16,226.16,5.24,58.823529,FALSE,standard,1018,0.934,0.087,0,0.1,Saturday,2024,0
US,USD,GBP,mobile,181.11,181.11,4.59,0.8,FALSE,standard,298,0.336,0.166,4,0,Saturday,2024,0
US,USD,INR,mobile,244.28,244.28,5.13,83.333333,FALSE,standard,298,0.336,0.166,0,0,Sunday,2024,0
UK,GBP,EUR,mobile,154.05,192.56,2.47,1.157407,FALSE,standard,4,0.892,0.407,0,0.05,Sunday,2024,0
UK,GBP,CAD,web,81.9,102.38,1.6,1.689189,FALSE,standard,4,0.892,0.407,0,0,Sunday,2024,0
US,USD,PHP,ATM,35.13,35.13,2.38,58.823529,FALSE,standard,263,0.522,0.223,0,0.1,Sunday,2024,0
US,USD,USD,web,140.46,140.46,3.68,1,FALSE,standard,263,0.522,0.223,0,0,Sunday,2024,0
US,USD,NGN,mobile,144.26,410.97,-1,1111.111111,FALSE,unknown,263,-0.1,0.223,0,0.25,Sunday,2024,0
UK,GBP,USD,ATM,22.29,27.87,0.83,1.25,FALSE,standard,4,0.892,0.407,0,0,Monday,2024,0
US,USD,GBP,mobile,143.92,143.92,3.84,0.8,FALSE,standard,1092,0.454,0.462,0,0,Monday,2024,0
 UK  ,GBP,INR,weeb,26.17,32.72,2.26,104.166667,FALSE,standard,4,0.892,0.407,0,0,Monday,2024,0
CA,CAD,MXN,web,29.08,21.52,1.43,12.758621,FALSE,low,615,0.515,0.355,0,0,Monday,2024,0
CA,CAD,CAD,mobile,140.52,103.98,2.65,1,FALSE,standard,947,0.625,0.268,1,0,Monday,2024,0
US,USD,INR,web,58.61,58.61,1.65,83.333333,FALSE,standard,263,0.522,0.223,0,0,Monday,2024,0
CA,CAD,NGN,web,287.79,212.96,5.82,822.222222,FALSE,low,824,0.607,0.282,1,0,Monday,2024,0
UK,GBP,CAD,web,123.81,154.76,1.56,1.689189,FALSE,standard,4,0.892,0.407,0,0,Monday,2024,0
US,USD,USD,ATM,133.41,133.41,3.23,1,FALSE,standard,147,0.401,0.391,0,0,Monday,2024,0
US,USD,PHP,mobile,45.93,45.93,1.8,58.823529,FALSE,standard,1018,0.934,0.087,0,0.1,Monday,2024,0
US,USD,PHP,ATM,116.19,116.19,1.74,58.823529,FALSE,standard,263,0.522,0.223,0,0.1,Tuesday,2024,0
UK,GBP,CAD,mobile,179.45,224.31,3.79,1.689189,FALSE,standard,4,0.892,0.407,0,0,Tuesday,2024,0
US,USD,CAD,mobile,165.91,165.91,2.86,1.351351,FALSE,enhanced,257,0.894,0.257,0,0,Tuesday,2024,0
US,USD,EUR,ATM,87.43,87.43,2.69,0.925926,FALSE,standard,263,0.522,0.223,0,0,Tuesday,2024,0
CA,CAD,CNY,mobile,980.29,725.41,16.09,5.285714,FALSE,standard,947,0.625,0.268,0,0,Tuesday,2024,0
UK,GBP,GBP,web,183.6,229.5,3.18,1,TRUE,standard,718,0.953,0.169,1,0,Tuesday,2024,0
CA,CAD,GBP,mobile,92.7,68.6,2.11,0.592,FALSE,enhanced,63,0.853,0.13,0,0,Tuesday,2024,0
US,USD,INR,mobile,105.78,105.78,2.13,83.333333,FALSE,standard,1018,0.934,0.087,0,0,Tuesday,2024,0
US,USD,CNY,mobile,157.12,157.12,3.92,7.142857,FALSE,standard,147,0.551,0.391,0,0,Tuesday,2024,0
US,USD,INR,ATM,254.81,254.81,4.73,83.333333,TRUE,enhanced,367,0.939,0.176,0,0,Wednesday,2024,0
US,USD,USD,mobile,74.59,74.59,1.52,1,FALSE,standard,263,0.372,0.223,0,0,Wednesday,2024,0
US,USD,GBP,mobile,149.04,149.04,3.21,0.8,FALSE,standard,298,0.186,0.166,0,0,-1,0,0
US,USD,CNY,ATM,648.27,648.27,11.29,7.142857,TRUE,standard,298,0.336,0.166,0,0,Wednesday,2024,0
US,USD,PHP,mobile,142.88,142.88,2.96,58.823529,TRUE,standard,298,0.336,0.166,0,0.1,Thursday,2024,0
CA,CAD,USD,web,155.18,114.84,4.23,0.74,FALSE,standard,947,0.625,0.268,0,0,Thursday,2024,0
CA,CAD,USD,mobile,9995.32,7396.54,151.35,0.74,FALSE,standard,1041,0.867,0.245,0,0,Thursday,2024,0
UK,GBP,NGN,web,266.45,333.06,5.59,1388.888889,FALSE,standard,4,0.892,0.407,0,0.22,Thursday,2024,0
CA,CAD,GBP,mobile,242.86,179.72,5.16,0.592,FALSE,low,824,0.607,0.282,0,0,Thursday,2024,0
UK,GBP,PHP,web,67.25,84.06,2.06,73.529412,TRUE,standard,4,0.742,0.407,0,0,Thursday,2024,0
US,USD,PHP,mobile,83.08,83.08,2.76,58.823529,FALSE,enhanced,367,0.939,0.176,0,0.1,Thursday,2024,0
US,USD,NGN,mobile,100.32,100.32,2.67,1111.111111,FALSE,enhanced,367,0.939,0.176,0,0.25,Thursday,2024,0
UK,GBP,GBP,mobile,218.01,272.52,3.95,1,FALSE,standard,4,0.892,0.407,0,0,Thursday,2024,0
US,USD,USD,mobile,226.31,226.31,5.2,1,FALSE,enhanced,367,0.939,0.176,0,0,Thursday,2024,0
US,USD,INR,mobile,9995.73,9995.73,150.73,83.333333,FALSE,standard,263,0.522,0.223,0,0,Thursday,2024,0
US,USD,EUR,mobile,347.44,347.44,5.2,0.925926,FALSE,enhanced,257,0.744,0.257,0,0,Thursday,2024,0
 UK  ,GBP,USD,mobille,127.85,159.81,2.85,1.25,FALSE,standard,4,0.892,0.407,0,0,Thursday,2024,0
UK,GBP,MXN,mobile,52.49,65.62,1.74,21.551724,FALSE,standard,4,0.892,0.407,0,0,Thursday,2024,0
UK,GBP,CNY,mobile,226.6,283.25,3.98,8.928571,FALSE,standard,4,0.892,0.407,0,0,Thursday,2024,0
CA,CAD,PHP,web,300.83,222.62,5.76,43.529412,FALSE,low,615,0.515,0.355,0,0,Thursday,2024,0
US,USD,EUR,web,37.54,37.54,1.83,0.925926,FALSE,standard,1018,0.934,0.087,0,0,Thursday,2024,0
US,USD,CNY,web,118.44,118.44,3.21,7.142857,FALSE,standard,263,0.522,0.223,0,0,Thursday,2024,0
US,USD,USD,mobile,89.99,89.99,2.52,1,FALSE,standard,263,0.522,0.223,0,0,Thursday,2024,0
US,USD,GBP,mobile,112.38,112.38,2.25,0.8,FALSE,standard,298,0.336,0.166,3,0,Thursday,2024,0
UK,GBP,CAD,mobile,408.91,511.14,6.62,1.689189,TRUE,standard,4,0.892,0.407,0,0,Thursday,2024,0
 CA  ,CAD,PHP,weeb,250.19,185.14,4.58,43.529412,FALSE,low,824,0.607,0.282,0,0,Friday,2024,0
US,USD,NGN,web,-166.44,166.44,9999.99,1111.111111,FALSE,standard,298,-0.1,0.166,0,0.25,Friday,2024,0
US,USD,INR,web,177.34,177.34,4.86,83.333333,FALSE,standard,1018,0.934,0.087,0,0,Friday,2024,0
US,USD,USD,mobile,149.01,410.97,110.92,1,FALSE,unknown,367,0.68,0.176,0,0,Friday,2024,0
US,USD,CNY,web,83.5,83.5,1.97,7.142857,FALSE,standard,1016,0.944,0.247,1,0,Friday,2024,0
UK,GBP,NGN,web,274.9,343.62,4.89,1388.888889,FALSE,standard,4,0.892,0.407,0,0.22,Friday,2024,0
US,USD,NGN,web,21.36,21.36,1.31,1111.111111,FALSE,standard,298,0.186,0.166,0,0.25,Friday,2024,0
US,USD,PHP,web,72.14,410.97,-1,58.823529,FALSE,unknown,1016,-0.1,0.247,1,0.1,Friday,2024,0
unknown,GBP,MXN,mobille,152.24,190.31,3.04,21.551724,TRUE,standard,4,0.892,0.407,0,0,Friday,2024,0
US,USD,NGN,mobile,50.04,50.04,0.72,1111.111111,FALSE,enhanced,367,0.939,0.176,1,0.25,Friday,2024,0
US,USD,CNY,mobile,160.8,160.8,3.39,7.142857,FALSE,enhanced,257,0.894,0.257,0,0,Friday,2024,0
US,USD,GBP,mobile,128.96,128.96,2.91,0.8,TRUE,standard,298,0.336,0.166,0,0,Saturday,2024,0
UK,GBP,GBP,ATM,254.22,317.77,3.61,1,FALSE,standard,4,0.892,0.407,0,0,Saturday,2024,0
UK,GBP,USD,web,82.31,102.89,2.67,1.25,FALSE,standard,4,0.892,0.407,0,0,Saturday,2024,0
UK,GBP,CAD,web,91.1,113.88,2.71,1.689189,FALSE,standard,4,0.742,0.407,0,0,Saturday,2024,0
CA,CAD,CNY,mobile,68.64,50.8,1.82,5.285714,FALSE,standard,172,0.881,0.199,1,0,Saturday,2024,0
US,USD,EUR,web,33.78,33.78,1.52,0.925926,FALSE,standard,263,0.522,0.223,0,0,Saturday,2024,0
US,USD,CNY,mobile,88.89,88.89,2.4,7.142857,FALSE,enhanced,367,0.939,0.176,0,0,Saturday,2024,0
UK,GBP,PHP,web,216.38,270.47,4.49,73.529412,FALSE,standard,718,0.953,0.169,1,0,Saturday,2024,0
US,USD,GBP,mobile,182.59,182.59,4.02,0.8,FALSE,enhanced,367,0.939,0.176,0,0,Sunday,2024,0
US,USD,INR,mobile,114.17,114.17,3.57,83.333333,TRUE,standard,1018,0.934,0.087,0,0,Sunday,2024,0
US,USD,INR,mobile,940.25,940.25,14.87,83.333333,FALSE,standard,298,0.336,0.166,0,0,Wednesday,2024,0
US,USD,USD,ATM,69.38,69.38,1.77,1,FALSE,enhanced,367,0.939,0.176,0,0,Sunday,2024,0
US,USD,USD,mobile,113.39,113.39,2.28,1,FALSE,enhanced,367,0.939,0.176,0,0,Sunday,2024,0
CA,CAD,GBP,ATM,44.87,33.21,1.07,0.592,FALSE,standard,725,0.824,0.212,0,0,Sunday,2024,0
US,USD,GBP,mobile,147.36,147.36,2.99,0.8,FALSE,standard,298,0.336,0.166,0,0,Sunday,2024,0
US,USD,CNY,mobile,54.49,54.49,1.27,7.142857,FALSE,standard,1018,0.934,0.087,0,0,Sunday,2024,0
US,USD,PHP,mobile,48.48,48.48,2.36,58.823529,FALSE,enhanced,367,0.789,0.176,0,0.1,Sunday,2024,0
US,USD,CNY,web,109.42,109.42,2.07,7.142857,FALSE,standard,298,0.336,0.166,0,0,Sunday,2024,0
US,USD,NGN,mobile,144.37,144.37,3.1,1111.111111,FALSE,standard,298,0.336,0.166,0,0.25,Monday,2024,0
UK,GBP,NGN,web,87.43,109.29,2.91,1388.888889,FALSE,standard,281,0.704,0.522,0,0.22,Monday,2024,0
UK,GBP,INR,mobile,104.29,130.36,2.9,104.166667,FALSE,standard,4,0.892,0.407,0,0,Monday,2024,0
US,USD,EUR,mobile,158.76,158.76,3.91,0.925926,FALSE,standard,298,0.336,0.166,0,0,Monday,2024,0
UK,GBP,CAD,ATM,314.03,392.54,5.86,1.689189,FALSE,standard,4,0.892,0.407,0,0,Monday,2024,0
US,USD,INR,web,255.5,255.5,5.12,83.333333,FALSE,standard,298,0.336,0.166,0,0,Monday,2024,0
US,USD,EUR,web,98.37,98.37,2.79,0.925926,TRUE,standard,1018,0.934,0.087,0,0,Monday,2024,0
US,USD,MXN,web,204.8,204.8,3.37,17.241379,FALSE,standard,263,0.522,0.223,0,0.2,Monday,2024,0
US,USD,GBP,mobile,183.88,183.88,3.43,0.8,FALSE,standard,147,0.551,0.391,0,0,Monday,2024,0
US,USD,GBP,web,96.69,96.69,1.91,0.8,FALSE,standard,1018,0.934,0.087,0,0,Monday,2024,0
US,USD,CNY,mobile,45.14,45.14,2.12,7.142857,FALSE,standard,298,0.186,0.166,0,0,Monday,2024,0
US,USD,PHP,mobile,75.37,75.37,2.97,58.823529,FALSE,standard,263,0.522,0.223,0,0.1,Tuesday,2024,0
US,USD,PHP,mobile,100.58,100.58,2.05,58.823529,FALSE,enhanced,257,0.894,0.257,0,0.1,Tuesday,2024,0
US,USD,MXN,ATM,690.47,690.47,11.84,17.241379,FALSE,enhanced,367,0.939,0.176,0,0.2,Tuesday,2024,0
US,USD,CNY,mobile,123.03,123.03,2.88,7.142857,FALSE,standard,1018,0.934,0.087,0,0,Tuesday,2024,0
US,USD,PHP,web,97.61,97.61,2.53,58.823529,FALSE,enhanced,367,0.939,0.176,0,0.1,Tuesday,2024,0
US,USD,INR,mobile,48.47,48.47,1.68,83.333333,TRUE,standard,263,0.522,0.223,0,0,Tuesday,2024,0
US,USD,PHP,ATM,145.88,145.88,3.57,58.823529,FALSE,enhanced,367,0.939,0.176,0,0.1,Tuesday,2024,0
US,USD,GBP,web,107.57,107.57,2.93,0.8,FALSE,standard,1018,0.934,0.087,0,0,Tuesday,2024,0
US,USD,PHP,web,69,69,2.11,58.823529,FALSE,standard,263,0.522,0.223,0,0.1,Tuesday,2024,0
US,USD,GBP,mobile,595.37,595.37,11,0.8,FALSE,standard,263,0.522,0.223,0,0,Tuesday,2024,0
CA,CAD,INR,mobile,26.98,19.97,1.3,61.666667,FALSE,enhanced,714,0.853,0.508,0,0.12,Wednesday,2024,0
US,USD,PHP,web,52.2,52.2,2.09,58.823529,FALSE,standard,263,0.522,0.223,0,0.1,Wednesday,2024,0
US,USD,EUR,ATM,226.05,226.05,4.47,0.925926,FALSE,standard,147,0.551,0.391,0,0,Wednesday,2024,0
US,USD,INR,MOBILE,258.23,258.23,5.19,83.333333,TRUE,standard,830,0.799,0.102,0,0,Wednesday,2024,0
CA,CAD,NGN,web,9997.97,7398.5,151.1,822.222222,TRUE,low,615,0.515,0.355,0,0,Wednesday,2024,0
UK,GBP,INR,mobile,483.17,410.97,110.92,104.166667,FALSE,unknown,4,0.68,0.407,0,0,Wednesday,2024,0
US,USD,INR,web,109.79,109.79,2.1,83.333333,FALSE,standard,1016,0.944,0.247,0,0,Wednesday,2024,0
US,USD,CNY,mobile,58.68,58.68,1.86,7.142857,FALSE,enhanced,257,0.894,0.257,0,0,Wednesday,2024,0
UK,GBP,PHP,web,149.85,187.31,3.24,73.529412,FALSE,standard,4,0.892,0.407,0,0,Thursday,2024,0
US,USD,NGN,ATM,107.24,107.24,3.15,1111.111111,FALSE,standard,298,0.336,0.166,0,0.25,Thursday,2024,0
US,USD,USD,mobile,136.49,136.49,2.6,1,FALSE,standard,263,0.522,0.223,0,0,Thursday,2024,0
UK,GBP,CNY,web,67.29,84.11,1.4,8.928571,FALSE,standard,4,0.892,0.407,0,0,Thursday,2024,0
UK,GBP,CNY,mobile,161.47,201.84,2.84,8.928571,FALSE,standard,4,0.892,0.407,0,0,Thursday,2024,0
US,USD,CNY,ATM,591.81,591.81,9.79,7.142857,FALSE,standard,1016,0.944,0.247,0,0,Thursday,2024,0
UK,GBP,PHP,mobile,40.41,50.51,0.99,73.529412,FALSE,standard,718,0.953,0.169,0,0,Friday,2024,0
US,USD,NGN,mobile,69.51,69.51,2.3,1111.111111,FALSE,enhanced,257,0.744,0.257,0,0.25,Friday,2024,0
US,USD,INR,mobile,20.08,20.08,1.06,83.333333,FALSE,standard,298,0.186,0.166,0,0,Friday,2024,0
UK,GBP,PHP,mobile,371.99,464.98,6.52,73.529412,FALSE,standard,684,0.833,0.241,0,0,Friday,2024,0
US,USD,EUR,mobile,232.56,232.56,4.58,0.925926,FALSE,standard,263,0.372,0.223,0,0,Friday,2024,0
UK,GBP,CAD,mobile,265.44,331.8,5.49,1.689189,FALSE,standard,4,0.892,0.407,0,0,Friday,2024,0
US,USD,USD,mobile,168.25,168.25,4.37,1,FALSE,standard,1018,0.934,0.087,0,0,Friday,2024,0
US,USD,NGN,web,182.68,182.68,4.3,1111.111111,FALSE,standard,263,0.522,0.223,0,0.25,Friday,2024,0
UK,GBP,MXN,web,217.19,271.49,3.53,21.551724,FALSE,low,704,0.515,0.283,0,0,Friday,2024,0
US,USD,EUR,web,74.89,410.97,110.92,0.925926,FALSE,unknown,616,0.68,0.361,0,0,Saturday,2024,0
US,USD,INR,web,184.19,184.19,3.85,83.333333,TRUE,standard,298,0.336,0.166,0,0,Saturday,2024,0
US,USD,GBP,web,138.02,138.02,2.31,0.8,FALSE,standard,859,0.96,0.363,0,0,Saturday,2024,0
US,USD,MXN,mobile,372.21,372.21,6.76,17.241379,FALSE,standard,1018,0.784,0.087,0,0.2,Saturday,2024,0
UK,GBP,USD,web,54.72,68.4,1.82,1.25,FALSE,standard,4,0.742,0.407,0,0,Saturday,2024,0
US,USD,NGN,mobile,74.97,74.97,1.75,1111.111111,FALSE,standard,1018,0.784,0.087,0,0.25,Saturday,2024,0
CA,CAD,CAD,mobile,52.4,38.78,2.23,1,TRUE,low,824,0.607,0.282,0,0,Saturday,2024,0
US,USD,INR,web,848.89,848.89,13.22,83.333333,FALSE,standard,1018,0.934,0.087,0,0,Saturday,2024,0
UK,GBP,CAD,mobile,113.09,141.36,3.21,1.689189,FALSE,standard,4,0.892,0.407,0,0,Saturday,2024,0
US,USD,CNY,mobile,167.7,167.7,2.88,7.142857,FALSE,standard,859,0.96,0.363,1,0,Saturday,2024,0
US,USD,INR,web,126.59,126.59,2.92,83.333333,FALSE,enhanced,367,0.939,0.176,0,0,Saturday,2024,0
US,USD,NGN,mobile,115.8,115.8,2.74,1111.111111,FALSE,standard,298,0.336,0.166,0,0.25,Saturday,2024,0
UK,GBP,GBP,mobile,259.73,324.66,4.9,1,FALSE,standard,4,0.892,0.407,0,0,Saturday,2024,1
US,USD,EUR,ATM,245.24,245.24,4.23,0.925926,FALSE,standard,830,0.799,0.102,0,0,Saturday,2024,0
US,USD,NGN,mobile,126.89,410.97,110.92,1111.111111,FALSE,unknown,298,0.68,0.166,0,0.25,Saturday,2024,0
US,USD,PHP,web,273.25,273.25,5.27,58.823529,FALSE,standard,1016,0.944,0.247,0,0.1,Sunday,2024,0
US,USD,INR,ATM,143.48,143.48,3.95,83.333333,TRUE,standard,1018,0.784,0.087,0,0,Sunday,2024,0
US,USD,NGN,web,113.15,113.15,2.03,1111.111111,FALSE,standard,263,0.522,0.223,0,0.25,Sunday,2024,0
US,USD,CAD,mobile,20.98,20.98,1.61,1.351351,FALSE,standard,1018,0.934,0.087,0,0,Sunday,2024,0
US,USD,CNY,web,46.33,46.33,1.58,7.142857,FALSE,enhanced,661,0.92,0.259,0,0,Sunday,2024,0
UK,GBP,CNY,web,167.74,209.67,2.65,8.928571,FALSE,standard,4,0.892,0.407,0,0,Sunday,2024,0
US,USD,CAD,mobille,127.14,127.14,2.94,1.351351,FALSE,standard,830,0.799,0.102,0,0,Sunday,2024,0
US,USD,CAD,web,126.62,126.62,4.03,1.351351,TRUE,standard,263,0.522,0.223,1,0,Sunday,2024,0
US,USD,CAD,mobile,72.14,72.14,2.55,1.351351,FALSE,standard,298,0.336,0.166,0,0,Sunday,2024,0
 UK  ,GBP,EUR,weeb,269.89,337.36,5.25,1.157407,TRUE,unknown,4,0.892,0.407,0,0.05,Monday,2024,0
US,USD,EUR,mobile,139.6,139.6,2.51,0.925926,FALSE,standard,298,0.336,0.166,0,0,Monday,2024,0
US,USD,EUR,ATM,293.06,293.06,4.96,0.925926,FALSE,standard,298,0.336,0.166,0,0,Monday,2024,0
US,USD,INR,web,17.82,17.82,1.84,83.333333,FALSE,standard,1018,0.934,0.087,0,0,Monday,2024,0
US,USD,USD,mobile,797.49,797.49,13.23,1,FALSE,standard,1016,0.944,0.247,0,0,Monday,2024,0
US,USD,GBP,mobile,264.14,264.14,5.03,0.8,FALSE,standard,298,0.336,0.166,0,0,Monday,2024,0
US,USD,CNY,web,139.88,139.88,2.78,7.142857,FALSE,standard,298,0.336,0.166,0,0,Monday,2024,0
UK,GBP,INR,web,92.8,115.99,2.45,104.166667,FALSE,standard,4,0.892,0.407,0,0,Monday,2024,0
UK,GBP,CNY,web,129.03,161.28,1.98,8.928571,FALSE,standard,4,0.892,0.407,0,0,Monday,2024,0
US,USD,EUR,mobile,150.26,150.26,3.28,0.925926,FALSE,standard,1018,0.934,0.087,0,0,Tuesday,2024,0
US,USD,EUR,mobile,79.05,79.05,2.69,0.925926,FALSE,enhanced,367,0.939,0.176,0,0,Tuesday,2024,0
UK,GBP,USD,mobile,84.49,105.61,2.18,1.25,FALSE,standard,718,0.953,0.169,0,0,Tuesday,2024,0
US,USD,INR,mobile,-151.44,151.44,9999.99,83.333333,FALSE,standard,1089,-0.1,0.366,0,0,Tuesday,2024,0
UK,GBP,GBP,mobile,99.65,124.57,3.06,1,FALSE,standard,4,0.892,0.407,0,0,-1,0,0
UK,GBP,EUR,mobile,198.24,247.81,3.83,1.157407,FALSE,standard,4,0.892,0.407,0,0.05,Tuesday,2024,0
US,USD,CNY,mobile,205.36,205.36,4.1,7.142857,FALSE,standard,147,0.551,0.391,0,0,Tuesday,2024,0
US,USD,CAD,mobile,251.48,251.48,4.84,1.351351,FALSE,standard,34,0.277,0.068,0,0,Tuesday,2024,0
US,USD,GBP,ATM,499.15,499.15,9.51,0.8,FALSE,enhanced,367,0.939,0.176,0,0,Tuesday,2024,0
US,USD,CAD,mobile,79.77,79.77,2.03,1.351351,TRUE,enhanced,367,0.939,0.176,1,0,Tuesday,2024,0
US,USD,INR,web,40.17,40.17,1.73,83.333333,FALSE,standard,1016,0.944,0.247,0,0,Tuesday,2024,0
US,USD,CNY,web,129.11,129.11,3.95,7.142857,FALSE,standard,1011,0.824,0.123,0,0,Tuesday,2024,0
US,USD,EUR,web,213.95,213.95,4.01,0.925926,FALSE,standard,298,0.336,0.166,0,0,Wednesday,2024,0
US,USD,CAD,mobile,100.59,410.97,110.92,1.351351,FALSE,unknown,147,0.68,0.391,0,0,Wednesday,2024,0
US,USD,PHP,mobile,63.37,63.37,1.48,58.823529,TRUE,enhanced,367,0.939,0.176,0,0.1,Wednesday,2024,0
UK,GBP,NGN,web,189.84,237.31,4.28,1388.888889,FALSE,standard,4,0.892,0.407,0,0.22,Wednesday,2024,0
US,USD,GBP,web,462.32,462.32,7.18,0.8,FALSE,standard,859,0.96,0.363,0,0,Wednesday,2024,0
CA,CAD,EUR,web,79.85,59.09,1.56,0.685185,FALSE,standard,947,0.475,0.268,0,0,Thursday,2024,0
CA,CAD,CAD,web,172.98,128.01,3.62,1,FALSE,standard,947,0.625,0.268,0,0,Thursday,2024,0
US,USD,GBP,web,204.79,204.79,3.67,0.8,FALSE,standard,263,0.522,0.223,1,0,Thursday,2024,0
US,USD,EUR,ATM,67,67,2.06,0.925926,FALSE,enhanced,661,0.77,0.259,6,0,Thursday,2024,0
US,USD,CNY,web,134.63,134.63,2.37,7.142857,FALSE,standard,263,0.372,0.223,0,0,Thursday,2024,0
US,USD,EUR,mobile,90.43,90.43,2.54,0.925926,FALSE,standard,263,0.522,0.223,0,0,Thursday,2024,0
US,USD,EUR,mobile,151.7,151.7,2.46,0.925926,FALSE,standard,263,0.522,0.223,0,0,Thursday,2024,0
US,USD,INR,ATm,523.03,523.03,8.89,83.333333,TRUE,unknown,34,0.427,0.068,0,0,Friday,2024,1
CA,CAD,CAD,unknown,234.64,173.64,4.57,1,FALSE,low,615,0.515,0.355,0,0,Friday,2024,0
US,USD,CAD,mobile,157.53,157.53,4.54,1.351351,FALSE,standard,298,0.336,0.166,0,0,Friday,2024,0
UK,GBP,USD,mobile,407.6,509.5,6.87,1.25,FALSE,standard,4,0.892,0.407,1,0,Friday,2024,0
US,USD,GBP,web,40.62,40.62,1.3,0.8,FALSE,standard,263,0.522,0.223,0,0,Friday,2024,0
US,USD,CAD,web,280.62,280.62,5.4,1.351351,FALSE,enhanced,367,0.939,0.176,0,0,Friday,2024,0
US,USD,GBP,mobile,358.89,358.89,6.07,0.8,FALSE,standard,859,0.81,0.363,0,0,Friday,2024,0
US,USD,GBP,web,77.03,77.03,2.27,0.8,FALSE,enhanced,257,0.894,0.257,0,0,Friday,2024,0
US,USD,EUR,mobile,101.54,101.54,2.3,0.925926,FALSE,standard,263,0.372,0.223,0,0,Tuesday,2024,0
US,USD,USD,web,185.13,185.13,3.53,1,FALSE,standard,1016,0.944,0.247,0,0,Saturday,2024,0
US,USD,CNY,mobile,114.66,114.66,3.06,7.142857,FALSE,standard,298,0.186,0.166,0,0,Saturday,2024,0
CA,CAD,CAD,web,200.31,148.23,3.49,1,FALSE,standard,947,0.625,0.268,0,0,Saturday,2024,0
US,USD,CAD,mobile,360.16,360.16,-1,1.351351,FALSE,standard,147,-0.1,0.391,0,0,Saturday,2024,0
US,USD,NGN,mobile,116.35,116.35,3.3,1111.111111,FALSE,standard,1018,0.934,0.087,0,0.25,Saturday,2024,0
US,USD,GBP,web,449.36,449.36,7.67,0.8,FALSE,standard,298,0.336,0.166,0,0,Saturday,2024,0
US,USD,EUR,mobile,156.98,156.98,3.72,0.925926,FALSE,standard,147,0.551,0.391,0,0,Saturday,2024,0
US,USD,EUR,ATM,58.42,58.42,2.57,0.925926,FALSE,standard,263,0.522,0.223,0,0,Saturday,2024,0
US,USD,USD,web,75.38,75.38,2.69,1,FALSE,enhanced,367,0.939,0.176,0,0,Sunday,2024,0
US,USD,GBP,mobile,85.46,85.46,2.61,0.8,FALSE,enhanced,257,0.894,0.257,1,0,Sunday,2024,0
US,USD,USD,mobile,219.98,219.98,4.17,1,TRUE,standard,298,0.336,0.166,0,0,Sunday,2024,0
US,USD,MXN,mobile,128.17,128.17,2.5,17.241379,FALSE,standard,147,0.551,0.391,1,0.2,Sunday,2024,0
UK,GBP,INR,mobile,148.72,185.9,2.91,104.166667,FALSE,standard,4,0.892,0.407,0,0,Sunday,2024,0
US,USD,PHP,mobile,58.62,58.62,0.84,58.823529,FALSE,enhanced,257,0.894,0.257,0,0.1,Sunday,2024,0
US,USD,CAD,mobile,158.61,158.61,3.2,1.351351,FALSE,standard,147,0.551,0.391,1,0,Monday,2024,0
US,USD,PHP,mobile,174.78,174.78,2.97,58.823529,FALSE,enhanced,367,0.939,0.176,0,0.1,Monday,2024,0
CA,CAD,CNY,web,1623.49,1201.38,25.57,5.285714,FALSE,standard,947,0.625,0.268,0,0,-1,0,0
 US  ,USD,EUR, mobile  ,71.09,71.09,1.59,0.925926,TRUE,standard,263,0.522,0.223,0,0,Monday,2024,0
US,USD,CNY,web,314.31,314.31,5.49,7.142857,TRUE,standard,298,0.336,0.166,0,0,Monday,2024,0
UK,GBP,CAD,mobile,-316.71,395.89,9999.99,1.689189,FALSE,standard,4,-0.1,0.407,0,0,Monday,2024,1
UK,GBP,MXN,mobile,60.6,75.75,1.64,21.551724,FALSE,standard,4,0.892,0.407,0,0,Monday,2024,0
CA,CAD,CNY,mobile,91.02,67.35,2.16,5.285714,FALSE,low,615,0.515,0.355,0,0,Monday,2024,0
US,USD,EUR,mobile,106.15,106.15,3.53,0.925926,FALSE,enhanced,367,0.939,0.176,0,0,Monday,2024,0
UK,GBP,INR,web,115.31,144.14,2.24,104.166667,FALSE,standard,4,0.892,0.407,0,0,Monday,2024,0
US,USD,GBP,mobile,132.6,132.6,3.3,0.8,FALSE,enhanced,367,0.939,0.176,0,0,Monday,2024,0
US,USD,USD,mobile,97.95,97.95,2.9,1,FALSE,standard,298,0.336,0.166,0,0,Monday,2024,0
US,USD,PHP,mobile,64.74,64.74,1.38,58.823529,FALSE,standard,147,0.401,0.391,0,0.1,Monday,2024,0
US,USD,USD,web,43.57,43.57,1.31,1,TRUE,standard,147,0.551,0.391,0,0,Monday,2024,0
US,USD,PHP,mobile,160.94,160.94,3.74,58.823529,FALSE,enhanced,367,0.939,0.176,0,0.1,Tuesday,2024,0
US,USD,GBP,mobile,116.54,116.54,2.51,0.8,FALSE,standard,263,0.522,0.223,0,0,Tuesday,2024,0
CA,CAD,NGN,ATM,253.38,187.5,6.13,822.222222,FALSE,standard,1041,0.867,0.245,0,0,Tuesday,2024,0
UK,GBP,CNY,mobile,415.12,518.9,7.27,8.928571,FALSE,standard,4,0.892,0.407,1,0,Tuesday,2024,0
UK,GBP,USD,ATM,279.08,348.85,4.48,1.25,TRUE,standard,4,0.892,0.407,0,0,Tuesday,2024,0
US,USD,CNY,web,341.62,341.62,6.51,7.142857,FALSE,standard,298,0.336,0.166,0,0,Tuesday,2024,0
US,USD,PHP,ATM,174.16,174.16,2.88,58.823529,TRUE,standard,263,0.522,0.223,0,0.1,Tuesday,2024,0
US,USD,PHP,web,293.1,293.1,5.4,58.823529,FALSE,standard,1018,0.934,0.087,2,0.1,Tuesday,2024,0
US,USD,CAD,mobile,111.44,111.44,1.46,1.351351,FALSE,standard,1089,0.864,0.366,0,0,Wednesday,2024,0
US,USD,CNY, web  ,460.89,460.89,7.73,7.142857,FALSE,standard,34,0.427,0.068,0,0,Wednesday,2024,0
US,USD,INR,web,166.43,166.43,3.84,83.333333,FALSE,standard,1018,0.784,0.087,0,0,Wednesday,2024,0
CA,CAD,MXN,mobile,260.56,192.82,4.28,12.758621,FALSE,low,1074,0.664,0.225,0,0,Wednesday,2024,0
US,USD,USD,mobile,286.43,286.43,4.52,1,FALSE,enhanced,661,0.92,0.259,0,0,Wednesday,2024,0
CA,CAD,EUR,ATM,267.36,197.85,4.8,0.685185,FALSE,low,615,0.515,0.355,0,0,Wednesday,2024,0
US,USD,NGN,web,44.09,44.09,1.91,1111.111111,FALSE,standard,1018,0.934,0.087,0,0.25,Wednesday,2024,0
CA,CAD,MXN,mobile,413.61,306.07,7.41,12.758621,TRUE,standard,947,0.625,0.268,0,0,Wednesday,2024,0
US,USD,PHP,web,254.39,254.39,4.41,58.823529,FALSE,standard,1018,0.934,0.087,0,0.1,Wednesday,2024,0
US,USD,CAD,mobile,41.94,41.94,1.25,1.351351,FALSE,standard,263,0.522,0.223,0,0,Wednesday,2024,0
US,USD,EUR,web,134.98,134.98,3.1,0.925926,FALSE,standard,263,0.522,0.223,0,0,Wednesday,2024,0
US,USD,CNY, mobile  ,61.29,61.29,1.83,7.142857,FALSE,standard,298,0.336,0.166,0,0,Wednesday,2024,0
US,USD,CAD,mobile,188.37,188.37,3.8,1.351351,FALSE,standard,263,0.522,0.223,0,0,Thursday,2024,0
US,USD,CNY,ATM,82.41,82.41,2.61,7.142857,FALSE,standard,1016,0.944,0.247,0,0,-1,0,0
UK,GBP,GBP,ATM,9993.88,12492.35,149.98,1,FALSE,standard,4,0.892,0.407,0,0,Thursday,2024,0
US,USD,GBP,web,146.67,146.67,3.67,0.8,FALSE,standard,1018,0.934,0.087,0,0,Thursday,2024,0
US,USD,CAD,web,47.21,47.21,1.88,1.351351,FALSE,standard,147,0.551,0.391,0,0,Thursday,2024,0
US,USD,NGN,mobile,498.11,498.11,8.3,1111.111111,FALSE,standard,263,0.522,0.223,0,0.25,Thursday,2024,0
UK,GBP,GBP,web,88.06,110.07,2.02,1,FALSE,standard,718,0.953,0.169,0,0,Thursday,2024,0
US,USD,GBP,web,51.71,51.71,1.59,0.8,FALSE,standard,34,0.427,0.068,0,0,Thursday,2024,0
US,USD,CNY,web,309.49,309.49,5.69,7.142857,FALSE,standard,263,0.522,0.223,0,0,Thursday,2024,0
US,USD,CAD,mobile,21.87,21.87,1.95,1.351351,FALSE,standard,147,0.551,0.391,0,0,Thursday,2024,0
US,USD,GBP,mobile,185.54,185.54,2.72,0.8,FALSE,standard,298,0.336,0.166,0,0,Thursday,2024,0
US,USD,INR,web,79.97,79.97,2.29,83.333333,FALSE,standard,263,0.522,0.223,0,0,Thursday,2024,0
US,USD,USD,web,57.07,57.07,2.46,1,FALSE,standard,263,0.522,0.223,0,0,Thursday,2024,0
UK,GBP,USD,mobile,162,202.49,4,1.25,FALSE,standard,4,0.892,0.407,0,0,Thursday,2024,0
US,USD,EUR,web,205.2,205.2,4.77,0.925926,FALSE,standard,298,0.336,0.166,0,0,Thursday,2024,0
UK,GBP,GBP,ATM,479.12,598.9,8.34,1,FALSE,standard,718,0.953,0.169,0,0,Friday,2024,0
US,USD,INR,mobile,200.2,200.2,3.74,83.333333,FALSE,standard,1016,0.944,0.247,1,0,Friday,2024,0
UK,GBP,NGN,web,83.65,104.56,2.17,1388.888889,FALSE,standard,4,0.892,0.407,0,0.22,Friday,2024,0
US,USD,MXN,mobile,329.86,329.86,5.17,17.241379,FALSE,standard,263,0.522,0.223,0,0.2,Friday,2024,0
US,USD,CNY,ATM,159.98,159.98,3.87,7.142857,FALSE,standard,147,0.551,0.391,0,0,Friday,2024,0
UK,GBP,NGN,web,233.7,292.13,4.46,1388.888889,FALSE,standard,4,0.892,0.407,0,0.22,Friday,2024,1
US,USD,CNY,mobile,43.82,43.82,1.74,7.142857,FALSE,standard,298,0.336,0.166,0,0,Friday,2024,0
US,USD,INR,mobile,27.14,27.14,2.29,83.333333,FALSE,standard,298,0.336,0.166,1,0,Friday,2024,0
US,USD,CAD,mobile,215.66,215.66,5.01,1.351351,FALSE,standard,1016,0.944,0.247,0,0,Friday,2024,0
US,USD,GBP,web,63.7,63.7,-1,0.8,TRUE,standard,1016,-0.1,0.247,0,0,Friday,2024,0
US,USD,EUR,mobile,61.49,61.49,1.61,0.925926,FALSE,standard,1018,0.934,0.087,6,0,Friday,2024,0
US,USD,USD,ATM,144.98,144.98,3.45,1,FALSE,standard,298,0.336,0.166,0,0,Friday,2024,0
US,USD,EUR, mobile  ,131.02,131.02,3.21,0.925926,FALSE,enhanced,367,0.939,0.176,0,0,Friday,2024,0
CA,CAD,PHP,mobile,182.64,135.15,3.54,43.529412,FALSE,standard,947,0.625,0.268,0,0,Friday,2024,0
US,USD,CAD,mobile,74.18,74.18,2.59,1.351351,FALSE,standard,263,0.522,0.223,0,0,Friday,2024,0
UK,GBP,MXN,mobile,40.95,51.19,1.66,21.551724,FALSE,standard,4,0.892,0.407,0,0,Saturday,2024,1
US,USD,CAD,ATM,304.51,304.51,5.56,1.351351,FALSE,standard,298,0.336,0.166,0,0,Saturday,2024,0
US,USD,GBP,mobile,229.66,229.66,4.79,0.8,FALSE,standard,147,0.551,0.391,1,0,Saturday,2024,0
CA,CAD,INR,mobile,180.15,133.31,4,61.666667,TRUE,standard,172,0.881,0.199,0,0.12,Saturday,2024,0
US,USD,GBP,mobile,-207.55,207.55,9999.99,0.8,FALSE,standard,1018,-0.1,0.087,0,0,Saturday,2024,0
US,USD,CAD,mobile,75.4,75.4,2.22,1.351351,FALSE,standard,298,0.186,0.166,0,0,Saturday,2024,0
US,USD,CNY,mobile,75.83,75.83,2.59,7.142857,FALSE,standard,298,0.336,0.166,0,0,Saturday,2024,0
US,USD,PHP,web,60.35,60.35,1.83,58.823529,FALSE,standard,298,0.336,0.166,0,0.1,Saturday,2024,0
UK,GBP,CNY,mobile,1040.12,410.97,110.92,8.928571,FALSE,unknown,4,0.68,0.407,0,0,Saturday,2024,0
UK,GBP,GBP,ATM,122.4,152.99,2.96,1,TRUE,standard,4,0.892,0.407,0,0,Saturday,2024,0
UK,GBP,CNY,mobile,73.41,91.77,1.85,8.928571,FALSE,standard,4,0.892,0.407,0,0,Sunday,2024,1
US,USD,CAD,web,119.94,119.94,3.34,1.351351,FALSE,standard,298,0.336,0.166,0,0,Sunday,2024,0
US,USD,USD,mobile,335.04,335.04,6.59,1,FALSE,standard,1016,0.944,0.247,0,0,Sunday,2024,0
US,USD,CAD,ATM,165.1,165.1,-1,1.351351,FALSE,standard,298,-0.1,0.166,0,0,Sunday,2024,0
US,USD,MXN,ATM,195.8,195.8,4.41,17.241379,FALSE,standard,1089,0.864,0.366,0,0.2,Sunday,2024,0
CA,CAD,INR,ATM,293.01,216.83,5.3,61.666667,FALSE,standard,947,0.625,0.268,0,0.12,Sunday,2024,0
US,USD,PHP,mobile,218.55,218.55,3.99,58.823529,FALSE,enhanced,367,0.939,0.176,0,0.1,Sunday,2024,0
UK,GBP,MXN,mobile,185.28,231.6,3.26,21.551724,FALSE,standard,4,0.742,0.407,0,0,Sunday,2024,0
US,USD,CNY,mobile,59.3,59.3,1.25,7.142857,TRUE,standard,1016,0.944,0.247,0,0,Sunday,2024,0
US,USD,MXN,mobile,102.19,102.19,2.93,17.241379,FALSE,standard,298,0.336,0.166,0,0.2,Monday,2024,0
UK,GBP,CAD,mobile,282.93,353.66,4.73,1.689189,FALSE,standard,4,0.892,0.407,0,0,Monday,2024,0
US,USD,USD,web,219.82,219.82,4.73,1,FALSE,standard,1018,0.934,0.087,0,0,Monday,2024,0
CA,CAD,EUR,web,222.01,164.28,3.63,0.685185,TRUE,standard,1041,0.867,0.245,0,0,Monday,2024,0
UK,GBP,EUR,web,364.31,455.39,4.9,1.157407,FALSE,standard,4,0.892,0.407,0,0.05,Monday,2024,0
US,USD,EUR,mobile,22.43,22.43,1.64,0.925926,FALSE,standard,147,0.551,0.391,0,0,Monday,2024,0
US,USD,GBP,mobile,104.51,104.51,2.83,0.8,FALSE,enhanced,257,0.894,0.257,0,0,Monday,2024,0
CA,CAD,PHP,ATM,169.12,125.15,3.59,43.529412,TRUE,standard,1041,0.867,0.245,0,0,Monday,2024,0
US,USD,GBP,web,82.6,82.6,1.93,0.8,FALSE,standard,1018,0.934,0.087,0,0,Tuesday,2024,0
US,USD,EUR,mobile,164.85,164.85,3.45,0.925926,FALSE,standard,298,0.336,0.166,0,0,Tuesday,2024,0
US,USD,NGN,mobile,76.9,76.9,2.05,1111.111111,FALSE,standard,263,0.522,0.223,0,0.25,Tuesday,2024,0
US,USD,CNY,web,133.14,133.14,2.75,7.142857,FALSE,standard,446,0.9,0.199,0,0,Tuesday,2024,0
UK,GBP,PHP,mobile,58.91,73.64,3.08,73.529412,FALSE,standard,684,0.833,0.241,7,0,Tuesday,2024,0
UK,GBP,CAD,mobile,67.67,84.58,2.1,1.689189,FALSE,standard,4,0.892,0.407,0,0,Tuesday,2024,0
US,USD,NGN,web,117.59,117.59,2.82,1111.111111,FALSE,standard,298,0.336,0.166,0,0.25,Tuesday,2024,0
US,USD,NGN,web,91.39,91.39,2.76,1111.111111,FALSE,standard,298,0.336,0.166,0,0.25,Tuesday,2024,0
US,USD,MXN,mobile,146.62,146.62,3.52,17.241379,FALSE,standard,263,0.522,0.223,0,0.2,Wednesday,2024,0
US,USD,CNY,mobile,25.04,25.04,1.3,7.142857,FALSE,enhanced,367,0.939,0.176,0,0,Wednesday,2024,0
US,USD,GBP,mobile,306.6,306.6,6.44,0.8,FALSE,standard,1018,0.784,0.087,0,0,Wednesday,2024,0
US,USD,PHP,ATM,141.86,141.86,3.72,58.823529,FALSE,standard,263,0.522,0.223,1,0.1,Wednesday,2024,0
UK,GBP,CNY,mobile,-174.84,218.55,9999.99,8.928571,FALSE,standard,4,-0.1,0.407,0,0,Wednesday,2024,0
US,USD,USD,web,219.63,219.63,3.45,1,FALSE,enhanced,367,0.939,0.176,0,0,Wednesday,2024,0
US,USD,CAD,mobile,185.57,185.57,3.76,1.351351,TRUE,enhanced,367,0.939,0.176,0,0,Wednesday,2024,0
US,USD,GBP,mobile,78.67,410.97,110.92,0.8,FALSE,unknown,257,0.68,0.257,0,0,Wednesday,2024,0
US,USD,PHP,mobile,265.84,265.84,5.36,58.823529,FALSE,enhanced,367,0.939,0.176,0,0.1,Thursday,2024,0
CA,CAD,CNY,web,237.23,175.55,4.6,5.285714,FALSE,standard,903,0.774,0.18,0,0,Thursday,2024,0
US,USD,NGN,mobile,194.47,194.47,3.46,1111.111111,FALSE,enhanced,257,0.894,0.257,0,0.25,Thursday,2024,0
UK,GBP,INR,mobile,126.83,158.54,2.61,104.166667,FALSE,standard,718,0.953,0.169,0,0,Thursday,2024,0
US,USD,NGN,ATM,69.06,69.06,1.76,1111.111111,FALSE,standard,147,0.551,0.391,0,0.25,Thursday,2024,0
CA,CAD,GBP,web,202.7,150,4.77,0.592,FALSE,standard,947,0.625,0.268,0,0,Thursday,2024,0
UK,GBP,INR,mobile,33.03,41.28,2.03,104.166667,TRUE,standard,4,0.892,0.407,0,0,Thursday,2024,0
US,USD,EUR,mobile,66.19,66.19,1.56,0.925926,TRUE,standard,298,0.336,0.166,0,0,Thursday,2024,0
US,USD,NGN,web,104.72,104.72,1.57,1111.111111,TRUE,standard,298,0.336,0.166,0,0.25,Thursday,2024,0
CA,CAD,NGN,web,9991.62,7393.8,150.67,822.222222,FALSE,low,615,0.515,0.355,0,0,Thursday,2024,0
UK,GBP,NGN,web,38.32,47.91,2.26,1388.888889,FALSE,standard,4,0.892,0.407,0,0.22,Friday,2024,0
US,USD,USD,mobile,402.95,402.95,6.96,1,FALSE,standard,298,0.336,0.166,0,0,Friday,2024,0
US,USD,NGN,mobile,70.54,70.54,2.18,1111.111111,TRUE,standard,298,0.336,0.166,0,0.25,Friday,2024,0
US,USD,INR,web,86.99,86.99,1.85,83.333333,FALSE,enhanced,367,0.939,0.176,0,0,Friday,2024,0
US,USD,NGN,web,288.34,288.34,4.51,1111.111111,FALSE,standard,263,0.522,0.223,1,0.25,Saturday,2024,0
UK,GBP,GBP,web,57.25,71.56,1.7,1,FALSE,standard,718,0.953,0.169,1,0,Saturday,2024,0
US,USD,GBP,web,180.29,180.29,3.49,0.8,FALSE,standard,34,0.427,0.068,0,0,Saturday,2024,0
US,USD,INR,mobile,516.16,516.16,7.94,83.333333,FALSE,enhanced,257,0.894,0.257,1,0,Saturday,2024,0
US,USD,NGN,web,101.77,101.77,2.15,1111.111111,TRUE,standard,263,0.522,0.223,0,0.25,Friday,2024,0
US,USD,INR,mobile,89.99,89.99,2.24,83.333333,FALSE,standard,1018,0.934,0.087,0,0,Saturday,2024,0
US,USD,INR,web,198.08,198.08,4.43,83.333333,FALSE,standard,147,0.551,0.391,0,0,Saturday,2024,0
US,USD,NGN,web,99.91,99.91,3.39,1111.111111,TRUE,enhanced,257,0.894,0.257,1,0.25,Sunday,2024,0
US,USD,NGN,mobile,83.16,83.16,2.09,1111.111111,TRUE,standard,147,0.551,0.391,0,0.25,Sunday,2024,0
US,USD,INR,mobile,170.32,170.32,3.66,83.333333,FALSE,standard,1016,0.944,0.247,0,0,Sunday,2024,0
US,USD,EUR,web,18.12,18.12,1.18,0.925926,FALSE,standard,298,0.336,0.166,0,0,Sunday,2024,1
CA,CAD,MXN,mobile,230.42,170.51,4.32,12.758621,TRUE,low,1074,0.664,0.225,0,0,Sunday,2024,0
UK,GBP,NGN,web,215.5,269.37,5.01,1388.888889,FALSE,standard,4,0.892,0.407,0,0.22,Sunday,2024,1
US,USD,GBP,mobile,146.65,146.65,3.17,0.8,FALSE,enhanced,367,0.939,0.176,0,0,Sunday,2024,0
US,USD,CNY,mobile,9993.7,9993.7,151.47,7.142857,TRUE,standard,298,0.336,0.166,0,0,Sunday,2024,0
US,USD,PHP,web,118.24,118.24,3.23,58.823529,FALSE,standard,263,0.522,0.223,0,0.1,Sunday,2024,0
US,USD,NGN,web,291.79,291.79,5.36,1111.111111,FALSE,standard,263,0.522,0.223,0,0.25,Sunday,2024,0
US,USD,CNY,mobile,95.46,95.46,2.35,7.142857,TRUE,standard,34,0.427,0.068,0,0,Sunday,2024,0
US,USD,PHP,mobile,85.19,85.19,2.44,58.823529,TRUE,standard,147,0.551,0.391,0,0.1,Monday,2024,0
US,USD,GBP,web,275.9,275.9,5.59,0.8,FALSE,enhanced,257,0.894,0.257,0,0,Monday,2024,0
US,USD,CNY,mobile,209.01,209.01,3.33,7.142857,FALSE,enhanced,367,0.939,0.176,8,0,Monday,2024,0
US,USD,INR,mobile,233.63,233.63,4.4,83.333333,FALSE,enhanced,257,0.894,0.257,0,0,Monday,2024,0
US,USD,MXN,mobile,69.05,69.05,2.85,17.241379,FALSE,standard,263,0.522,0.223,1,0.2,Monday,2024,0
US,USD,GBP,mobile,108.77,108.77,2.53,0.8,FALSE,enhanced,367,0.939,0.176,0,0,Monday,2024,0
US,USD,GBP,mobile,179.25,179.25,4.37,0.8,FALSE,enhanced,257,0.894,0.257,0,0,Monday,2024,0
CA,CAD,GBP,mobile,146.81,108.64,3.25,0.592,FALSE,low,824,0.607,0.282,0,0,Monday,2024,0
US,USD,CAD,ATM,54.17,54.17,2.16,1.351351,FALSE,enhanced,257,0.894,0.257,1,0,Monday,2024,0
UK,GBP,PHP,web,292.41,365.51,5.31,73.529412,FALSE,standard,4,0.892,0.407,1,0,Monday,2024,0
UK,GBP,GBP,mobile,115.6,144.5,2.77,1,FALSE,standard,4,0.892,0.407,0,0,Monday,2024,0
UK,GBP,INR,mobile,150.02,187.52,3.06,104.166667,FALSE,standard,4,0.892,0.407,0,0,Monday,2024,0
US,USD,MXN,mobile,156.74,156.74,2.39,17.241379,FALSE,standard,298,0.336,0.166,0,0.2,Monday,2024,0
US,USD,NGN,mobile,247.22,247.22,5.14,1111.111111,FALSE,standard,34,0.427,0.068,0,0.25,Tuesday,2024,0
US,USD,PHP,mobile,139.9,139.9,2.58,58.823529,TRUE,standard,1016,0.944,0.247,0,0.1,Tuesday,2024,0
US,USD,CAD,mobile,91.48,91.48,3.2,1.351351,FALSE,standard,147,0.551,0.391,0,0,Tuesday,2024,0
US,USD,CAD,web,699.52,699.52,11.42,1.351351,TRUE,standard,263,0.372,0.223,0,0,Tuesday,2024,0
US,USD,INR,ATM,522.29,522.29,9.23,83.333333,FALSE,enhanced,367,0.939,0.176,0,0,Tuesday,2024,0
US,USD,CAD,mobile,298.91,298.91,6.1,1.351351,FALSE,standard,1018,0.934,0.087,0,0,Tuesday,2024,0
US,USD,PHP,mobile,147.46,147.46,3.95,58.823529,FALSE,standard,263,0.522,0.223,0,0.1,Wednesday,2024,0
US,USD,PHP,mobile,296.63,296.63,5.51,58.823529,FALSE,enhanced,367,0.939,0.176,0,0.1,Wednesday,2024,0
US,USD,CNY,mobile,332.51,332.51,5.89,7.142857,FALSE,standard,263,0.522,0.223,1,0,Wednesday,2024,0
US,USD,CNY,mobile,286.26,286.26,5.39,7.142857,FALSE,standard,263,0.522,0.223,0,0,Wednesday,2024,0
UK,GBP,USD,WEB,210.64,263.29,3.61,1.25,FALSE,standard,4,0.892,0.407,8,0,Wednesday,2024,0
US,USD,GBP,mobile,134.22,410.97,110.92,0.8,FALSE,unknown,257,0.68,0.257,0,0,Wednesday,2024,0
US,USD,INR,mobile,48.9,48.9,1.35,83.333333,FALSE,standard,1016,0.944,0.247,0,0,Wednesday,2024,0
US,USD,USD,web,251.27,251.27,4.43,1,FALSE,standard,1018,0.934,0.087,0,0,Wednesday,2024,0
US,USD,EUR,web,427.31,427.31,7.91,0.925926,FALSE,standard,298,0.336,0.166,0,0,Wednesday,2024,0
US,USD,NGN,mobile,2085.64,2085.64,32.33,1111.111111,TRUE,standard,298,0.336,0.166,0,0.25,Wednesday,2024,0
US,USD,NGN,ATM,148.06,148.06,3.38,1111.111111,TRUE,standard,263,0.522,0.223,0,0.25,Wednesday,2024,0
US,USD,EUR,mobile,93.43,93.43,2.9,0.925926,FALSE,standard,263,0.522,0.223,0,0,Wednesday,2024,0
CA,CAD,MXN,web,131.31,97.17,3.02,12.758621,FALSE,standard,947,0.625,0.268,0,0,Wednesday,2024,0
US,USD,PHP,web,313.64,313.64,5.75,58.823529,FALSE,enhanced,367,0.939,0.176,0,0.1,Wednesday,2024,0
US,USD,MXN,mobile,99.23,99.23,2.46,17.241379,FALSE,enhanced,367,0.939,0.176,0,0.2,Wednesday,2024,0
UK,GBP,CNY,ATM,176.22,220.27,4.23,8.928571,FALSE,standard,4,0.892,0.407,0,0,Thursday,2024,0
US,USD,PHP,mobile,74.43,74.43,1.35,58.823529,FALSE,enhanced,367,0.939,0.176,0,0.1,Thursday,2024,0
UK,GBP,MXN,ATM,187.7,234.63,3.84,21.551724,FALSE,standard,4,0.892,0.407,0,0,-1,0,0
 US  ,USD,CAD, mobile  ,551.88,551.88,9.55,1.351351,FALSE,enhanced,257,0.894,0.257,0,0,Thursday,2024,0
CA,CAD,PHP,ATM,142.91,105.76,3.34,43.529412,TRUE,low,824,0.607,0.282,0,0,Thursday,2024,0
US,USD,EUR,mobile,121.18,121.18,2.87,0.925926,FALSE,enhanced,367,0.939,0.176,0,0,Thursday,2024,0
CA,CAD,USD,mobile,72.05,53.31,2.42,0.74,FALSE,standard,172,0.881,0.199,0,0,Thursday,2024,0
US,USD,CNY,mobile,48.67,48.67,2.14,7.142857,FALSE,standard,34,0.427,0.068,0,0,Thursday,2024,0
US,USD,GBP,web,542.22,542.22,8.7,0.8,FALSE,standard,1018,0.934,0.087,0,0,Thursday,2024,0
US,USD,EUR,mobile,90.36,90.36,2.91,0.925926,TRUE,standard,830,0.799,0.102,0,0,Thursday,2024,0
US,USD,INR,web,244.67,244.67,4.72,83.333333,FALSE,standard,147,0.551,0.391,0,0,Thursday,2024,0
US,USD,CAD,ATM,176.24,176.24,3.46,1.351351,FALSE,standard,147,0.551,0.391,0,0,Thursday,2024,0
US,USD,PHP,mobile,125.75,410.97,110.92,58.823529,FALSE,unknown,1018,0.68,0.087,0,0.1,Friday,2024,0
US,USD,CNY,web,595.1,595.1,9.77,7.142857,FALSE,enhanced,367,0.939,0.176,0,0,Friday,2024,0
UK,GBP,GBP,mobile,212.5,265.62,3.84,1,FALSE,low,454,0.56,0.238,0,0,Friday,2024,0
US,USD,MXN,mobile,405.85,405.85,7.09,17.241379,FALSE,standard,1018,0.784,0.087,0,0.2,Friday,2024,0
US,USD,CAD,ATM,371.23,371.23,5.96,1.351351,FALSE,standard,1016,0.944,0.247,0,0,Friday,2024,0
US,USD,USD,mobile,83.11,83.11,2.63,1,FALSE,enhanced,661,0.92,0.259,0,0,Friday,2024,0
UK,GBP,PHP,web,72.67,90.83,1.14,73.529412,FALSE,standard,4,0.892,0.407,0,0,Friday,2024,0
UK,GBP,CAD,mobile,59.4,74.25,1.65,1.689189,FALSE,standard,4,0.892,0.407,0,0,Friday,2024,0
US,USD,USD,mobile,185.67,185.67,3.76,1,FALSE,standard,263,0.522,0.223,0,0,Friday,2024,0
UK,GBP,MXN,mobile,113.07,141.33,2.97,21.551724,FALSE,standard,4,0.742,0.407,0,0,Friday,2024,1
US,USD,PHP,web,94.34,94.34,2.68,58.823529,FALSE,standard,1018,0.934,0.087,0,0.1,Friday,2024,0
US,USD,USD,web,60.58,60.58,1.56,1,FALSE,enhanced,257,0.894,0.257,0,0,Friday,2024,0
US,USD,CAD,mobile,193.47,193.47,3.66,1.351351,FALSE,enhanced,257,0.894,0.257,0,0,Friday,2024,0
UK,GBP,EUR,web,135.33,410.97,110.92,1.157407,FALSE,unknown,4,0.68,0.407,0,0.05,Saturday,2024,0
US,USD,GBP,ATM,299.24,299.24,4.7,0.8,FALSE,standard,147,0.551,0.391,0,0,Saturday,2024,0
CA,CAD,CAD,mobile,194.29,143.77,3.28,1,FALSE,standard,564,0.658,0.4,0,0,Saturday,2024,0
US,USD,NGN,web,534.28,534.28,9.79,1111.111111,FALSE,standard,263,0.522,0.223,0,0.25,Saturday,2024,0
UK,GBP,CAD,web,720.04,900.06,11.41,1.689189,FALSE,standard,4,0.892,0.407,0,0,Saturday,2024,1
US,USD,NGN,ATM,79.44,79.44,2.31,1111.111111,FALSE,standard,147,0.551,0.391,0,0.25,Saturday,2024,0
US,USD,INR,web,140.46,140.46,2.68,83.333333,FALSE,standard,34,0.427,0.068,0,0,Saturday,2024,0
US,USD,INR,mobile,98.89,98.89,3.2,83.333333,FALSE,enhanced,367,0.939,0.176,0,0,Wednesday,2024,0
US,USD,NGN,mobile,209.52,209.52,4.42,1111.111111,FALSE,standard,263,0.522,0.223,0,0.25,Sunday,2024,0
US,USD,NGN,mobile,78.69,78.69,2.14,1111.111111,FALSE,enhanced,257,0.894,0.257,0,0.25,Sunday,2024,0
US,USD,MXN,web,231.1,231.1,4.19,17.241379,TRUE,standard,147,0.551,0.391,0,0.2,Sunday,2024,0
US,USD,GBP,web,212.27,212.27,4.37,0.8,FALSE,low,113,0.494,0.042,0,0,Monday,2024,0
US,USD,GBP,ATM,411.63,411.63,6.79,0.8,FALSE,enhanced,367,0.939,0.176,0,0,Monday,2024,0
US,USD,MXN,mobile,609.73,609.73,10.08,17.241379,FALSE,enhanced,257,0.894,0.257,0,0.2,Monday,2024,0
US,USD,MXN,mobile,57.65,57.65,2.11,17.241379,FALSE,standard,263,0.522,0.223,0,0.2,Monday,2024,0
US,USD,PHP,mobile,24.59,24.59,2.05,58.823529,TRUE,standard,1016,0.944,0.247,0,0.1,Monday,2024,0
US,USD,USD,mobile,58.99,58.99,2.12,1,FALSE,enhanced,367,0.939,0.176,1,0,Wednesday,2024,0
US,USD,CNY,mobile,247.48,247.48,5.2,7.142857,FALSE,standard,1016,0.944,0.247,0,0,Tuesday,2024,0
CA,CAD,MXN,mobile,150.54,111.4,3.42,12.758621,FALSE,low,214,0.596,0.233,1,0,Tuesday,2024,0
CA,CAD,MXN,mobile,1624.54,1202.16,25.38,12.758621,FALSE,standard,947,0.625,0.268,0,0,Tuesday,2024,0
UK,GBP,NGN,mobile,54.83,410.97,110.92,1388.888889,FALSE,unknown,4,0.68,0.407,0,0.22,Tuesday,2024,0
US,USD,USD,mobile,44.9,44.9,1.19,1,FALSE,enhanced,367,0.939,0.176,1,0,Wednesday,2024,0
US,USD,GBP,web,108.37,108.37,2.66,0.8,FALSE,standard,298,0.336,0.166,0,0,Wednesday,2024,0
CA,CAD,MXN,ATM,57.8,42.77,2.03,12.758621,FALSE,low,824,0.607,0.282,0,0,Wednesday,2024,0
US,USD,MXN,mobile,191.95,191.95,4.28,17.241379,FALSE,standard,1018,0.934,0.087,7,0.2,Wednesday,2024,0
UK,GBP,PHP,ATM,97.03,121.29,2.68,73.529412,FALSE,standard,4,0.892,0.407,1,0,Wednesday,2024,0
US,USD,USD,mobile,353.2,353.2,6.35,1,FALSE,standard,147,0.551,0.391,0,0,Wednesday,2024,0
CA,CAD,CNY,mobile,204.47,151.31,4.27,5.285714,FALSE,low,824,0.607,0.282,0,0,Wednesday,2024,0
US,USD,INR,ATM,54.55,54.55,3.34,83.333333,FALSE,enhanced,367,0.939,0.176,0,0,Wednesday,2024,0
UK,GBP,MXN,ATM,243.84,304.8,4.3,21.551724,TRUE,standard,4,0.892,0.407,1,0,Wednesday,2024,0
US,USD,CNY,ATm,265.39,265.39,4.99,7.142857,FALSE,unknown,367,0.939,0.176,0,0,Wednesday,2024,0
US,USD,PHP,mobile,132.87,132.87,2.5,58.823529,FALSE,standard,147,0.551,0.391,0,0.1,Wednesday,2024,0
US,USD,GBP,mobile,241.2,241.2,4.35,0.8,FALSE,standard,1018,0.934,0.087,0,0,Wednesday,2024,0
CA,CAD,CNY,mobile,285.9,211.56,5.4,5.285714,FALSE,standard,947,0.625,0.268,1,0,Wednesday,2024,0
US,USD,GBP,mobile,370.21,370.21,6.56,0.8,FALSE,enhanced,257,0.894,0.257,0,0,Thursday,2024,0
US,USD,EUR,web,247.8,247.8,4.55,0.925926,FALSE,enhanced,257,0.894,0.257,0,0,Thursday,2024,0
US,USD,USD,mobile,75.83,75.83,2.27,1,FALSE,enhanced,661,0.92,0.259,0,0,Thursday,2024,0
US,USD,EUR,mobile,99.51,99.51,2.5,0.925926,FALSE,standard,298,0.336,0.166,0,0,Thursday,2024,0
US,USD,EUR,web,49.19,49.19,2,0.925926,FALSE,enhanced,367,0.939,0.176,0,0,Thursday,2024,0
US,USD,NGN,web,115.99,115.99,2.96,1111.111111,FALSE,enhanced,257,0.894,0.257,0,0.25,Friday,2024,0
US,USD,PHP,web,458.09,458.09,7.74,58.823529,FALSE,standard,263,0.522,0.223,0,0.1,Friday,2024,0
US,USD,USD,mobile,62.66,62.66,1.4,1,FALSE,standard,1018,0.934,0.087,0,0,Friday,2024,0
US,USD,GBP,web,88.92,88.92,2.71,0.8,FALSE,standard,147,0.551,0.391,0,0,Friday,2024,0
US,USD,CAD,web,526.57,526.57,8.9,1.351351,FALSE,standard,147,0.551,0.391,0,0,Friday,2024,0
US,USD,EUR,mobile,60.62,60.62,2.11,0.925926,FALSE,standard,298,0.336,0.166,0,0,Friday,2024,0
US,USD,CAD,mobile,78.85,78.85,2.47,1.351351,FALSE,standard,263,0.522,0.223,0,0,Friday,2024,0
US,USD,INR,mobile,167.15,167.15,4.05,83.333333,FALSE,standard,263,0.522,0.223,0,0,Friday,2024,0
US,USD,CAD,ATM,419.11,419.11,7.44,1.351351,FALSE,standard,263,0.522,0.223,0,0,Friday,2024,0
US,USD,GBP,mobile,107.19,107.19,2.58,0.8,FALSE,enhanced,367,0.939,0.176,0,0,Friday,2024,0
US,USD,NGN,mobile,119.52,119.52,3.35,1111.111111,FALSE,enhanced,257,0.894,0.257,0,0.25,Friday,2024,0
CA,CAD,CNY,mobile,126.65,93.72,2.39,5.285714,FALSE,low,615,0.515,0.355,0,0,Saturday,2024,0
US,USD,NGN,web,292.96,292.96,4.82,1111.111111,FALSE,standard,147,0.551,0.391,0,0.25,Saturday,2024,0
UK,GBP,CNY,mobile,163.23,204.03,3.95,8.928571,FALSE,standard,4,0.892,0.407,0,0,Saturday,2024,0
CA,CAD,NGN,mobile,186.51,138.02,3.87,822.222222,TRUE,standard,853,0.83,0.29,0,0,Saturday,2024,0
US,USD,USD,mobile,59.54,59.54,1.63,1,FALSE,standard,263,0.372,0.223,0,0,Sunday,2024,0
UK,GBP,MXN,mobile,86.83,108.54,3.04,21.551724,FALSE,enhanced,803,0.882,0.285,9,0,Sunday,2024,0
UK,GBP,GBP,web,83.57,104.47,3.03,1,FALSE,standard,4,0.892,0.407,0,0,Sunday,2024,0
US,USD,USD,mobile,370.26,370.26,6.33,1,FALSE,standard,263,0.522,0.223,0,0,Sunday,2024,0
US,USD,CNY,web,180.97,180.97,3.59,7.142857,FALSE,standard,298,0.336,0.166,0,0,Sunday,2024,0
US,USD,INR,mobile,148.74,148.74,2.65,83.333333,FALSE,standard,263,0.522,0.223,0,0,Sunday,2024,0
CA,CAD,PHP,mobile,81.31,60.17,2.01,43.529412,FALSE,standard,947,0.625,0.268,0,0,Sunday,2024,0
US,USD,GBP,mobile,380.48,380.48,6.42,0.8,FALSE,standard,1018,0.784,0.087,0,0,Sunday,2024,0
US,USD,GBP,WEB,119.88,119.88,2.72,0.8,FALSE,standard,147,0.401,0.391,0,0,Monday,2024,0
US,USD,EUR,mobile,125.5,125.5,2.36,0.925926,FALSE,standard,263,0.522,0.223,0,0,Monday,2024,0
UK,GBP,PHP,mobile,161.28,201.6,3.16,73.529412,FALSE,standard,4,0.892,0.407,0,0,Monday,2024,0
US,USD,INR,mobile,212.18,212.18,4.26,83.333333,FALSE,standard,298,0.336,0.166,0,0,Monday,2024,0
US,USD,EUR,weeb,67.63,67.63,2.48,0.925926,TRUE,standard,263,0.522,0.223,0,0,Monday,2024,0
UK,GBP,NGN,mobile,266.09,332.61,4.88,1388.888889,FALSE,standard,4,0.892,0.407,0,0.22,Monday,2024,0
US,USD,INR,mobile,9992.19,9992.19,151.07,83.333333,FALSE,standard,147,0.551,0.391,0,0,Monday,2024,0
UK,GBP,GBP,mobile,278.4,348,5.88,1,FALSE,standard,4,0.892,0.407,0,0,Tuesday,2024,0
US,USD,CNY,mobile,103.43,103.43,2.78,7.142857,TRUE,enhanced,367,0.939,0.176,1,0,Tuesday,2024,0
US,USD,NGN,ATM,49.9,49.9,2.21,1111.111111,FALSE,standard,1018,0.934,0.087,0,0.25,Tuesday,2024,0
US,USD,NGN,mobile,157.72,157.72,3.75,1111.111111,TRUE,standard,1018,0.934,0.087,0,0.25,Tuesday,2024,0
US,USD,PHP,web,75.18,75.18,2.38,58.823529,FALSE,standard,147,0.551,0.391,0,0.1,Tuesday,2024,0
UK,GBP,EUR,mobile,47.07,58.83,1.62,1.157407,FALSE,standard,259,0.691,0.187,0,0.05,Tuesday,2024,0
US,USD,NGN,mobile,461.12,461.12,6.33,1111.111111,FALSE,standard,298,0.336,0.166,0,0.25,Tuesday,2024,0
US,USD,GBP,mobile,233.13,233.13,4.59,0.8,FALSE,standard,263,0.372,0.223,0,0,Tuesday,2024,0
CA,CAD,NGN,mobile,170.11,125.88,4.58,822.222222,FALSE,low,824,0.607,0.282,0,0,Tuesday,2024,0
US,USD,GBP,mobile,44.22,44.22,2.34,0.8,FALSE,standard,263,0.522,0.223,0,0,Tuesday,2024,0
US,USD,EUR,web,240.81,240.81,5.02,0.925926,FALSE,enhanced,367,0.939,0.176,0,0,Tuesday,2024,0
US,USD,NGN,mobile,177.39,177.39,2.6,1111.111111,FALSE,enhanced,367,0.939,0.176,0,0.25,Tuesday,2024,0
US,USD,NGN,mobile,133.19,133.19,2.85,1111.111111,FALSE,standard,263,0.372,0.223,0,0.25,Wednesday,2024,0
US,USD,USD,mobile,222.22,222.22,4.89,1,FALSE,enhanced,367,0.939,0.176,0,0,Wednesday,2024,0
UK,GBP,INR,mobile,147.53,184.42,3.27,104.166667,FALSE,standard,4,0.892,0.407,0,0,Wednesday,2024,1
US,USD,INR,mobile,137.03,137.03,3.3,83.333333,FALSE,standard,298,0.336,0.166,0,0,Wednesday,2024,0
US,USD,GBP,mobile,351.28,351.28,6.36,0.8,FALSE,standard,147,0.551,0.391,0,0,Wednesday,2024,0
US,USD,CAD,mobile,9991.08,9991.08,151.3,1.351351,FALSE,standard,263,0.522,0.223,0,0,Wednesday,2024,0
UK,GBP,USD,ATM,60.62,75.77,2,1.25,FALSE,standard,4,0.892,0.407,0,0,Wednesday,2024,1
UK,GBP,GBP,mobile,394.75,493.44,6.95,1,FALSE,standard,4,0.892,0.407,0,0,Wednesday,2024,0
US,USD,INR,mobile,102.31,102.31,3.05,83.333333,FALSE,enhanced,257,0.894,0.257,0,0,Wednesday,2024,0
unknown,USD,INR,unknown,57.25,57.25,1.31,83.333333,FALSE,unknown,147,0.551,0.391,0,0,Thursday,2024,0
US,USD,PHP,mobile,110.53,110.53,3.17,58.823529,FALSE,enhanced,257,0.894,0.257,0,0.1,Thursday,2024,0
US,USD,GBP,mobille,154.18,154.18,3.44,0.8,FALSE,standard,298,0.336,0.166,0,0,Thursday,2024,0
US,USD,CNY,web,321.11,321.11,5.26,7.142857,TRUE,standard,263,0.522,0.223,0,0,Thursday,2024,0
US,USD,GBP,web,279.8,279.8,4.6,0.8,FALSE,standard,263,0.522,0.223,0,0,Thursday,2024,0
US,USD,CNY,web,130.63,130.63,3.07,7.142857,FALSE,standard,147,0.401,0.391,0,0,Thursday,2024,0
US,USD,INR,mobile,85.59,85.59,2.68,83.333333,FALSE,standard,147,0.551,0.391,0,0,Thursday,2024,0
US,USD,PHP,web,50.18,50.18,1.69,58.823529,TRUE,enhanced,257,0.894,0.257,0,0.1,Thursday,2024,0
UK,GBP,NGN,mobile,1105.95,1382.43,17.36,1388.888889,TRUE,standard,4,0.892,0.407,0,0.22,Thursday,2024,0
CA,CAD,GBP,mobile,39.09,28.93,1.71,0.592,FALSE,low,615,0.515,0.355,1,0,Thursday,2024,0
US,USD,CAD,mobile,284.6,284.6,5.26,1.351351,FALSE,standard,263,0.522,0.223,0,0,Friday,2024,0
 US  ,USD,PHP,weeb,211.16,211.16,5.02,58.823529,FALSE,standard,147,0.551,0.391,0,0.1,Saturday,2024,0
US,USD,CAD,mobile,150.29,150.29,3.5,1.351351,TRUE,standard,298,0.336,0.166,0,0,Saturday,2024,0
UK,GBP,CAD,ATM,79.86,99.82,1.62,1.689189,FALSE,standard,718,0.953,0.169,1,0,Saturday,2024,0
US,USD,INR,mobile,134.03,134.03,2.76,83.333333,FALSE,enhanced,257,0.894,0.257,0,0,Saturday,2024,0
US,USD,USD,web,32.22,32.22,0.9,1,FALSE,enhanced,257,0.894,0.257,1,0,Saturday,2024,0
US,USD,USD,mobile,261.86,261.86,6.51,1,FALSE,low,242,0.333,0.263,0,0,Saturday,2024,0
CA,CAD,USD,ATM,79.91,59.13,2.7,0.74,FALSE,standard,947,0.625,0.268,0,0,Saturday,2024,0
UK,GBP,MXN,web,32.61,40.76,1.09,21.551724,FALSE,standard,4,0.892,0.407,0,0,Saturday,2024,0
CA,CAD,PHP,mobile,104.61,77.41,2.28,43.529412,FALSE,standard,1041,0.867,0.245,0,0,Sunday,2024,0
CA,CAD,EUR,mobile,74.6,55.21,2.75,0.685185,FALSE,standard,1041,0.867,0.245,0,0,Sunday,2024,0
US,USD,USD,web,79.77,79.77,2.66,1,FALSE,standard,263,0.522,0.223,0,0,Sunday,2024,0
US,USD,INR,mobile,582.18,582.18,9.58,83.333333,FALSE,standard,147,0.551,0.391,1,0,Sunday,2024,0
US,USD,USD,mobile,656.58,656.58,10.27,1,FALSE,standard,830,0.799,0.102,0,0,Sunday,2024,0
US,USD,NGN,mobile,137.08,137.08,3.16,1111.111111,FALSE,standard,298,0.336,0.166,0,0.25,Sunday,2024,0
US,USD,EUR,mobile,9998.24,9998.24,150.78,0.925926,FALSE,standard,263,0.522,0.223,0,0,Sunday,2024,0
US,USD,EUR,ATM,155.62,155.62,2.66,0.925926,FALSE,standard,263,0.522,0.223,0,0,Sunday,2024,0
UK,GBP,USD,web,113.19,141.48,2.52,1.25,TRUE,standard,4,0.892,0.407,0,0,Sunday,2024,0
US,USD,NGN,mobile,81.44,81.44,1.85,1111.111111,TRUE,standard,1018,0.934,0.087,1,0.25,Sunday,2024,0
US,USD,PHP,mobile,256.36,256.36,5.26,58.823529,FALSE,enhanced,367,0.939,0.176,0,0.1,Monday,2024,0
US,USD,NGN,mobile,46.34,46.34,1.16,1111.111111,FALSE,standard,147,0.551,0.391,0,0.25,Sunday,2024,0
US,USD,CAD,web,205.81,205.81,2.85,1.351351,FALSE,standard,298,0.336,0.166,0,0,Monday,2024,0
US,USD,USD,web,192.91,192.91,3.98,1,FALSE,standard,263,0.522,0.223,0,0,Monday,2024,0
US,USD,USD,mobile,77.69,77.69,3.14,1,FALSE,enhanced,367,0.939,0.176,0,0,Monday,2024,0
UK,GBP,MXN,mobille,65.2,81.5,2.45,21.551724,FALSE,standard,4,0.892,0.407,0,0,Monday,2024,0
US,USD,GBP,mobile,134.53,134.53,2.6,0.8,FALSE,enhanced,367,0.939,0.176,0,0,Monday,2024,0
US,USD,PHP,mobile,105.2,105.2,3.47,58.823529,FALSE,enhanced,367,0.939,0.176,0,0.1,Tuesday,2024,0
US,USD,USD,ATM,90.85,90.85,2.17,1,TRUE,enhanced,367,0.789,0.176,0,0,Tuesday,2024,0
US,USD,GBP,mobile,445.47,445.47,7.73,0.8,FALSE,enhanced,257,0.894,0.257,0,0,Tuesday,2024,0
US,USD,NGN,mobile,222.51,222.51,3.19,1111.111111,FALSE,enhanced,257,0.894,0.257,0,0.25,Tuesday,2024,0
UK,GBP,PHP,web,173.43,216.79,2.81,73.529412,FALSE,low,704,0.515,0.283,0,0,Tuesday,2024,0
US,USD,CNY,mobile,451.18,451.18,7.81,7.142857,FALSE,standard,263,0.372,0.223,0,0,Tuesday,2024,0
US,USD,CAD,mobile,21.22,21.22,1.32,1.351351,FALSE,standard,263,0.522,0.223,0,0,Tuesday,2024,0
US,USD,INR,mobile,50.26,50.26,1.14,83.333333,FALSE,standard,1016,0.944,0.247,0,0,Tuesday,2024,0
US,USD,CAD,web,116.03,116.03,-1,1.351351,FALSE,enhanced,367,-0.1,0.176,0,0,Tuesday,2024,0
US,USD,INR,mobile,221.59,221.59,5.08,83.333333,FALSE,standard,1018,0.934,0.087,0,0,Tuesday,2024,0
US,USD,GBP,mobile,76.2,76.2,2.54,0.8,FALSE,enhanced,367,0.939,0.176,0,0,Tuesday,2024,0
UK,GBP,CAD,mobile,75.65,94.56,2.22,1.689189,FALSE,standard,4,0.892,0.407,0,0,Tuesday,2024,0
US,USD,MXN,mobile,480.95,480.95,9.27,17.241379,FALSE,standard,1018,0.934,0.087,0,0.2,-1,0,0
UK,GBP,CAD,mobile,262.19,410.97,110.92,1.689189,FALSE,unknown,4,0.68,0.407,0,0,Wednesday,2024,0
US,USD,EUR,mobile,78.52,410.97,110.92,0.925926,FALSE,unknown,367,0.68,0.176,1,0,Wednesday,2024,0
US,USD,NGN,web,190.46,190.46,3.75,1111.111111,FALSE,standard,1018,0.934,0.087,0,0.25,Wednesday,2024,0
UK,GBP,NGN,web,90.33,112.91,2.51,1388.888889,FALSE,standard,4,0.742,0.407,0,0.22,Wednesday,2024,1
CA,CAD,USD,mobile,499.84,369.88,-1,0.74,TRUE,standard,947,-0.1,0.268,0,0,Wednesday,2024,0
US,USD,CNY,web,63.08,63.08,2.46,7.142857,FALSE,enhanced,367,0.939,0.176,0,0,Wednesday,2024,0
US,USD,NGN,mobile,388.58,388.58,5.99,1111.111111,FALSE,standard,147,0.551,0.391,0,0.25,Wednesday,2024,0
US,USD,PHP,web,54.12,54.12,1,58.823529,FALSE,standard,1018,0.934,0.087,0,0.1,Thursday,2024,0
US,USD,USD,ATM,73.89,73.89,2.97,1,FALSE,enhanced,367,0.939,0.176,0,0,Thursday,2024,0
CA,CAD,CAD,mobile,464.86,343.99,7.64,1,FALSE,enhanced,740,0.627,0.179,0,0,Thursday,2024,0
CA,CAD,PHP,mobile,609.41,450.96,10.66,43.529412,FALSE,low,824,0.607,0.282,0,0,Thursday,2024,0
US,USD,CAD,mobile,100.72,100.72,2.68,1.351351,FALSE,standard,298,0.186,0.166,0,0,Thursday,2024,0
US,USD,EUR,mobile,75.08,75.08,1.24,0.925926,FALSE,standard,1018,0.784,0.087,0,0,Thursday,2024,0
CA,CAD,EUR,mobile,76.68,56.74,1.65,0.685185,FALSE,standard,947,0.625,0.268,1,0,Thursday,2024,0
US,USD,INR,web,128.29,128.29,3.41,83.333333,FALSE,standard,1018,0.934,0.087,0,0,Thursday,2024,0
US,USD,CAD,mobile,102.27,102.27,2.71,1.351351,FALSE,standard,298,0.336,0.166,0,0,Thursday,2024,0
US,USD,PHP,web,513.11,513.11,8.79,58.823529,FALSE,standard,1018,0.934,0.087,0,0.1,Monday,2024,0
UK,GBP,INR,web,240.59,300.73,4.95,104.166667,FALSE,standard,718,0.953,0.169,0,0,Friday,2024,0
US,USD,CAD,ATM,184.16,184.16,3.95,1.351351,FALSE,standard,147,0.551,0.391,0,0,Friday,2024,0
US,USD,CAD,web,836.82,836.82,12.61,1.351351,FALSE,standard,147,0.551,0.391,0,0,Friday,2024,0
UK,GBP,MXN,mobile,100.37,125.46,2.01,21.551724,FALSE,standard,4,0.892,0.407,0,0,Friday,2024,0
US,USD,USD,web,378.65,378.65,7.02,1,FALSE,standard,298,0.336,0.166,0,0,Friday,2024,0
CA,CAD,GBP,web,160.48,118.76,3.37,0.592,FALSE,low,615,0.515,0.355,0,0,Friday,2024,0
US,USD,EUR,web,212.93,212.93,3.8,0.925926,FALSE,standard,298,0.336,0.166,0,0,Friday,2024,0
US,USD,INR,mobile,162.76,162.76,3.14,83.333333,FALSE,standard,1016,0.944,0.247,0,0,Friday,2024,0
US,USD,CAD,web,659.95,659.95,12.07,1.351351,FALSE,standard,830,0.799,0.102,0,0,Friday,2024,0
US,USD,CNY,mobile,121.71,121.71,2.64,7.142857,FALSE,standard,298,0.336,0.166,0,0,Friday,2024,0
UK,GBP,USD,mobile,767.97,959.96,12.92,1.25,FALSE,standard,4,0.892,0.407,0,0,Friday,2024,0
US,USD,PHP,mobile,264.09,264.09,6.18,58.823529,FALSE,enhanced,257,0.894,0.257,0,0.1,Friday,2024,0
US,USD,CNY,mobile,24.6,24.6,1.41,7.142857,FALSE,standard,298,0.336,0.166,0,0,Friday,2024,0
US,USD,USD,web,63.91,63.91,2.19,1,FALSE,standard,1018,0.934,0.087,1,0,Friday,2024,0
US,USD,CNY,mobile,254.81,254.81,4.9,7.142857,FALSE,enhanced,257,0.894,0.257,1,0,Saturday,2024,0
UK,GBP,GBP,web,170.72,213.41,4.06,1,FALSE,standard,4,0.892,0.407,0,0,Saturday,2024,0
US,USD,PHP,web,202.02,202.02,2.91,58.823529,FALSE,standard,263,0.522,0.223,0,0.1,Saturday,2024,0
US,USD,EUR,web,93.04,410.97,110.92,0.925926,FALSE,unknown,661,0.68,0.259,0,0,Saturday,2024,0
UK,GBP,USD,mobile,194.96,243.7,3.55,1.25,FALSE,standard,718,0.953,0.169,0,0,Saturday,2024,0
US,USD,INR,web,144.29,144.29,2.71,83.333333,FALSE,standard,147,0.551,0.391,0,0,Saturday,2024,0
US,USD,USD,mobile,150.66,150.66,2.54,1,FALSE,standard,263,0.522,0.223,0,0,Saturday,2024,0
US,USD,INR,mobile,178.76,178.76,4.25,83.333333,FALSE,standard,1016,0.794,0.247,0,0,Sunday,2024,0
US,USD,USD,mobile,163.79,163.79,3.51,1,FALSE,standard,298,0.336,0.166,0,0,Sunday,2024,0
US,USD,CAD,ATM,57.13,57.13,1.54,1.351351,FALSE,standard,263,0.522,0.223,0,0,Sunday,2024,0
US,USD,CAD,ATM,-373.89,410.97,9999.99,1.351351,FALSE,unknown,298,-0.1,0.166,0,0,Sunday,2024,0
US,USD,EUR,mobile,252.35,252.35,4.94,0.925926,FALSE,standard,263,0.522,0.223,0,0,Sunday,2024,0
UK,GBP,MXN,web,615.34,769.17,10.33,21.551724,FALSE,standard,4,0.892,0.407,1,0,Sunday,2024,0
US,USD,PHP,web,53.27,53.27,2.23,58.823529,FALSE,low,616,0.702,0.361,0,0.1,Sunday,2024,0
US,USD,INR,mobile,49.24,49.24,2.26,83.333333,FALSE,enhanced,367,0.939,0.176,0,0,Sunday,2024,0
CA,CAD,GBP,mobile,64,47.36,1.68,0.592,FALSE,low,824,0.607,0.282,0,0,Sunday,2024,1
UK,GBP,USD,web,186.57,233.22,3.82,1.25,FALSE,standard,4,0.892,0.407,0,0,Sunday,2024,0
US,USD,MXN,web,170.91,170.91,4.41,17.241379,TRUE,enhanced,257,0.894,0.257,0,0.2,Sunday,2024,0
CA,CAD,CNY,mobile,412.37,305.15,7.38,5.285714,FALSE,standard,947,0.625,0.268,0,0,Sunday,2024,0
US,USD,MXN,mobile,135.71,135.71,2.68,17.241379,FALSE,enhanced,257,0.894,0.257,0,0.2,Monday,2024,0
US,USD,EUR,mobile,103.33,103.33,2.62,0.925926,FALSE,standard,298,0.336,0.166,3,0,Monday,2024,0
US,USD,EUR,mobile,231.53,231.53,-1,0.925926,FALSE,standard,147,-0.1,0.391,0,0,Monday,2024,0
US,USD,CAD,mobile,92.9,92.9,2.97,1.351351,FALSE,standard,298,0.186,0.166,0,0,Monday,2024,0
US,USD,NGN,web,119.56,119.56,2.59,1111.111111,TRUE,standard,263,0.522,0.223,0,0.25,Monday,2024,0
US,USD,GBP,mobile,24.41,24.41,1.47,0.8,FALSE,standard,147,0.551,0.391,0,0,Monday,2024,0
CA,CAD,NGN,web,102.29,75.69,2.12,822.222222,FALSE,standard,947,0.625,0.268,0,0,Monday,2024,0
US,USD,USD,mobile,122.11,122.11,3.46,1,FALSE,standard,298,0.336,0.166,0,0,Monday,2024,0
US,USD,NGN,web,173.94,173.94,3.28,1111.111111,FALSE,standard,1016,0.794,0.247,0,0.25,Monday,2024,0
US,USD,INR,web,85.71,85.71,2.2,83.333333,FALSE,enhanced,257,0.744,0.257,0,0,Monday,2024,0
US,USD,USD,mobile,178.02,178.02,3.93,1,FALSE,standard,1018,0.934,0.087,0,0,Monday,2024,0
US,USD,INR,web,241,241,4.71,83.333333,FALSE,enhanced,257,0.894,0.257,0,0,Tuesday,2024,0
US,USD,CAD,web,294.63,294.63,5.18,1.351351,FALSE,standard,263,0.522,0.223,0,0,Tuesday,2024,0
US,USD,GBP,mobile,165.41,165.41,3.86,0.8,FALSE,standard,263,0.522,0.223,0,0,Tuesday,2024,0
US,USD,EUR,mobile,659.26,659.26,10.39,0.925926,FALSE,standard,263,0.522,0.223,0,0,Tuesday,2024,0
US,USD,EUR,web,119.7,119.7,3.17,0.925926,FALSE,standard,298,0.186,0.166,0,0,Tuesday,2024,0
US,USD,PHP,web,108.46,108.46,2.33,58.823529,FALSE,enhanced,367,0.939,0.176,0,0.1,Wednesday,2024,0
CA,CAD,PHP,mobile,228.11,168.8,4.35,43.529412,FALSE,low,615,0.515,0.355,0,0,Wednesday,2024,0
US,USD,PHP,web,66.07,66.07,1.72,58.823529,FALSE,standard,147,0.551,0.391,1,0.1,Wednesday,2024,0
US,USD,EUR,web,58.93,58.93,1.71,0.925926,FALSE,standard,263,0.522,0.223,0,0,-1,0,0
UK,GBP,CNY,web,95.33,119.17,2.47,8.928571,FALSE,standard,718,0.953,0.169,0,0,Wednesday,2024,0
US,USD,PHP,mobile,346.66,346.66,6.58,58.823529,FALSE,standard,1089,0.864,0.366,0,0.1,Wednesday,2024,0
US,USD,NGN,web,104.99,410.97,110.92,1111.111111,FALSE,unknown,298,0.68,0.166,0,0.25,Wednesday,2024,0
UK,GBP,INR,mobile,41.46,51.82,0.92,104.166667,FALSE,standard,718,0.953,0.169,0,0,Wednesday,2024,0
UK,GBP,NGN,mobile,66.11,82.64,2.44,1388.888889,FALSE,standard,718,0.953,0.169,0,0.22,Wednesday,2024,0
US,USD,CAD,web,149.47,149.47,3.25,1.351351,FALSE,enhanced,257,0.894,0.257,1,0,Wednesday,2024,0
US,USD,EUR,web,186.88,186.88,4.48,0.925926,TRUE,enhanced,257,0.894,0.257,0,0,Wednesday,2024,0
US,USD,GBP,ATM,158.36,158.36,3.89,0.8,FALSE,standard,298,0.186,0.166,1,0,Thursday,2024,0
US,USD,USD,web,394.77,394.77,7.27,1,FALSE,enhanced,367,0.939,0.176,0,0,Thursday,2024,0
US,USD,NGN,mobile,473.25,473.25,8.04,1111.111111,FALSE,enhanced,367,0.939,0.176,0,0.25,Thursday,2024,0
US,USD,CAD,mobile,395.7,395.7,6.82,1.351351,FALSE,standard,1018,0.934,0.087,0,0,Thursday,2024,0
US,USD,EUR,web,69.27,69.27,1.75,0.925926,FALSE,enhanced,367,0.939,0.176,0,0,Thursday,2024,0
US,USD,INR,mobile,164.71,164.71,3.11,83.333333,FALSE,enhanced,257,0.744,0.257,0,0,Thursday,2024,0
CA,CAD,GBP,mobile,191.08,141.4,4.3,0.592,FALSE,standard,947,0.625,0.268,0,0,Friday,2024,0
US,USD,GBP,mobile,301.01,301.01,4.38,0.8,FALSE,standard,263,0.372,0.223,0,0,Friday,2024,0
UK,GBP,PHP,web,160.94,201.17,3.83,73.529412,FALSE,standard,718,0.953,0.169,0,0,Friday,2024,0
US,USD,EUR,mobile,114.08,114.08,3.07,0.925926,FALSE,low,616,0.702,0.361,0,0,Friday,2024,0
US,USD,GBP,mobile,97.7,97.7,2.28,0.8,FALSE,standard,1018,0.934,0.087,0,0,Friday,2024,0
UK,GBP,MXN,mobile,540.77,675.96,9.17,21.551724,FALSE,standard,4,0.892,0.407,0,0,Friday,2024,0
US,USD,PHP,web,133.56,133.56,2.1,58.823529,FALSE,enhanced,367,0.939,0.176,0,0.1,Friday,2024,0
US,USD,PHP,web,80.52,80.52,3.08,58.823529,FALSE,enhanced,367,0.939,0.176,0,0.1,Friday,2024,0
US,USD,CAD,mobile,115.93,115.93,2.89,1.351351,FALSE,standard,1089,0.864,0.366,0,0,-1,0,0
UK,GBP,CNY,mobile,199.27,249.09,3.38,8.928571,FALSE,standard,4,0.892,0.407,0,0,Friday,2024,0
US,USD,GBP,mobile,121.96,121.96,2.05,0.8,FALSE,standard,1018,0.934,0.087,0,0,Friday,2024,0
US,USD,MXN,mobile,348.19,348.19,6.48,17.241379,FALSE,standard,147,0.551,0.391,0,0.2,Saturday,2024,0
UK,GBP,PHP,mobile,500.6,625.75,8.66,73.529412,FALSE,standard,4,0.892,0.407,0,0,Saturday,2024,0
US,USD,NGN,web,358.93,358.93,6.18,1111.111111,TRUE,standard,147,0.716,0.434,0,0.25,Saturday,2024,0
US,USD,GBP,mobile,287.64,287.64,5.58,0.8,FALSE,standard,298,0.336,0.166,0,0,Saturday,2024,0
US,USD,PHP,mobile,556.73,556.73,9.62,58.823529,FALSE,standard,263,0.522,0.223,0,0.1,Saturday,2024,0
US,USD,CAD,mobile,192.12,192.12,3.72,1.351351,FALSE,enhanced,257,0.894,0.257,0,0,Saturday,2024,0
US,USD,USD,mobile,324.59,324.59,5.99,1,FALSE,standard,263,0.372,0.223,0,0,Saturday,2024,0
US,USD,MXN,web,175.66,175.66,4.77,17.241379,TRUE,standard,830,0.799,0.102,0,0.2,Saturday,2024,0
US,USD,CAD,WEB,256.48,256.48,4.87,1.351351,FALSE,standard,147,0.551,0.391,0,0,Saturday,2024,0
UK,GBP,INR,web,401.29,501.61,6.77,104.166667,FALSE,standard,4,0.892,0.407,4,0,Sunday,2024,0
US,USD,PHP,mobile,159.68,159.68,4.12,58.823529,FALSE,standard,147,0.551,0.391,0,0.1,Sunday,2024,0
US,USD,EUR,mobile,83.07,83.07,2.34,0.925926,FALSE,standard,147,0.551,0.391,3,0,Sunday,2024,0
US,USD,GBP,mobile,80.62,80.62,1.94,0.8,TRUE,standard,263,0.522,0.223,0,0,Sunday,2024,0
US,USD,NGN,mobile,64.45,64.45,1.18,1111.111111,FALSE,standard,263,0.522,0.223,0,0.25,Sunday,2024,0
US,USD,INR,mobile,125.7,125.7,2.33,83.333333,FALSE,standard,298,0.336,0.166,0,0,Sunday,2024,0
US,USD,USD,mobile,151.19,151.19,2.69,1,FALSE,standard,298,0.336,0.166,0,0,Sunday,2024,0
US,USD,USD,web,244.27,244.27,5.28,1,FALSE,standard,1018,0.934,0.087,0,0,Sunday,2024,0
US,USD,CNY,web,210.59,210.59,4.08,7.142857,FALSE,standard,147,0.551,0.391,0,0,Monday,2024,0
US,USD,EUR,ATM,324.24,324.24,6.46,0.925926,FALSE,standard,263,0.522,0.223,0,0,Monday,2024,0
US,USD,GBP,mobile,125.52,125.52,3.31,0.8,FALSE,enhanced,367,0.789,0.176,0,0,Monday,2024,0
CA,CAD,GBP,web,199.63,147.72,3.64,0.592,FALSE,standard,1041,0.867,0.245,0,0,Monday,2024,0
US,USD,EUR,mobile,39.94,39.94,1.25,0.925926,FALSE,enhanced,257,0.894,0.257,0,0,Monday,2024,0
US,USD,INR,mobile,47.01,47.01,2.26,83.333333,FALSE,standard,263,0.522,0.223,0,0,Monday,2024,0
UK,GBP,MXN,web,102.96,128.71,3.2,21.551724,TRUE,standard,4,0.892,0.407,0,0,Monday,2024,0
US,USD,INR,mobile,227.08,227.08,4.12,83.333333,FALSE,standard,298,0.336,0.166,0,0,Monday,2024,0
US,USD,NGN,mobile,67.87,67.87,1.48,1111.111111,FALSE,standard,263,0.522,0.223,1,0.25,Tuesday,2024,0
US,USD,USD,web,321.84,321.84,6.56,1,FALSE,enhanced,257,0.894,0.257,0,0,Tuesday,2024,0
CA,CAD,CNY,mobile,58.5,43.29,1.84,5.285714,FALSE,standard,947,0.625,0.268,0,0,Tuesday,2024,0
US,USD,CAD,mobile,220.65,220.65,3.85,1.351351,FALSE,standard,1018,0.934,0.087,0,0,Tuesday,2024,0
UK,GBP,USD,mobile,437.17,546.46,7.45,1.25,FALSE,standard,4,0.892,0.407,0,0,Tuesday,2024,0
CA,CAD,NGN,mobile,285.56,211.31,5.4,822.222222,FALSE,standard,947,0.625,0.268,1,0,Tuesday,2024,0
US,USD,GBP,web,125.64,125.64,2.9,0.8,FALSE,standard,298,0.336,0.166,0,0,Wednesday,2024,0
US,USD,GBP,web,257.96,257.96,5.56,0.8,FALSE,standard,298,0.336,0.166,0,0,Wednesday,2024,0
UK,GBP,CNY,mobile,142.95,178.69,2.62,8.928571,FALSE,standard,4,0.892,0.407,0,0,Wednesday,2024,0
UK,GBP,USD,mobile,125.92,157.4,2.91,1.25,TRUE,low,291,0.462,0.285,0,0,Wednesday,2024,0
US,USD,NGN,web,40.1,40.1,1.96,1111.111111,TRUE,standard,1018,0.934,0.087,0,0.25,Thursday,2024,0
US,USD,PHP,mobile,169.99,169.99,3.87,58.823529,FALSE,enhanced,367,0.939,0.176,0,0.1,Thursday,2024,0
CA,CAD,GBP,mobile,91.44,67.67,1.97,0.592,FALSE,standard,947,0.625,0.268,0,0,Thursday,2024,0
US,USD,NGN,web,57.87,57.87,1.58,1111.111111,FALSE,standard,147,0.551,0.391,0,0.25,Thursday,2024,0
UK,GBP,CAD,mobile,53.88,67.35,1.29,1.689189,FALSE,standard,4,0.892,0.407,0,0,-1,0,0
US,USD,PHP,mobile,192.76,192.76,3.94,58.823529,FALSE,standard,147,0.551,0.391,0,0.1,Thursday,2024,0
US,USD,PHP,web,53.17,53.17,2.41,58.823529,FALSE,standard,298,0.336,0.166,0,0.1,Thursday,2024,0
US,USD,GBP,web,95.47,95.47,1.98,0.8,FALSE,standard,263,0.522,0.223,0,0,Friday,2024,0
 US  ,USD,CNY, mobile  ,210.01,210.01,4.49,7.142857,FALSE,low,616,0.702,0.361,0,0,Friday,2024,0
US,USD,INR,mobile,93.84,93.84,1.9,83.333333,FALSE,standard,263,0.522,0.223,0,0,Friday,2024,0
UK,GBP,PHP,web,153.49,191.86,3.38,73.529412,FALSE,standard,1088,0.866,0.123,0,0,Friday,2024,0
US,USD,EUR,mobile,170.87,170.87,4.25,0.925926,FALSE,standard,263,0.522,0.223,1,0,Friday,2024,0
US,USD,CNY,mobile,25.81,25.81,1.56,7.142857,FALSE,standard,859,0.96,0.363,0,0,Friday,2024,0
US,USD,PHP,web,127.53,127.53,3.78,58.823529,FALSE,standard,859,0.96,0.363,0,0.1,Friday,2024,0
US,USD,NGN,ATM,210.69,210.69,3.44,1111.111111,FALSE,standard,263,0.522,0.223,1,0.25,Friday,2024,0
US,USD,NGN,mobile,184.48,184.48,4.46,1111.111111,FALSE,enhanced,367,0.939,0.176,0,0.25,Friday,2024,0
UK,GBP,PHP,web,173.13,216.42,3.63,73.529412,TRUE,standard,4,0.892,0.407,0,0,Friday,2024,0
US,USD,PHP,web,290.69,290.69,5.86,58.823529,FALSE,enhanced,257,0.894,0.257,0,0.1,Saturday,2024,0
US,USD,MXN,mobile,93.8,93.8,2.49,17.241379,FALSE,standard,263,0.522,0.223,0,0.2,Saturday,2024,0
US,USD,CAD,mobile,137.89,137.89,2.66,1.351351,FALSE,standard,263,0.522,0.223,0,0,Saturday,2024,0
UK,GBP,EUR,mobile,100.57,125.71,3.61,1.157407,FALSE,low,704,0.515,0.283,0,0.05,Saturday,2024,0
US,USD,CNY,mobile,63.81,63.81,1.91,7.142857,FALSE,standard,263,0.522,0.223,0,0,Saturday,2024,0
US,USD,PHP,ATM,317.19,317.19,5.73,58.823529,FALSE,enhanced,367,0.939,0.176,0,0.1,Sunday,2024,0
UK,GBP,PHP,web,821.65,1027.06,13.43,73.529412,FALSE,standard,4,0.892,0.407,0,0,Sunday,2024,0
US,USD,EUR,web,70.92,70.92,1.44,0.925926,TRUE,enhanced,367,0.939,0.176,0,0,Sunday,2024,0
US,USD,MXN,mobile,59.62,59.62,1.61,17.241379,FALSE,standard,298,0.336,0.166,0,0.2,Sunday,2024,0
UK,GBP,MXN,mobile,103.78,129.72,2.31,21.551724,FALSE,standard,4,0.892,0.407,0,0,Sunday,2024,0
US,USD,CAD,web,65.53,65.53,1.72,1.351351,FALSE,standard,263,0.522,0.223,0,0,Sunday,2024,0
UK,GBP,GBP,mobile,162.52,203.15,3.64,1,FALSE,standard,4,0.892,0.407,0,0,Sunday,2024,0
US,USD,GBP,mobile,9995.92,9995.92,151.33,0.8,FALSE,enhanced,367,0.939,0.176,0,0,Sunday,2024,0
US,USD,USD,web,427.3,427.3,7.36,1,FALSE,standard,263,0.522,0.223,0,0,Sunday,2024,0
UK,GBP,NGN,mobile,542.25,677.81,9.62,1388.888889,TRUE,standard,4,0.742,0.407,0,0.22,Monday,2024,0
US,USD,CAD,mobile,70.62,70.62,1.88,1.351351,FALSE,enhanced,367,0.939,0.176,0,0,Monday,2024,0
UK,GBP,INR,mobile,9998.32,12497.9,151.3,104.166667,TRUE,standard,4,0.892,0.407,0,0,Monday,2025,0
US,USD,CNY,mobile,309.69,309.69,6.96,7.142857,FALSE,standard,263,0.522,0.223,0,0,Monday,2024,0
US,USD,USD,mobile,201.42,201.42,3.91,1,FALSE,standard,263,0.522,0.223,0,0,Monday,2024,0
US,USD,USD,web,97.55,97.55,1.68,1,TRUE,enhanced,257,0.894,0.257,0,0,Monday,2024,0
US,USD,PHP,mobile,55.46,55.46,2.32,58.823529,FALSE,standard,147,0.401,0.391,0,0.1,Monday,2024,0
US,USD,CNY,mobile,9995.48,9995.48,151.5,7.142857,TRUE,standard,263,0.372,0.223,0,0,Monday,2024,0
UK,GBP,CAD,web,189.4,236.75,4.18,1.689189,FALSE,standard,718,0.953,0.169,0,0,Monday,2024,0
UK,GBP,PHP,web,130.92,163.65,2.97,73.529412,FALSE,standard,4,0.892,0.407,6,0,Monday,2024,0
US,USD,CNY,ATM,291.62,291.62,4.2,7.142857,TRUE,enhanced,367,0.939,0.176,0,0,Monday,2024,0
US,USD,EUR,mobile,114.7,114.7,2.9,0.925926,TRUE,enhanced,257,0.744,0.257,1,0,Monday,2024,0
UK,GBP,CAD,mobile,160.92,201.15,2.73,1.689189,TRUE,standard,4,0.892,0.407,1,0,Monday,2024,0
US,USD,CNY,mobile,71.55,71.55,2.46,7.142857,FALSE,standard,298,0.336,0.166,0,0,Monday,2024,0
US,USD,INR,mobile,282.77,282.77,5.13,83.333333,FALSE,standard,298,0.336,0.166,1,0,Tuesday,2024,0
US,USD,GBP,web,84.84,84.84,1.69,0.8,FALSE,standard,298,0.336,0.166,0,0,Tuesday,2024,0
US,USD,NGN,mobile,81.4,81.4,2.57,1111.111111,FALSE,standard,1016,0.944,0.247,8,0.25,Tuesday,2024,0
US,USD,CAD,web,56.03,56.03,1.69,1.351351,FALSE,standard,263,0.522,0.223,8,0,Tuesday,2024,0
US,USD,NGN,mobile,290.37,290.37,6.15,1111.111111,TRUE,standard,263,0.522,0.223,0,0.25,Tuesday,2024,0
US,USD,EUR,mobile,318.02,318.02,5.93,0.925926,TRUE,enhanced,257,0.894,0.257,0,0,Tuesday,2024,0
US,USD,CNY,mobile,109.86,109.86,2.23,7.142857,FALSE,standard,263,0.522,0.223,0,0,Tuesday,2024,0
UK,GBP,CNY,mobile,31.91,39.89,1.26,8.928571,TRUE,low,704,0.515,0.283,0,0,Wednesday,2024,0
US,USD,USD,mobile,167.78,167.78,4.83,1,FALSE,standard,298,0.336,0.166,0,0,Wednesday,2024,0
UK,GBP,EUR,web,60.07,75.08,1.56,1.157407,FALSE,standard,4,0.892,0.407,0,0.05,Wednesday,2024,0
US,USD,NGN,mobile,34.44,34.44,1.83,1111.111111,FALSE,standard,263,0.522,0.223,0,0.25,Wednesday,2024,0
UK,GBP,INR,mobile,72.53,90.66,2.76,104.166667,FALSE,standard,4,0.892,0.407,0,0,Wednesday,2024,0
US,USD,GBP,mobile,201.57,201.57,4.17,0.8,FALSE,enhanced,367,0.939,0.176,0,0,Wednesday,2024,0
US,USD,CNY,mobile,143.76,143.76,3.54,7.142857,FALSE,standard,147,0.401,0.391,0,0,Wednesday,2024,0
US,USD,INR,mobile,188.38,188.38,3.41,83.333333,FALSE,standard,263,0.522,0.223,0,0,Wednesday,2024,0
US,USD,CAD,web,92.28,92.28,2.37,1.351351,FALSE,standard,263,0.522,0.223,0,0,Wednesday,2024,0
US,USD,PHP,mobile,258.7,258.7,5.42,58.823529,FALSE,standard,263,0.522,0.223,0,0.1,Wednesday,2024,0
US,USD,CNY,mobile,639.8,639.8,10.95,7.142857,FALSE,enhanced,367,0.939,0.176,0,0,Wednesday,2024,0
US,USD,CAD,mobile,42.9,42.9,1.58,1.351351,FALSE,standard,298,0.186,0.166,0,0,Thursday,2024,0
US,USD,INR,web,109.27,109.27,2.41,83.333333,TRUE,standard,263,0.522,0.223,0,0,Thursday,2024,0
US,USD,PHP,web,276.9,276.9,5.58,58.823529,FALSE,enhanced,367,0.789,0.176,0,0.1,Thursday,2024,0
US,USD,EUR,mobile,732.18,410.97,110.92,0.925926,FALSE,unknown,716,0.68,0.029,0,0,Thursday,2024,1
US,USD,GBP,web,189.46,189.46,3.73,0.8,TRUE,standard,298,0.336,0.166,0,0,Thursday,2024,0
UK,GBP,NGN,mobile,61.53,76.92,1.08,1388.888889,TRUE,standard,4,0.892,0.407,0,0.22,Thursday,2024,0
US,USD,PHP,web,56.36,56.36,1.9,58.823529,FALSE,enhanced,367,0.789,0.176,0,0.1,Thursday,2024,0
US,USD,GBP,mobile,598.44,598.44,10.06,0.8,FALSE,standard,1016,0.944,0.247,0,0,Thursday,2024,0
US,USD,NGN,web,137.29,137.29,3.14,1111.111111,FALSE,standard,298,0.336,0.166,0,0.25,Friday,2024,0
US,USD,USD,mobile,198.96,198.96,4.2,1,FALSE,enhanced,257,0.894,0.257,0,0,Friday,2024,0
US,USD,INR,web,250.77,250.77,4.78,83.333333,FALSE,standard,263,0.522,0.223,0,0,Friday,2024,0
UK,GBP,CNY,mobile,79.73,99.66,2.06,8.928571,FALSE,standard,4,0.892,0.407,0,0,Friday,2024,0
US,USD,USD,mobile,204.77,204.77,3.72,1,FALSE,enhanced,257,0.894,0.257,0,0,Friday,2024,0
US,USD,USD,web,52.86,52.86,0.93,1,FALSE,standard,298,0.336,0.166,0,0,Saturday,2024,0
UK,GBP,CAD,mobile,202.32,252.89,4.4,1.689189,FALSE,standard,4,0.892,0.407,0,0,Saturday,2024,0
US,USD,CAD,MOBILE,180.13,180.13,3.79,1.351351,FALSE,enhanced,367,0.789,0.176,0,0,Saturday,2024,0
UK,GBP,EUR,mobile,132.5,165.63,1.92,1.157407,FALSE,standard,4,0.892,0.407,0,0.05,Saturday,2024,0
US,USD,NGN,ATM,69.05,69.05,3.16,1111.111111,FALSE,standard,263,0.522,0.223,0,0.25,Saturday,2024,0
CA,CAD,USD,mobile,57.8,42.77,-1,0.74,FALSE,standard,272,-0.1,0.048,0,0,Saturday,2024,0
US,USD,NGN,mobile,207.99,207.99,4.54,1111.111111,FALSE,standard,263,0.522,0.223,0,0.25,Sunday,2024,0
US,USD,EUR,mobile,378.06,378.06,7.04,0.925926,FALSE,standard,263,0.522,0.223,0,0,Sunday,2024,0
US,USD,USD,mobile,82.03,82.03,2.25,1,FALSE,standard,298,0.336,0.166,0,0,Sunday,2024,0
US,USD,PHP,mobile,128.59,128.59,3.86,58.823529,FALSE,standard,1018,0.934,0.087,0,0.1,Sunday,2024,0
US,USD,NGN,mobile,42.97,42.97,1.56,1111.111111,FALSE,standard,298,0.336,0.166,0,0.25,Sunday,2024,0
US,USD,GBP,mobile,108.74,108.74,3.39,0.8,FALSE,standard,147,0.551,0.391,0,0,Monday,2024,0
UK,GBP,GBP,mobile,76.63,95.78,1.9,1,FALSE,standard,4,0.892,0.407,0,0,Monday,2024,0
US,USD,INR,mobile,246.04,246.04,5.98,83.333333,FALSE,enhanced,257,0.894,0.257,0,0,Monday,2024,0
US,USD,EUR,mobile,226.08,226.08,4.31,0.925926,FALSE,standard,298,0.336,0.166,0,0,Monday,2024,0
US,USD,CNY,mobile,227.59,227.59,4.2,7.142857,FALSE,enhanced,257,0.894,0.257,0,0,Monday,2024,0
US,USD,USD,mobile,228.66,228.66,4.5,1,FALSE,standard,147,0.551,0.391,4,0,Monday,2024,0
CA,CAD,PHP,web,292.13,216.18,3.67,43.529412,FALSE,low,824,0.607,0.282,0,0,Monday,2024,0
US,USD,NGN,ATM,9995.22,9995.22,151.32,1111.111111,FALSE,standard,34,0.427,0.068,1,0.25,Monday,2024,0
US,USD,EUR,mobile,233.36,233.36,5.07,0.925926,TRUE,enhanced,257,0.894,0.257,0,0,Monday,2024,0
US,USD,EUR,mobile,406.34,406.34,6.71,0.925926,FALSE,standard,1018,0.934,0.087,0,0,Monday,2024,0
US,USD,PHP,web,227.87,227.87,5.26,58.823529,FALSE,standard,830,0.799,0.102,0,0.1,Monday,2024,0
US,USD,NGN,ATM,304.73,304.73,6.55,1111.111111,FALSE,standard,147,0.401,0.391,0,0.25,Tuesday,2024,0
US,USD,USD,mobile,35.14,35.14,1.78,1,FALSE,standard,147,0.551,0.391,0,0,Tuesday,2024,0
US,USD,INR,web,145.32,145.32,3.3,83.333333,FALSE,enhanced,367,0.939,0.176,0,0,Tuesday,2024,0
UK,GBP,EUR,mobile,794.18,992.73,12.22,1.157407,FALSE,standard,4,0.892,0.407,0,0.05,Tuesday,2024,0
US,USD,USD,mobile,129.57,129.57,4.13,1,TRUE,standard,147,0.551,0.391,0,0,Tuesday,2024,0
CA,CAD,CAD,web,447.79,331.36,7.78,1,FALSE,standard,947,0.625,0.268,0,0,Tuesday,2024,0
US,USD,EUR,web,333.26,333.26,5.71,0.925926,TRUE,standard,263,0.522,0.223,0,0,Tuesday,2024,0
US,USD,GBP,mobile,131.77,131.77,3.81,0.8,FALSE,standard,298,0.336,0.166,0,0,Tuesday,2024,0
US,USD,INR,mobile,152.4,152.4,3.51,83.333333,FALSE,enhanced,367,0.939,0.176,0,0,Tuesday,2024,0
US,USD,GBP,web,106.38,106.38,2.15,0.8,FALSE,standard,1018,0.934,0.087,0,0,Tuesday,2024,0
US,USD,PHP,mobile,95.52,95.52,2.04,58.823529,FALSE,standard,263,0.372,0.223,0,0.1,Wednesday,2024,0
US,USD,GBP,web,88.13,88.13,2.91,0.8,FALSE,standard,147,0.551,0.391,0,0,Wednesday,2024,0
US,USD,GBP,web,173.49,173.49,3.12,0.8,FALSE,standard,298,0.336,0.166,0,0,Wednesday,2024,0
CA,CAD,CAD,mobile,54.81,40.56,1.81,1,FALSE,low,824,0.607,0.282,0,0,Wednesday,2024,0
US,USD,INR,web,335.25,335.25,5.77,83.333333,FALSE,enhanced,257,0.894,0.257,1,0,Wednesday,2024,0
CA,CAD,CAD,web,27.61,20.43,1.1,1,FALSE,standard,947,0.625,0.268,0,0,Wednesday,2024,0
CA,CAD,CNY,web,539.48,399.21,9.59,5.285714,FALSE,low,824,0.607,0.282,0,0,Wednesday,2024,0
US,USD,INR,web,280.65,280.65,5.29,83.333333,FALSE,standard,263,0.522,0.223,0,0,Monday,2025,0
US,USD,CAD,mobile,153.21,153.21,2.94,1.351351,FALSE,standard,263,0.522,0.223,0,0,Thursday,2024,0
CA,CAD,PHP,web,397.15,293.89,7.33,43.529412,FALSE,standard,853,0.83,0.29,0,0,Thursday,2024,0
UK,GBP,CAD,web,91.38,114.23,3.23,1.689189,FALSE,standard,718,0.953,0.169,0,0,Thursday,2024,0
US,USD,NGN,web,157.81,157.81,3.47,1111.111111,FALSE,standard,34,0.427,0.068,0,0.25,Thursday,2024,0
US,USD,EUR,mobile,182.1,182.1,3.75,0.925926,TRUE,enhanced,661,0.92,0.259,0,0,Thursday,2024,0
US,USD,USD,mobile,242.9,242.9,4.18,1,TRUE,standard,298,0.336,0.166,0,0,Thursday,2024,0
US,USD,NGN,web,179.1,179.1,3.84,1111.111111,FALSE,standard,1018,0.934,0.087,0,0.25,Thursday,2024,0
UK,GBP,MXN,mobile,106.16,132.69,2.62,21.551724,TRUE,standard,718,0.953,0.169,0,0,Thursday,2024,0
US,USD,PHP,mobile,691.33,691.33,-1,58.823529,FALSE,standard,298,-0.1,0.166,0,0.1,Thursday,2024,0
US,USD,MXN,mobile,290.28,290.28,4.77,17.241379,FALSE,enhanced,367,0.939,0.176,0,0.2,Thursday,2024,0
US,USD,NGN,ATM,51.14,51.14,0.86,1111.111111,FALSE,enhanced,661,0.92,0.259,0,0.25,Thursday,2024,0
UK,GBP,USD,web,246.44,308.05,4.61,1.25,FALSE,standard,718,0.953,0.169,0,0,Friday,2024,0
US,USD,CNY,mobile,520.99,520.99,9.14,7.142857,TRUE,enhanced,257,0.744,0.257,0,0,Friday,2024,0
UK,GBP,CNY,mobile,197.35,410.97,110.92,8.928571,TRUE,unknown,4,0.68,0.407,0,0,Friday,2024,0
US,USD,EUR,web,309.76,309.76,5.22,0.925926,FALSE,standard,263,0.522,0.223,0,0,Friday,2024,0
US,USD,EUR,mobile,118.4,118.4,2.82,0.925926,FALSE,standard,298,0.336,0.166,0,0,Friday,2024,0
US,USD,EUR,web,34.58,34.58,2.34,0.925926,FALSE,standard,1016,0.944,0.247,0,0,Friday,2024,0
US,USD,USD,web,70.87,70.87,1.87,1,FALSE,standard,147,0.551,0.391,0,0,Friday,2024,0
US,USD,MXN,mobile,188.15,410.97,110.92,17.241379,TRUE,unknown,1018,0.68,0.087,0,0.2,Friday,2024,0
US,USD,PHP,ATM,254.03,254.03,4.86,58.823529,FALSE,standard,298,0.336,0.166,0,0.1,Friday,2024,0
UK,GBP,CAD,mobile,294.67,368.33,5.43,1.689189,FALSE,standard,4,0.892,0.407,1,0,Friday,2024,0
CA,CAD,GBP,mobile,316.64,234.31,5.37,0.592,FALSE,low,824,0.607,0.282,0,0,Saturday,2024,0
US,USD,CAD,mobile,417.7,417.7,7.1,1.351351,FALSE,standard,147,0.551,0.391,0,0,Saturday,2024,0
UK,GBP,PHP,web,136.77,170.96,2.53,73.529412,FALSE,standard,4,0.892,0.407,0,0,Saturday,2024,0
US,USD,PHP,mobile,-247.84,247.84,9999.99,58.823529,FALSE,standard,263,-0.1,0.223,0,0.1,Saturday,2024,0
CA,CAD,USD,web,67.65,50.06,1.4,0.74,FALSE,low,824,0.607,0.282,0,0,Saturday,2024,0
US,USD,NGN,mobile,328.64,328.64,5.26,1111.111111,FALSE,standard,446,0.9,0.199,0,0.25,Saturday,2024,0
US,USD,PHP,web,138.93,138.93,3.44,58.823529,FALSE,standard,1018,0.934,0.087,0,0.1,Sunday,2024,0
US,USD,GBP,web,126.68,126.68,2.62,0.8,FALSE,standard,147,0.551,0.391,1,0,Sunday,2024,0
UK,GBP,MXN,mobile,892.18,1115.22,14.97,21.551724,FALSE,standard,4,0.892,0.407,0,0,Sunday,2024,0
US,USD,GBP,web,27.92,27.92,1.23,0.8,FALSE,standard,1018,0.934,0.087,0,0,Sunday,2024,0
US,USD,USD,ATM,185.57,185.57,4.27,1,TRUE,standard,263,0.522,0.223,0,0,Sunday,2024,0
UK,GBP,CAD,mobile,338.37,422.96,6.47,1.689189,FALSE,standard,4,0.892,0.407,0,0,Sunday,2024,0
US,USD,USD,mobile,63.05,63.05,1.8,1,FALSE,standard,298,0.336,0.166,0,0,Sunday,2024,0
US,USD,EUR,mobile,187.59,187.59,3.72,0.925926,FALSE,enhanced,367,0.939,0.176,0,0,Sunday,2024,0
US,USD,NGN,mobile,182.77,182.77,3.86,1111.111111,FALSE,enhanced,533,0.971,0.535,0,0.25,Monday,2024,0
US,USD,USD,web,122.61,122.61,2.65,1,FALSE,enhanced,367,0.939,0.176,1,0,Monday,2024,0
UK,GBP,GBP,web,84.26,105.33,1.69,1,FALSE,standard,4,0.892,0.407,0,0,Tuesday,2025,0
US,USD,INR,mobille,145.9,145.9,2.88,83.333333,FALSE,standard,1016,0.944,0.247,0,0,Monday,2024,0
UK,GBP,NGN,mobile,249.71,312.14,4.5,1388.888889,FALSE,standard,4,0.892,0.407,0,0.22,Monday,2024,0
US,USD,INR,mobile,234.88,234.88,4.12,83.333333,FALSE,standard,1018,0.934,0.087,0,0,-1,0,0
US,USD,PHP,mobile,441.87,441.87,7.17,58.823529,FALSE,standard,1018,0.934,0.087,0,0.1,Monday,2024,0
US,USD,INR,web,572.87,572.87,8.32,83.333333,FALSE,enhanced,367,0.939,0.176,0,0,Tuesday,2024,0
US,USD,GBP,mobile,102.45,410.97,110.92,0.8,FALSE,unknown,263,0.68,0.223,0,0,Tuesday,2024,0
US,USD,MXN,mobile,127.62,127.62,3.93,17.241379,FALSE,standard,147,0.551,0.391,5,0.2,Tuesday,2024,0
US,USD,NGN,ATM,106.81,410.97,110.92,1111.111111,FALSE,unknown,298,0.68,0.166,0,0.25,Tuesday,2024,0
US,USD,USD,mobile,241.43,241.43,3.7,1,FALSE,standard,298,0.336,0.166,0,0,Tuesday,2024,0
UK,GBP,CNY,ATM,78.81,98.51,2.31,8.928571,FALSE,standard,4,0.892,0.407,0,0,Tuesday,2024,0
US,USD,USD,web,64.7,64.7,2.63,1,FALSE,standard,263,0.522,0.223,0,0,Wednesday,2024,0
US,USD,NGN,mobile,114.42,410.97,110.92,1111.111111,FALSE,unknown,34,0.68,0.068,0,0.25,Wednesday,2024,0
US,USD,INR,mobile,75.66,75.66,2.33,83.333333,FALSE,enhanced,367,0.939,0.176,0,0,-1,0,0
US,USD,INR,mobile,117.54,117.54,3.01,83.333333,FALSE,standard,1016,0.944,0.247,1,0,Wednesday,2024,0
 US  ,USD,INR, mobile  ,305.09,305.09,5.96,83.333333,FALSE,enhanced,257,0.894,0.257,0,0,Wednesday,2024,0
US,USD,USD,mobile,83.01,83.01,1.96,1,FALSE,standard,298,0.336,0.166,0,0,Wednesday,2024,0
US,USD,GBP,mobile,92.66,92.66,2.46,0.8,FALSE,standard,298,0.336,0.166,0,0,Wednesday,2024,0
US,USD,CAD,mobile,307.1,307.1,6.06,1.351351,FALSE,enhanced,257,0.894,0.257,0,0,Wednesday,2024,0
US,USD,PHP,web,418.1,418.1,7.7,58.823529,FALSE,enhanced,257,0.894,0.257,0,0.1,Wednesday,2024,0
US,USD,EUR,mobile,121.77,121.77,2.18,0.925926,FALSE,standard,263,0.522,0.223,0,0,Thursday,2024,0
US,USD,USD,mobile,9991.92,9991.92,150.57,1,FALSE,standard,263,0.522,0.223,0,0,Thursday,2024,0
US,USD,USD,mobile,204.89,204.89,3.47,1,TRUE,standard,147,0.551,0.391,0,0,Thursday,2024,0
US,USD,PHP,web,200.73,200.73,3.8,58.823529,FALSE,standard,263,0.522,0.223,0,0.1,Thursday,2024,0
US,USD,INR,mobile,160.59,160.59,3.13,83.333333,FALSE,standard,298,0.336,0.166,0,0,Thursday,2024,0
US,USD,EUR,mobile,96.38,96.38,2.56,0.925926,TRUE,standard,819,0.809,0.107,0,0,Thursday,2024,0
US,USD,USD,ATM,23.45,23.45,1.8,1,FALSE,standard,1016,0.944,0.247,0,0,Thursday,2024,0
US,USD,USD,mobille,147.73,147.73,3.33,1,FALSE,enhanced,533,0.971,0.535,0,0,Thursday,2024,0
US,USD,USD,web,151.1,151.1,2.83,1,FALSE,standard,147,0.551,0.391,0,0,Thursday,2024,0
UK,GBP,GBP,mobile,173.68,217.1,4.19,1,FALSE,standard,4,0.892,0.407,0,0,Thursday,2024,0
CA,CAD,PHP,web,74.14,54.86,2.13,43.529412,FALSE,standard,564,0.658,0.4,1,0,Thursday,2024,0
UK,GBP,USD,mobile,585.63,732.04,10.43,1.25,FALSE,standard,718,0.953,0.169,0,0,Thursday,2024,0
US,USD,NGN,mobile,386.62,386.62,7.09,1111.111111,FALSE,standard,1018,0.784,0.087,0,0.25,Friday,2024,0
US,USD,USD,mobile,9990.26,9990.26,151.03,1,FALSE,standard,263,0.522,0.223,0,0,Friday,2024,0
unknown,GBP,CNY,WEB,196.58,245.73,3.24,8.928571,FALSE,standard,718,0.953,0.169,0,0,Friday,2024,0
CA,CAD,PHP,web,113.38,83.9,3.11,43.529412,TRUE,standard,172,0.881,0.199,0,0,Friday,2024,0
US,USD,USD,mobile,238.62,238.62,5.15,1,FALSE,standard,263,0.522,0.223,0,0,Friday,2024,0
US,USD,GBP,mobile,150.62,150.62,3.67,0.8,TRUE,enhanced,257,0.894,0.257,0,0,Friday,2024,0
US,USD,GBP,web,145.44,145.44,3.06,0.8,TRUE,standard,298,0.336,0.166,0,0,Friday,2024,0
US,USD,EUR,WEB,697.85,697.85,10.93,0.925926,TRUE,enhanced,367,0.939,0.176,0,0,Friday,2024,0
US,USD,MXN,mobile,52.94,52.94,2,17.241379,FALSE,standard,298,0.336,0.166,0,0.2,Friday,2024,0
US,USD,INR,ATM,132.26,410.97,110.92,83.333333,FALSE,unknown,298,0.68,0.166,0,0,Saturday,2024,0
US,USD,CAD,mobile,121.41,121.41,2.81,1.351351,FALSE,standard,1018,0.784,0.087,0,0,Saturday,2024,0
US,USD,CNY,ATM,100.71,100.71,1.89,7.142857,TRUE,enhanced,367,0.939,0.176,0,0,Saturday,2024,0
US,USD,EUR,mobile,171.5,171.5,3.72,0.925926,FALSE,enhanced,367,0.939,0.176,0,0,Saturday,2024,0
US,USD,NGN,web,184.61,184.61,4.21,1111.111111,FALSE,standard,298,0.336,0.166,1,0.25,Saturday,2024,0
UK,GBP,EUR,mobile,107.62,134.53,2.26,1.157407,FALSE,standard,4,0.892,0.407,7,0.05,Saturday,2024,1
US,USD,CNY,ATM,119.03,119.03,3.44,7.142857,FALSE,standard,298,0.336,0.166,0,0,Saturday,2024,0
US,USD,INR,web,165.43,165.43,3.17,83.333333,FALSE,standard,298,0.336,0.166,0,0,Saturday,2024,0
CA,CAD,GBP,ATM,78.36,57.99,2.25,0.592,FALSE,standard,947,0.625,0.268,0,0,Saturday,2024,0
CA,CAD,CNY,mobile,253.44,187.54,4.68,5.285714,FALSE,standard,717,0.546,0.393,0,0,Monday,2024,0
UK,GBP,GBP,mobile,16.32,20.4,0.82,1,FALSE,standard,4,0.892,0.407,0,0,Sunday,2024,0
US,USD,CAD,mobile,58.38,58.38,-1,1.351351,FALSE,enhanced,367,-0.1,0.176,0,0,Sunday,2024,0
US,USD,PHP,web,254.9,254.9,5.01,58.823529,FALSE,enhanced,367,0.939,0.176,0,0.1,Sunday,2024,0
US,USD,EUR,ATM,41.72,41.72,2.16,0.925926,FALSE,enhanced,367,0.939,0.176,5,0,Sunday,2024,0
UK,GBP,CNY,mobile,150.53,188.17,2.58,8.928571,TRUE,standard,4,0.892,0.407,0,0,Sunday,2024,0
UK,GBP,CNY,mobile,270.87,338.59,5.26,8.928571,FALSE,standard,718,0.953,0.169,1,0,Sunday,2024,0
CA,CAD,CAD,mobile,41.78,30.91,2.46,1,FALSE,low,615,0.515,0.355,5,0,Monday,2024,0
US,USD,GBP,mobile,81.62,81.62,2.28,0.8,FALSE,standard,1016,0.944,0.247,0,0,Monday,2024,0
US,USD,NGN,mobile,187.96,187.96,3.51,1111.111111,FALSE,standard,1018,0.934,0.087,1,0.25,Monday,2024,0
US,USD,PHP,web,497.01,497.01,9.72,58.823529,FALSE,standard,298,0.336,0.166,0,0.1,Monday,2024,0
UK,GBP,CNY,web,127,158.75,3,8.928571,FALSE,standard,718,0.953,0.169,0,0,Monday,2024,0
CA,CAD,PHP,mobile,119.88,88.71,1.85,43.529412,FALSE,low,615,0.515,0.355,0,0,Monday,2024,1
US,USD,MXN,ATM,146.8,146.8,3.7,17.241379,FALSE,standard,263,0.522,0.223,0,0.2,Monday,2024,0
CA,CAD,CAD,web,136.88,101.29,3.02,1,FALSE,low,214,0.596,0.233,0,0,Tuesday,2024,0
US,USD,CNY,mobile,189.74,189.74,4.9,7.142857,FALSE,standard,1058,0.923,0.139,0,0,Tuesday,2024,0
US,USD,USD,mobile,162.11,162.11,3.83,1,FALSE,standard,298,0.336,0.166,0,0,Tuesday,2024,0
US,USD,PHP,mobile,58.56,58.56,-1,58.823529,FALSE,standard,1018,-0.1,0.087,0,0.1,Tuesday,2024,0
CA,CAD,GBP,mobile,150.54,111.4,3.24,0.592,FALSE,standard,725,0.824,0.212,5,0,Tuesday,2024,0
US,USD,NGN,web,33.59,33.59,2.5,1111.111111,FALSE,standard,263,0.372,0.223,0,0.25,Tuesday,2024,0
US,USD,PHP,web,108.89,108.89,3.38,58.823529,FALSE,enhanced,257,0.894,0.257,0,0.1,Tuesday,2024,0
CA,CAD,EUR,mobile,45.88,33.95,1.82,0.685185,FALSE,low,615,0.515,0.355,0,0,Tuesday,2024,0
US,USD,CNY,web,98.85,98.85,2.85,7.142857,FALSE,standard,147,0.551,0.391,0,0,Tuesday,2024,0
CA,CAD,INR,web,181.18,134.07,4.16,61.666667,FALSE,standard,947,0.625,0.268,0,0.12,Tuesday,2024,0
UK,GBP,GBP,mobile,175.5,219.37,3.47,1,FALSE,standard,718,0.953,0.169,0,0,Wednesday,2024,0
US,USD,PHP,ATM,199.95,199.95,4,58.823529,FALSE,standard,1018,0.784,0.087,0,0.1,Wednesday,2024,0
US,USD,EUR,mobile,504.65,504.65,8.71,0.925926,FALSE,enhanced,257,0.894,0.257,0,0,Wednesday,2024,0
US,USD,NGN,mobile,466.75,466.75,7.29,1111.111111,FALSE,standard,916,0.596,0.177,0,0.25,Wednesday,2024,0
US,USD,MXN,web,123,123,2.57,17.241379,FALSE,standard,263,0.522,0.223,0,0.2,Wednesday,2024,0
US,USD,CAD,mobile,563.81,563.81,9.16,1.351351,FALSE,standard,1018,0.934,0.087,0,0,Wednesday,2024,0
US,USD,NGN,web,125.92,125.92,2.87,1111.111111,FALSE,standard,298,0.336,0.166,0,0.25,Wednesday,2024,0
UK,GBP,CNY,mobile,656.8,821,10.96,8.928571,FALSE,standard,4,0.892,0.407,0,0,Wednesday,2024,0
US,USD,MXN,web,78.28,78.28,1.31,17.241379,FALSE,standard,263,0.522,0.223,0,0.2,Wednesday,2024,0
UK,GBP,CNY,mobille,164.69,205.86,-1,8.928571,FALSE,standard,4,-0.1,0.407,0,0,Thursday,2024,0
UK,GBP,NGN,mobile,612.37,765.47,11.18,1388.888889,FALSE,standard,4,0.892,0.407,0,0.22,Thursday,2024,0
US,USD,USD,ATM,100.93,100.93,1.85,1,FALSE,enhanced,661,0.92,0.259,0,0,Thursday,2024,0
UK,GBP,INR,web,478.24,410.97,110.92,104.166667,FALSE,unknown,4,0.68,0.407,0,0,Thursday,2024,0
UK,GBP,USD,mobile,444.62,555.77,6.98,1.25,FALSE,standard,4,0.892,0.407,0,0,Thursday,2024,0
UK,GBP,GBP,mobile,106.82,133.53,3.1,1,FALSE,standard,4,0.892,0.407,0,0,Thursday,2024,1
US,USD,PHP,mobile,123.09,123.09,2.51,58.823529,TRUE,enhanced,661,0.92,0.259,0,0.1,Thursday,2024,0
US,USD,CAD,mobile,108.02,108.02,2.75,1.351351,FALSE,enhanced,257,0.894,0.257,0,0,Thursday,2024,0
UK,GBP,GBP,web,73.04,91.3,2.35,1,FALSE,low,704,0.515,0.283,0,0,Thursday,2024,0
US,USD,GBP,mobile,31,31,1.69,0.8,FALSE,standard,147,0.551,0.391,0,0,Friday,2024,0
UK,GBP,USD,mobile,482.73,603.41,9.11,1.25,FALSE,standard,4,0.892,0.407,0,0,Friday,2024,0
US,USD,USD,mobile,-209.29,209.29,9999.99,1,FALSE,enhanced,257,-0.1,0.257,0,0,Friday,2024,0
US,USD,EUR,mobile,46.66,46.66,1.56,0.925926,FALSE,low,616,0.552,0.361,0,0,Friday,2024,0
US,USD,CNY,mobille,164.14,164.14,3.07,7.142857,FALSE,standard,859,0.96,0.363,0,0,Friday,2024,0
US,USD,CNY,mobile,97.54,97.54,2.28,7.142857,FALSE,standard,298,0.336,0.166,0,0,Friday,2024,0
US,USD,EUR,mobile,408.16,408.16,7.15,0.925926,FALSE,standard,298,0.336,0.166,0,0,Friday,2024,0
US,USD,GBP,mobile,96.19,96.19,3.13,0.8,FALSE,standard,263,0.522,0.223,0,0,Friday,2024,0
CA,CAD,NGN,web,144.29,106.77,2.92,822.222222,FALSE,standard,947,0.625,0.268,0,0,Saturday,2024,0
US,USD,GBP,mobile,159.66,159.66,-1,0.8,FALSE,standard,1018,-0.1,0.087,0,0,Saturday,2024,0
US,USD,NGN,mobile,81.84,81.84,2.41,1111.111111,FALSE,standard,263,0.522,0.223,0,0.25,Saturday,2024,0
US,USD,GBP,mobile,80.73,80.73,1.42,0.8,FALSE,standard,298,0.336,0.166,5,0,Saturday,2024,0
US,USD,NGN,web,35.52,35.52,1.49,1111.111111,FALSE,enhanced,367,0.939,0.176,0,0.25,Saturday,2024,0
US,USD,CNY,mobile,78.96,78.96,2.45,7.142857,FALSE,standard,147,0.551,0.391,0,0,Sunday,2024,0
CA,CAD,CAD,mobille,774.44,573.08,13.53,1,FALSE,standard,172,0.881,0.199,0,0,Sunday,2024,0
UK,GBP,PHP,web,142.7,178.38,2.93,73.529412,FALSE,low,566,0.731,0.422,0,0,Sunday,2024,0
UK,GBP,GBP,mobile,323.3,404.13,5.16,1,TRUE,standard,4,0.892,0.407,0,0,Sunday,2024,0
CA,CAD,CAD,web,183.22,135.58,4.4,1,FALSE,low,824,0.607,0.282,0,0,Sunday,2024,0
US,USD,GBP,web,66.17,66.17,2.5,0.8,FALSE,standard,263,0.522,0.223,0,0,Sunday,2024,0
UK,GBP,GBP,web,34.5,43.12,1.31,1,FALSE,standard,4,0.892,0.407,0,0,Sunday,2024,0
US,USD,USD,mobile,85.36,85.36,3.33,1,FALSE,standard,147,0.401,0.391,1,0,Sunday,2024,0
US,USD,USD,mobile,106.61,106.61,1.95,1,FALSE,standard,263,0.522,0.223,0,0,Sunday,2024,0
UK,GBP,CNY,ATM,123.17,153.97,3.23,8.928571,FALSE,standard,4,0.892,0.407,0,0,Monday,2024,0
US,USD,INR,mobile,228.29,228.29,4.17,83.333333,FALSE,enhanced,533,0.971,0.535,0,0,Monday,2024,0
UK,GBP,USD,web,116.09,145.11,3.12,1.25,FALSE,standard,4,0.892,0.407,1,0,Monday,2024,0
US,USD,CAD,mobile,106.02,106.02,2.41,1.351351,FALSE,standard,298,0.336,0.166,0,0,Monday,2024,0
US,USD,CAD,mobile,129.31,129.31,2.53,1.351351,FALSE,enhanced,367,0.789,0.176,0,0,Monday,2024,0
US,USD,CAD,mobile,202.78,202.78,4,1.351351,FALSE,standard,298,0.336,0.166,0,0,Monday,2024,0
CA,CAD,NGN,mobile,164.66,121.85,4.27,822.222222,FALSE,standard,947,0.625,0.268,0,0,Monday,2024,0
CA,CAD,MXN,mobile,36.14,26.75,1.91,12.758621,FALSE,standard,947,0.625,0.268,0,0,Tuesday,2024,0
US,USD,GBP,mobile,264.76,410.97,110.92,0.8,FALSE,unknown,298,0.68,0.166,0,0,Tuesday,2024,0
US,USD,CAD,mobile,85.49,85.49,1.88,1.351351,FALSE,standard,263,0.372,0.223,0,0,Tuesday,2024,0
US,USD,INR,mobile,90.33,90.33,2.67,83.333333,FALSE,standard,263,0.522,0.223,0,0,Tuesday,2024,0
UK,GBP,USD,mobile,263.99,329.99,4.44,1.25,FALSE,standard,718,0.953,0.169,0,0,Tuesday,2024,0
UK,GBP,USD,web,36.58,45.73,2.16,1.25,FALSE,standard,718,0.803,0.169,0,0,Tuesday,2024,0
US,USD,USD,web,9993.76,9993.76,150.38,1,FALSE,standard,147,0.551,0.391,0,0,Tuesday,2024,0
US,USD,EUR,mobile,107.24,107.24,3.12,0.925926,FALSE,standard,147,0.551,0.391,0,0,Wednesday,2024,0
UK,GBP,USD,mobile,174.41,218.02,3.47,1.25,FALSE,standard,4,0.892,0.407,0,0,Wednesday,2024,0
US,USD,USD,mobile,87.71,87.71,2.22,1,FALSE,enhanced,367,0.789,0.176,0,0,Wednesday,2024,0
CA,CAD,USD, web  ,153.27,113.42,3.09,0.74,FALSE,low,615,0.515,0.355,0,0,Wednesday,2024,0
US,USD,NGN,mobile,397.79,397.79,7.13,1111.111111,FALSE,standard,298,0.336,0.166,0,0.25,Wednesday,2024,0
UK,GBP,NGN,ATM,386.71,483.39,6.23,1388.888889,FALSE,standard,4,0.892,0.407,0,0.22,Wednesday,2024,0
US,USD,INR,web,39.65,39.65,1.16,83.333333,FALSE,standard,263,0.522,0.223,0,0,Wednesday,2024,0
US,USD,PHP,web,20.85,20.85,0.64,58.823529,FALSE,enhanced,257,0.894,0.257,0,0.1,Thursday,2024,0
US,USD,USD,web,92.47,92.47,2.99,1,FALSE,standard,34,0.427,0.068,0,0,Thursday,2024,0
US,USD,GBP,ATM,9991.89,9991.89,150.88,0.8,FALSE,standard,298,0.336,0.166,0,0,Thursday,2024,0
US,USD,INR,web,220.8,220.8,4.28,83.333333,FALSE,standard,147,0.551,0.391,1,0,Thursday,2024,0
UK,GBP,CNY,web,99.23,124.03,2.96,8.928571,FALSE,standard,4,0.892,0.407,0,0,Thursday,2024,0
US,USD,CAD,mobile,207.01,207.01,3.81,1.351351,FALSE,standard,263,0.522,0.223,0,0,Thursday,2024,0
US,USD,USD,web,112.19,112.19,2.94,1,FALSE,standard,263,0.522,0.223,0,0,Friday,2024,0
US,USD,EUR,mobile,126,126,3.25,0.925926,FALSE,low,954,0.576,0.332,1,0,Friday,2024,0
US,USD,EUR,web,41.7,41.7,2.08,0.925926,FALSE,enhanced,367,0.939,0.176,0,0,Friday,2024,0
CA,CAD,EUR,mobile,199.51,147.64,4.49,0.685185,FALSE,low,824,0.607,0.282,0,0,Friday,2024,0
US,USD,PHP,mobile,695.86,695.86,11.53,58.823529,FALSE,standard,298,0.336,0.166,0,0.1,Friday,2024,0
CA,CAD,CAD,mobile,43.98,32.54,1.75,1,FALSE,standard,1041,0.867,0.245,0,0,Friday,2024,0
US,USD,EUR,mobile,324.02,324.02,6.14,0.925926,FALSE,standard,298,0.336,0.166,0,0,Friday,2024,0
US,USD,GBP,mobile,334.92,334.92,6.45,0.8,FALSE,standard,1018,0.934,0.087,0,0,Friday,2024,0
US,USD,INR,mobile,259.58,259.58,-1,83.333333,FALSE,standard,263,-0.1,0.223,0,0,Friday,2024,0
US,USD,GBP,mobile,110.06,110.06,2.87,0.8,FALSE,standard,298,0.336,0.166,0,0,Friday,2024,0
US,USD,CAD,mobile,110.42,110.42,3.48,1.351351,FALSE,standard,263,0.522,0.223,0,0,Saturday,2024,0
CA,CAD,CAD,web,288.91,213.79,5.46,1,FALSE,standard,947,0.625,0.268,0,0,Saturday,2024,0
US,USD,CAD,mobile,247.05,410.97,110.92,1.351351,FALSE,unknown,1018,0.68,0.087,1,0,Saturday,2024,0
US,USD,NGN,web,24.11,24.11,1.42,1111.111111,TRUE,standard,263,0.522,0.223,0,0.25,Saturday,2024,0
US,USD,USD,ATM,114.39,114.39,4.04,1,FALSE,standard,1018,0.934,0.087,0,0,Saturday,2024,0
US,USD,CNY,mobile,124.74,124.74,3.78,7.142857,FALSE,standard,263,0.522,0.223,0,0,Saturday,2024,0
US,USD,CNY,ATM,111,111,2.39,7.142857,FALSE,standard,263,0.522,0.223,0,0,Saturday,2024,0
US,USD,EUR,mobile,28.11,28.11,1.55,0.925926,FALSE,standard,1018,0.934,0.087,0,0,Saturday,2024,0
US,USD,CNY,mobile,421.29,421.29,6.73,7.142857,FALSE,standard,147,0.551,0.391,0,0,Saturday,2024,0
US,USD,NGN,mobile,9992.41,9992.41,150.77,1111.111111,FALSE,standard,298,0.336,0.166,0,0.25,Sunday,2024,0
UK,GBP,NGN,mobile,175.01,218.76,3.73,1388.888889,TRUE,standard,718,0.953,0.169,1,0.22,Sunday,2024,0
CA,CAD,CNY,ATM,58.93,43.61,1.96,5.285714,TRUE,low,824,0.607,0.282,3,0,Sunday,2024,0
CA,CAD,NGN,mobile,100.62,74.46,2.66,822.222222,FALSE,standard,947,0.625,0.268,0,0,Sunday,2024,0
UK,GBP,CAD,mobile,118.96,148.7,3.98,1.689189,FALSE,standard,4,0.892,0.407,0,0,Sunday,2024,0
US,USD,USD,ATM,61.07,61.07,1.64,1,FALSE,enhanced,367,0.939,0.176,0,0,Sunday,2024,0
CA,CAD,EUR,mobile,123.84,91.64,2.83,0.685185,FALSE,standard,947,0.625,0.268,0,0,Sunday,2024,0
US,USD,EUR,web,156.79,156.79,3.21,0.925926,FALSE,enhanced,257,0.894,0.257,0,0,Sunday,2024,0
UK,GBP,USD,web,-121.52,151.9,9999.99,1.25,FALSE,standard,4,-0.1,0.407,1,0,Sunday,2024,1
US,USD,INR, mobile  ,278.7,278.7,5.24,83.333333,FALSE,unknown,257,0.894,0.257,1,0,Sunday,2024,0
US,USD,PHP,mobile,99.43,99.43,2.32,58.823529,FALSE,standard,298,0.336,0.166,0,0.1,Monday,2024,0
UK,GBP,INR,ATM,137.99,172.49,2.89,104.166667,FALSE,standard,4,0.892,0.407,0,0,Monday,2024,0
US,USD,USD,mobile,30.69,30.69,1.03,1,TRUE,enhanced,257,0.894,0.257,0,0,Monday,2024,0
CA,CAD,USD,web,170.15,125.91,3.86,0.74,FALSE,standard,1041,0.867,0.245,0,0,Monday,2024,0
US,USD,CNY,web,105.25,105.25,2.63,7.142857,FALSE,standard,1016,0.944,0.247,0,0,Monday,2024,0
US,USD,CNY,mobile,164.31,164.31,3.48,7.142857,FALSE,enhanced,367,0.939,0.176,0,0,Monday,2024,0
US,USD,PHP,ATM,38.33,38.33,2.35,58.823529,FALSE,standard,298,0.336,0.166,0,0.1,Monday,2024,0
CA,CAD,CNY,web,281.77,208.51,4.28,5.285714,FALSE,low,615,0.515,0.355,0,0,Monday,2024,0
UK,GBP,USD,web,784.94,981.18,12.33,1.25,TRUE,standard,718,0.953,0.169,0,0,Tuesday,2024,0
UK,GBP,CNY,mobile,509.11,636.39,8.19,8.928571,FALSE,low,704,0.515,0.283,1,0,Tuesday,2024,0
US,USD,GBP,mobile,219.32,219.32,4.23,0.8,FALSE,standard,1016,0.944,0.247,0,0,Tuesday,2024,0
US,USD,INR,mobile,117.95,117.95,2.8,83.333333,TRUE,enhanced,367,0.939,0.176,0,0,Tuesday,2024,0
US,USD,EUR,web,39.24,39.24,1.82,0.925926,FALSE,enhanced,367,0.939,0.176,0,0,Tuesday,2024,0
UK,GBP,CNY,mobile,90.91,113.63,2.91,8.928571,TRUE,standard,4,0.892,0.407,0,0,Tuesday,2024,0
US,USD,CNY,mobile,64.71,64.71,3.01,7.142857,FALSE,standard,298,0.336,0.166,0,0,Tuesday,2024,0
UK,GBP,GBP,mobile,277.11,346.38,5.02,1,FALSE,standard,4,0.892,0.407,0,0,Tuesday,2024,0
CA,CAD,CAD,web,54.19,40.1,1.83,1,FALSE,standard,947,0.625,0.268,0,0,Tuesday,2024,0
UK,GBP,INR,mobile,92.72,115.9,2.22,104.166667,FALSE,standard,4,0.892,0.407,0,0,Tuesday,2024,0
US,USD,INR,mobile,257.75,257.75,4.69,83.333333,FALSE,standard,446,0.9,0.199,0,0,Wednesday,2024,0
US,USD,CAD,mobile,62.15,62.15,1.46,1.351351,FALSE,standard,1016,0.944,0.247,0,0,Wednesday,2024,0
CA,CAD,GBP,mobile,295.63,218.76,5.52,0.592,TRUE,low,615,0.515,0.355,0,0,Wednesday,2024,0
UK,GBP,MXN,mobile,198.05,247.56,3.53,21.551724,FALSE,standard,4,0.892,0.407,0,0,Wednesday,2024,0
CA,CAD,MXN,web,466.16,344.96,9.24,12.758621,FALSE,standard,1041,0.867,0.245,1,0,Wednesday,2024,0
US,USD,NGN,mobile,258.35,258.35,4.23,1111.111111,FALSE,standard,263,0.522,0.223,0,0.25,Wednesday,2024,0
UK,GBP,PHP,mobile,93.19,116.48,3.28,73.529412,FALSE,standard,781,0.377,0.489,0,0,Wednesday,2024,0
US,USD,CAD,mobile,45.14,45.14,-1,1.351351,FALSE,enhanced,367,-0.1,0.176,0,0,Wednesday,2024,0
US,USD,USD,web,141.2,141.2,3.96,1,FALSE,enhanced,257,0.894,0.257,0,0,Thursday,2024,0
US,USD,NGN,mobile,9990.94,9990.94,151.21,1111.111111,FALSE,standard,298,0.336,0.166,0,0.25,Thursday,2024,0
US,USD,CNY,web,256.06,256.06,5.41,7.142857,FALSE,enhanced,257,0.894,0.257,0,0,Thursday,2024,0
US,USD,PHP,mobile,75.67,410.97,110.92,58.823529,FALSE,unknown,298,0.68,0.166,0,0.1,Thursday,2024,0
UK,GBP,EUR,mobile,112.09,140.11,1.95,1.157407,FALSE,standard,4,0.892,0.407,1,0.05,Thursday,2024,1
CA,CAD,NGN,web,144.05,106.6,2.52,822.222222,FALSE,standard,947,0.625,0.268,0,0,Thursday,2024,0
CA,CAD,GBP,mobile,83.47,61.76,1.31,0.592,TRUE,low,615,0.515,0.355,0,0,Friday,2024,0
US,USD,GBP,mobile,60.68,60.68,1.92,0.8,FALSE,standard,263,0.372,0.223,0,0,Friday,2024,0
US,USD,INR,mobile,113.07,113.07,2.8,83.333333,FALSE,standard,1016,0.794,0.247,0,0,Friday,2024,0
US,USD,EUR,mobile,94.34,410.97,110.92,0.925926,FALSE,unknown,298,0.68,0.166,0,0,Friday,2024,0
US,USD,INR,mobille,-169.82,169.82,9999.99,83.333333,FALSE,enhanced,257,-0.1,0.257,0,0,Friday,2024,0
US,USD,CNY,web,170.12,170.12,3.7,7.142857,FALSE,standard,298,0.186,0.166,0,0,Friday,2024,0
US,USD,EUR,mobile,46.59,46.59,2.01,0.925926,FALSE,standard,298,0.336,0.166,0,0,Friday,2024,0
US,USD,CNY,mobile,999.99,999.99,15.47,7.142857,FALSE,standard,1018,0.934,0.087,0,0,Friday,2024,0
UK,GBP,PHP,mobile,149.49,186.87,3.87,73.529412,FALSE,standard,718,0.953,0.169,0,0,Friday,2024,0
US,USD,USD,mobile,35.67,35.67,1.39,1,FALSE,standard,298,0.336,0.166,0,0,Friday,2024,0
US,USD,INR,mobile,80.27,80.27,2.54,83.333333,FALSE,standard,298,0.336,0.166,0,0,Friday,2024,0
UK,GBP,EUR,mobile,277.26,346.58,5.09,1.157407,FALSE,standard,4,0.892,0.407,0,0.05,Friday,2024,0
UK,GBP,PHP,mobile,124.22,155.27,2.83,73.529412,FALSE,low,704,0.515,0.283,0,0,Friday,2024,0
UK,GBP,USD,web,153.12,191.4,4.12,1.25,FALSE,standard,718,0.953,0.169,1,0,Friday,2024,0
US,USD,MXN,ATM,41.77,41.77,1.89,17.241379,TRUE,standard,298,0.336,0.166,0,0.2,Friday,2024,0
US,USD,USD,mobile,223.94,223.94,4.35,1,FALSE,standard,298,0.336,0.166,0,0,Saturday,2024,1
US,USD,INR,ATM,134.62,134.62,3.07,83.333333,FALSE,enhanced,257,0.894,0.257,0,0,Saturday,2024,0
US,USD,PHP,mobile,156.24,156.24,2.68,58.823529,FALSE,standard,263,0.522,0.223,0,0.1,Saturday,2024,0
UK,GBP,CNY,mobile,64.6,80.75,1.39,8.928571,FALSE,standard,4,0.892,0.407,0,0,Saturday,2024,0
US,USD,CNY,mobile,81.29,81.29,2.35,7.142857,FALSE,standard,298,0.336,0.166,0,0,Saturday,2024,0
CA,CAD,EUR,ATM,-272.59,201.72,9999.99,0.685185,FALSE,low,824,-0.1,0.282,0,0,Saturday,2024,0
US,USD,MXN,mobile,183.15,183.15,4.12,17.241379,FALSE,standard,1018,0.934,0.087,0,0.2,Saturday,2024,0
US,USD,GBP,mobile,105.15,105.15,3.09,0.8,FALSE,standard,1018,0.934,0.087,0,0,Saturday,2024,0
CA,CAD,CNY, mobile  ,91.43,67.66,3.08,5.285714,FALSE,standard,1041,0.717,0.245,0,0,Saturday,2024,0
US,USD,GBP,MOBILE,140.47,140.47,2.63,0.8,FALSE,standard,830,0.799,0.102,0,0,Saturday,2024,0
US,USD,CNY,mobile,329.74,329.74,5.59,7.142857,FALSE,enhanced,367,0.939,0.176,0,0,Saturday,2024,0
US,USD,USD,mobile,351.33,351.33,5.59,1,TRUE,standard,263,0.522,0.223,1,0,Saturday,2024,0
US,USD,GBP,web,325.9,325.9,6.09,0.8,FALSE,standard,263,0.522,0.223,0,0,Saturday,2024,0
US,USD,NGN,mobile,404.28,404.28,6.42,1111.111111,FALSE,standard,263,0.522,0.223,0,0.25,Saturday,2024,0
UK,GBP,EUR,mobile,34.53,43.16,1.24,1.157407,FALSE,standard,4,0.892,0.407,0,0.05,Sunday,2024,0
CA,CAD,MXN,mobile,192.06,142.13,3.55,12.758621,FALSE,standard,947,0.625,0.268,0,0,Sunday,2024,0
US,USD,NGN,mobile,23.12,23.12,0.73,1111.111111,FALSE,standard,147,0.401,0.391,0,0.25,Sunday,2024,0
US,USD,EUR,mobile,115.08,115.08,2.45,0.925926,FALSE,standard,1016,0.944,0.247,1,0,Sunday,2024,0
US,USD,GBP,mobile,565.59,565.59,9.31,0.8,FALSE,enhanced,367,0.939,0.176,0,0,Sunday,2024,0
US,USD,PHP,web,375.38,375.38,7.77,58.823529,TRUE,standard,1016,0.944,0.247,0,0.1,Sunday,2024,0
US,USD,EUR,web,232.78,232.78,4.74,0.925926,FALSE,standard,263,0.522,0.223,0,0,Monday,2024,0
US,USD,PHP,web,31.74,31.74,1.97,58.823529,FALSE,standard,298,0.336,0.166,0,0.1,Monday,2024,0
US,USD,INR,web,295.72,295.72,5.27,83.333333,FALSE,enhanced,367,0.939,0.176,0,0,Monday,2024,0
US,USD,INR,mobile,82.25,82.25,3,83.333333,FALSE,standard,147,0.551,0.391,0,0,Monday,2024,0
US,USD,INR,web,158.42,158.42,4.44,83.333333,FALSE,standard,298,0.336,0.166,1,0,Monday,2024,0
UK,GBP,CAD,mobile,184.26,230.33,3.83,1.689189,FALSE,standard,4,0.892,0.407,0,0,Monday,2024,0
US,USD,GBP,web,151.3,151.3,3.84,0.8,FALSE,standard,298,0.336,0.166,0,0,Monday,2024,0
unknown,USD,NGN,MOBILE,80.17,80.17,2.24,1111.111111,FALSE,standard,1018,0.784,0.087,0,0.25,Tuesday,2024,0
UK,GBP,CNY,web,313.37,391.71,6.02,8.928571,FALSE,standard,4,0.892,0.407,0,0,Tuesday,2024,0
US,USD,PHP,mobile,211.73,211.73,4.14,58.823529,FALSE,standard,1018,0.934,0.087,0,0.1,Tuesday,2024,0
US,USD,CNY,mobile,119.31,119.31,3.15,7.142857,FALSE,enhanced,367,0.939,0.176,0,0,Tuesday,2024,0
US,USD,NGN,ATM,99.38,99.38,1.9,1111.111111,FALSE,enhanced,367,0.939,0.176,0,0.25,Tuesday,2024,0
UK,GBP,CNY,ATM,810.15,1012.68,13.2,8.928571,FALSE,standard,4,0.892,0.407,0,0,Tuesday,2024,0
US,USD,GBP,mobile,205.47,205.47,4.05,0.8,TRUE,standard,298,0.336,0.166,0,0,Tuesday,2024,0
UK,GBP,MXN,web,192.98,241.23,-1,21.551724,TRUE,standard,4,-0.1,0.407,0,0,Tuesday,2024,0
UK,GBP,INR,web,46.24,57.79,1.67,104.166667,FALSE,standard,4,0.892,0.407,0,0,Wednesday,2024,0
US,USD,MXN,ATM,161.57,161.57,4.06,17.241379,FALSE,standard,147,0.551,0.391,0,0.2,Friday,2024,0
US,USD,MXN,web,192.07,192.07,4.01,17.241379,FALSE,standard,147,0.551,0.391,0,0.2,Wednesday,2024,0
CA,CAD,CNY,web,91.22,67.5,2.05,5.285714,FALSE,low,615,0.515,0.355,0,0,Wednesday,2024,0
US,USD,CAD,mobile,173.26,173.26,3.23,1.351351,FALSE,standard,298,0.336,0.166,0,0,Wednesday,2024,0
US,USD,USD,mobile,59.95,59.95,1.64,1,FALSE,standard,1018,0.934,0.087,0,0,Wednesday,2024,0
UK,GBP,NGN,mobile,246.24,307.81,4.09,1388.888889,FALSE,standard,102,0.655,0.394,0,0.22,Wednesday,2024,0
CA,CAD,GBP,ATM,111.15,82.25,3.32,0.592,FALSE,low,824,0.607,0.282,0,0,Wednesday,2024,0
US,USD,CNY,mobile,395.88,395.88,6.9,7.142857,FALSE,standard,263,0.522,0.223,0,0,Thursday,2024,0
UK,GBP,EUR,mobile,564.21,705.27,9.11,1.157407,FALSE,standard,4,0.892,0.407,0,0.05,Thursday,2024,0
US,USD,GBP,mobile,49.69,49.69,2.44,0.8,FALSE,standard,263,0.522,0.223,0,0,Thursday,2024,1
US,USD,MXN,mobile,67.39,67.39,2.59,17.241379,FALSE,enhanced,257,0.894,0.257,0,0.2,Thursday,2024,0
US,USD,GBP,mobile,51.26,51.26,1.55,0.8,FALSE,enhanced,661,0.92,0.259,0,0,Thursday,2024,0
CA,CAD,CNY,web,121.91,90.21,2.9,5.285714,FALSE,standard,947,0.625,0.268,0,0,Friday,2024,0
US,USD,EUR,web,117.71,117.71,2.81,0.925926,FALSE,standard,147,0.551,0.391,0,0,Friday,2024,0
UK,GBP,NGN,mobile,110.44,138.05,3.25,1388.888889,FALSE,standard,4,0.892,0.407,0,0.22,Friday,2024,0
US,USD,CAD,mobile,110.3,110.3,3.48,1.351351,FALSE,enhanced,661,0.92,0.259,0,0,Friday,2024,0
CA,CAD,CAD,mobile,143.98,106.55,3.61,1,FALSE,standard,947,0.625,0.268,8,0,Friday,2024,0
CA,CAD,CAD,mobile,215,159.1,4.17,1,FALSE,standard,947,0.625,0.268,3,0,Friday,2024,0
US,USD,GBP,web,20.03,20.03,1.37,0.8,FALSE,enhanced,661,0.92,0.259,0,0,Saturday,2024,0
US,USD,CNY,web,62.89,62.89,1.75,7.142857,FALSE,standard,298,0.336,0.166,0,0,Friday,2024,0
CA,CAD,GBP,mobile,389.25,288.04,6.76,0.592,FALSE,low,615,0.515,0.355,0,0,Friday,2024,0
CA,CAD,GBP,web,104.28,77.17,2.14,0.592,FALSE,standard,172,0.881,0.199,0,0,Friday,2024,0
US,USD,PHP,mobile,108.77,108.77,2.6,58.823529,FALSE,enhanced,367,0.789,0.176,0,0.1,Friday,2024,0
US,USD,CNY,mobile,400.91,400.91,7.19,7.142857,FALSE,standard,1018,0.934,0.087,0,0,Saturday,2024,0
US,USD,EUR,ATM,240.45,240.45,4.38,0.925926,FALSE,enhanced,367,0.939,0.176,0,0,Saturday,2024,0
US,USD,GBP,web,174.55,174.55,3.44,0.8,FALSE,standard,1018,0.934,0.087,1,0,Saturday,2024,0
US,USD,PHP,mobile,75.37,75.37,2.04,58.823529,FALSE,standard,263,0.372,0.223,0,0.1,Saturday,2024,0
US,USD,MXN,mobile,163.74,163.74,3.14,17.241379,FALSE,enhanced,257,0.894,0.257,0,0.2,Saturday,2024,0
UK,GBP,USD,mobile,44.74,55.92,2.47,1.25,FALSE,standard,4,0.892,0.407,1,0,Saturday,2024,0
US,USD,EUR,web,35.82,35.82,2.09,0.925926,FALSE,standard,1016,0.944,0.247,0,0,Saturday,2024,0
US,USD,CNY,mobile,92.78,92.78,2.65,7.142857,FALSE,standard,298,0.336,0.166,0,0,Saturday,2024,0
US,USD,CNY,mobile,272.08,272.08,4.81,7.142857,FALSE,standard,1016,0.944,0.247,0,0,Saturday,2024,0
US,USD,NGN,web,63.5,63.5,2.14,1111.111111,FALSE,standard,147,0.551,0.391,0,0.25,Sunday,2024,0
US,USD,EUR,ATM,111.74,111.74,3.65,0.925926,FALSE,enhanced,257,0.894,0.257,0,0,Sunday,2024,0
US,USD,NGN,mobile,193.25,193.25,4.7,1111.111111,FALSE,standard,263,0.522,0.223,0,0.25,Sunday,2024,0
US,USD,GBP,mobile,103.45,103.45,1.23,0.8,FALSE,standard,263,0.522,0.223,0,0,Sunday,2024,0
US,USD,EUR,mobile,281.07,281.07,4.53,0.925926,FALSE,low,113,0.494,0.042,0,0,Sunday,2024,0
CA,CAD,MXN,mobile,63.65,47.1,1.56,12.758621,FALSE,low,615,0.515,0.355,0,0,Sunday,2024,0
CA,CAD,GBP,mobile,158.31,410.97,110.92,0.592,FALSE,unknown,1041,0.68,0.245,0,0,Monday,2024,0
US,USD,GBP,mobille,128.7,128.7,2.78,0.8,FALSE,standard,298,0.336,0.166,0,0,Monday,2024,0
US,USD,PHP,mobile,192.48,192.48,3.55,58.823529,FALSE,enhanced,257,0.894,0.257,1,0.1,Monday,2024,0
CA,CAD,CAD,mobile,66.6,49.28,2.49,1,FALSE,low,615,0.515,0.355,0,0,Monday,2024,0
US,USD,INR,web,106.51,106.51,3.75,83.333333,TRUE,enhanced,257,0.894,0.257,0,0,Monday,2024,0
UK,GBP,MXN,web,53.2,66.5,1.66,21.551724,FALSE,standard,4,0.892,0.407,0,0,Monday,2024,0
US,USD,EUR,ATm,128.12,128.12,3.4,0.925926,FALSE,standard,1018,0.934,0.087,0,0,Monday,2024,0
US,USD,NGN,web,90.97,410.97,110.92,1111.111111,FALSE,unknown,859,0.68,0.363,0,0.25,Monday,2024,0
CA,CAD,GBP,mobile,725.31,536.73,12.34,0.592,FALSE,low,824,0.607,0.282,0,0,Tuesday,2024,0
CA,CAD,USD,mobile,158.67,117.42,3.88,0.74,FALSE,standard,947,0.625,0.268,0,0,Tuesday,2024,0
US,USD,INR,mobile,216.93,216.93,4.24,83.333333,FALSE,standard,147,0.401,0.391,0,0,Tuesday,2024,0
US,USD,CNY,web,135.8,135.8,2.46,7.142857,FALSE,standard,1018,0.934,0.087,8,0,Tuesday,2024,0
CA,CAD,MXN,mobile,742.35,549.34,12.9,12.758621,FALSE,standard,172,0.881,0.199,0,0,Tuesday,2024,0
US,USD,INR,mobile,233.01,233.01,4.48,83.333333,FALSE,enhanced,367,0.939,0.176,0,0,Tuesday,2024,0
US,USD,CNY,web,194.95,194.95,4.28,7.142857,FALSE,standard,298,0.336,0.166,0,0,Tuesday,2024,0
US,USD,NGN,mobile,274.28,274.28,4.67,1111.111111,FALSE,enhanced,257,0.894,0.257,0,0.25,Tuesday,2024,0
US,USD,CAD,mobile,90.72,90.72,2.21,1.351351,FALSE,standard,263,0.522,0.223,0,0,Tuesday,2024,0
US,USD,NGN,mobile,155.36,155.36,2.74,1111.111111,TRUE,standard,298,0.336,0.166,0,0.25,Tuesday,2024,0
US,USD,CAD,web,84.22,84.22,2,1.351351,TRUE,enhanced,257,0.894,0.257,1,0,Tuesday,2024,0
US,USD,GBP,web,194.24,194.24,4.64,0.8,FALSE,standard,147,0.551,0.391,0,0,Tuesday,2024,0
US,USD,NGN,mobile,56.39,56.39,0.92,1111.111111,FALSE,standard,147,0.551,0.391,0,0.25,Tuesday,2024,0
US,USD,EUR,mobile,201.49,201.49,3.94,0.925926,FALSE,enhanced,661,0.92,0.259,0,0,Tuesday,2024,0
US,USD,INR,web,631.48,631.48,9.85,83.333333,FALSE,standard,147,0.551,0.391,0,0,Wednesday,2024,0
CA,CAD,EUR,web,288.6,213.56,4.98,0.685185,TRUE,low,615,0.515,0.355,0,0,Wednesday,2024,0
US,USD,CNY,mobile,308.64,308.64,6.58,7.142857,FALSE,enhanced,367,0.939,0.176,0,0,Wednesday,2024,0
UK,GBP,EUR,mobile,103.85,129.81,3.27,1.157407,FALSE,standard,4,0.892,0.407,0,0.05,Wednesday,2024,0
US,USD,INR,web,72.1,72.1,1.57,83.333333,FALSE,standard,1018,0.934,0.087,0,0,Wednesday,2024,0
UK,GBP,PHP,web,280.61,350.76,5.73,73.529412,FALSE,standard,4,0.892,0.407,0,0,Wednesday,2024,0
US,USD,INR,mobile,143.5,143.5,4,83.333333,TRUE,standard,830,0.799,0.102,0,0,Wednesday,2024,0
US,USD,INR,web,9996.36,9996.36,151.85,83.333333,FALSE,standard,298,0.336,0.166,0,0,Wednesday,2024,0
US,USD,PHP,mobile,349.92,349.92,6.31,58.823529,TRUE,standard,1018,0.784,0.087,1,0.1,Thursday,2024,0
US,USD,CAD,mobile,150.95,150.95,3.62,1.351351,FALSE,standard,298,0.336,0.166,0,0,Thursday,2024,0
US,USD,INR,mobile,72.42,72.42,3.2,83.333333,FALSE,standard,147,0.401,0.391,0,0,Thursday,2024,0
US,USD,NGN,mobile,80.5,80.5,2.31,1111.111111,FALSE,standard,263,0.522,0.223,0,0.25,Thursday,2024,0
US,USD,EUR,mobile,78.68,78.68,2.89,0.925926,FALSE,standard,298,0.336,0.166,0,0,Saturday,2025,0
UK,GBP,NGN,mobile,123.65,154.56,1.85,1388.888889,FALSE,standard,4,0.892,0.407,0,0.22,Thursday,2024,0
CA,CAD,MXN,mobile,91.35,67.6,2.51,12.758621,FALSE,standard,272,0.792,0.048,0,0,Thursday,2024,0
CA,CAD,CNY,ATM,87.28,64.59,1.87,5.285714,FALSE,standard,947,0.625,0.268,2,0,Thursday,2024,0
US,USD,CNY,mobile,73.19,73.19,1.89,7.142857,FALSE,standard,263,0.522,0.223,0,0,Friday,2024,0
US,USD,GBP,web,33.87,33.87,1.6,0.8,FALSE,standard,263,0.522,0.223,0,0,Friday,2024,0
CA,CAD,GBP,mobile,385.92,285.58,6.85,0.592,FALSE,standard,1041,0.867,0.245,0,0,Friday,2024,0
UK,GBP,CNY,web,140.51,175.64,1.83,8.928571,FALSE,low,454,0.71,0.238,0,0,Friday,2024,0
US,USD,INR,mobile,509.14,509.14,8.1,83.333333,TRUE,standard,147,0.551,0.391,0,0,Friday,2024,0
US,USD,NGN,mobile,47.77,47.77,1.78,1111.111111,FALSE,standard,298,0.336,0.166,0,0.25,Friday,2024,0
US,USD,GBP,mobile,177.28,177.28,4.19,0.8,FALSE,standard,1018,0.934,0.087,0,0,Friday,2024,0
US,USD,CNY,web,58.05,58.05,1.66,7.142857,FALSE,standard,263,0.522,0.223,0,0,Friday,2024,0
US,USD,INR,mobile,395.58,395.58,6.71,83.333333,FALSE,standard,1018,0.934,0.087,0,0,Friday,2024,0
US,USD,PHP,mobile,392.06,392.06,5.93,58.823529,FALSE,standard,263,0.522,0.223,0,0.1,Friday,2024,0
US,USD,GBP,mobile,813.36,813.36,13.04,0.8,FALSE,enhanced,257,0.744,0.257,0,0,Friday,2024,0
US,USD,NGN,mobile,60,60,2.29,1111.111111,FALSE,standard,298,0.336,0.166,0,0.25,Friday,2024,0
US,USD,EUR,mobile,161.38,161.38,2.81,0.925926,FALSE,standard,263,0.522,0.223,0,0,Saturday,2024,0
CA,CAD,EUR,mobile,303.57,224.64,5.37,0.685185,FALSE,standard,947,0.625,0.268,0,0,Saturday,2024,0
CA,CAD,CAD,mobile,124.49,92.13,2.83,1,FALSE,low,824,0.607,0.282,0,0,Saturday,2024,0
US,USD,USD,mobile,117.52,117.52,2.59,1,FALSE,standard,34,0.427,0.068,0,0,Saturday,2024,0
UK,GBP,CAD,web,151.61,189.51,4.14,1.689189,FALSE,standard,4,0.892,0.407,2,0,Saturday,2024,0
UK,GBP,USD,mobile,541.35,676.69,9.1,1.25,TRUE,standard,4,0.892,0.407,0,0,Saturday,2024,0
CA,CAD,PHP,mobile,696.9,515.71,11.45,43.529412,FALSE,standard,1035,0.497,0.236,1,0,Saturday,2024,0
 US  ,USD,CAD,mobille,42.66,42.66,1.74,1.351351,FALSE,standard,263,0.522,0.223,0,0,Saturday,2024,0
US,USD,INR,ATM,73.22,73.22,2.04,83.333333,TRUE,standard,263,0.522,0.223,0,0,Saturday,2024,0
CA,CAD,GBP,mobile,102.92,76.16,2.9,0.592,FALSE,standard,947,0.625,0.268,0,0,Saturday,2024,0
US,USD,MXN,mobile,99.92,99.92,-1,17.241379,FALSE,standard,298,-0.1,0.166,0,0.2,Saturday,2024,0
UK,GBP,EUR,mobile,70.3,87.87,2.52,1.157407,FALSE,low,969,0.398,0.365,0,0.05,Saturday,2024,0
US,USD,USD,mobile,254.62,254.62,4.54,1,FALSE,enhanced,367,0.939,0.176,0,0,Saturday,2024,0
US,USD,GBP,ATM,124.94,124.94,1.8,0.8,FALSE,standard,263,0.372,0.223,1,0,Sunday,2024,0
CA,CAD,CAD,web,393.68,291.32,6.88,1,FALSE,standard,172,0.881,0.199,1,0,Sunday,2024,0
UK,GBP,CNY,web,226.29,282.87,4.32,8.928571,FALSE,standard,4,0.892,0.407,0,0,Sunday,2024,0
CA,CAD,EUR,mobile,104.03,76.98,2.38,0.685185,FALSE,standard,947,0.625,0.268,0,0,Sunday,2024,0
US,USD,CAD,web,67.39,67.39,1.95,1.351351,FALSE,standard,1018,0.934,0.087,0,0,Sunday,2024,0
US,USD,EUR,mobile,484.49,484.49,9.12,0.925926,FALSE,standard,1016,0.944,0.247,1,0,Sunday,2024,0
US,USD,GBP,ATM,76.62,76.62,2.42,0.8,FALSE,standard,859,0.96,0.363,0,0,Sunday,2024,0
US,USD,CNY,mobile,313.06,313.06,5.75,7.142857,FALSE,standard,263,0.522,0.223,0,0,Sunday,2024,0
US,USD,MXN,web,66.67,66.67,1.57,17.241379,FALSE,standard,263,0.522,0.223,0,0.2,Sunday,2024,0
UK,GBP,GBP,mobile,130.79,163.49,2.12,1,FALSE,standard,684,0.833,0.241,0,0,Monday,2024,0
US,USD,CAD,mobile,209.41,209.41,3.92,1.351351,FALSE,standard,263,0.522,0.223,0,0,Monday,2024,0
UK,GBP,USD,mobile,574.25,717.82,9.23,1.25,FALSE,standard,4,0.892,0.407,0,0,Monday,2024,0
US,USD,INR,web,68.12,68.12,2.47,83.333333,FALSE,enhanced,367,0.789,0.176,0,0,Monday,2024,0
US,USD,GBP,mobile,122.18,122.18,3.11,0.8,FALSE,standard,1018,0.934,0.087,0,0,Monday,2024,0
US,USD,CAD,web,322.38,322.38,6.11,1.351351,FALSE,enhanced,257,0.894,0.257,0,0,Monday,2024,0
US,USD,GBP,mobile,137.8,137.8,2.96,0.8,FALSE,standard,263,0.372,0.223,0,0,Monday,2024,0
US,USD,INR,mobile,109.3,109.3,1.92,83.333333,FALSE,standard,147,0.551,0.391,0,0,Tuesday,2024,0
CA,CAD,CNY,web,351.25,259.92,6.3,5.285714,FALSE,standard,947,0.625,0.268,0,0,Tuesday,2024,0
US,USD,CNY,web,173.56,173.56,4.4,7.142857,FALSE,standard,34,0.427,0.068,0,0,Tuesday,2024,0
US,USD,CAD,web,485.83,485.83,8.36,1.351351,FALSE,standard,1018,0.934,0.087,0,0,Tuesday,2024,0
US,USD,MXN,mobile,581.39,581.39,9.3,17.241379,TRUE,standard,1018,0.934,0.087,0,0.2,Tuesday,2024,0
US,USD,NGN,mobile,45.4,410.97,110.92,1111.111111,FALSE,unknown,298,0.68,0.166,1,0.25,Tuesday,2024,0
US,USD,GBP,ATM,82.16,82.16,1.96,0.8,FALSE,standard,298,0.336,0.166,0,0,Tuesday,2024,0
US,USD,PHP,mobile,59.68,59.68,1.79,58.823529,FALSE,standard,147,0.401,0.391,0,0.1,Tuesday,2024,0
US,USD,MXN,web,150.4,150.4,4.18,17.241379,TRUE,standard,263,0.522,0.223,0,0.2,Wednesday,2024,0
US,USD,MXN,mobile,117.76,117.76,3.38,17.241379,FALSE,low,954,0.426,0.332,1,0.2,Wednesday,2024,1
US,USD,PHP,web,109.07,109.07,3.13,58.823529,FALSE,standard,859,0.96,0.363,0,0.1,Wednesday,2024,0
UK,GBP,INR,mobile,142.74,178.42,2.8,104.166667,FALSE,standard,4,0.892,0.407,0,0,Wednesday,2024,0
UK,GBP,INR,mobile,83.26,104.07,2.69,104.166667,FALSE,standard,718,0.953,0.169,0,0,Wednesday,2024,0
CA,CAD,NGN,mobile,147.15,410.97,110.92,822.222222,FALSE,unknown,947,0.68,0.268,0,0,Wednesday,2024,0
US,USD,CNY,web,163.17,163.17,2.61,7.142857,FALSE,standard,147,0.551,0.391,0,0,Wednesday,2024,0
CA,CAD,PHP,mobile,141.03,104.36,3.45,43.529412,FALSE,standard,1041,0.867,0.245,0,0,Wednesday,2024,0
UK,GBP,NGN,mobile,220.93,276.16,3.61,1388.888889,FALSE,standard,4,0.892,0.407,0,0.22,Wednesday,2024,0
US,USD,MXN,web,192.92,192.92,3.57,17.241379,FALSE,standard,298,0.336,0.166,0,0.2,Thursday,2024,0
CA,CAD,PHP,mobile,47.96,35.49,1.41,43.529412,FALSE,low,615,0.515,0.355,0,0,Thursday,2024,0
US,USD,NGN,mobile,43.67,43.67,1.08,1111.111111,FALSE,enhanced,661,0.92,0.259,0,0.25,Thursday,2024,0
US,USD,USD,mobile,1068.99,1068.99,16.51,1,FALSE,standard,830,0.799,0.102,0,0,Thursday,2024,0
CA,CAD,INR,mobile,435.5,322.27,7.22,61.666667,FALSE,standard,172,0.881,0.199,0,0.12,Thursday,2024,0
US,USD,CAD,mobile,458.51,458.51,7.43,1.351351,FALSE,low,616,0.702,0.361,0,0,Thursday,2024,0
UK,GBP,PHP,web,53.15,66.44,1.27,73.529412,FALSE,standard,4,0.892,0.407,0,0,Thursday,2024,0
US,USD,CAD,mobile,311.31,311.31,6.06,1.351351,FALSE,enhanced,367,0.939,0.176,0,0,Thursday,2024,0
US,USD,EUR,ATM,103.81,103.81,1.89,0.925926,FALSE,standard,147,0.551,0.391,0,0,Friday,2024,0
UK,GBP,CNY,mobile,293.11,366.39,5.34,8.928571,FALSE,standard,4,0.892,0.407,0,0,Friday,2024,1
US,USD,USD,mobile,119.25,119.25,2.92,1,FALSE,standard,298,0.186,0.166,0,0,Friday,2024,0
US,USD,INR,mobile,111.97,111.97,2.41,83.333333,FALSE,standard,263,0.522,0.223,0,0,Friday,2024,0
US,USD,CAD,mobile,141.11,141.11,2.1,1.351351,FALSE,standard,1058,0.923,0.139,0,0,Friday,2024,0
US,USD,EUR,mobile,264.1,264.1,5.08,0.925926,FALSE,low,616,0.702,0.361,0,0,Friday,2024,0
CA,CAD,INR,mobile,145.34,107.55,2.25,61.666667,TRUE,standard,947,0.625,0.268,1,0.12,Saturday,2024,0
US,USD,CAD,web,107.78,107.78,2.71,1.351351,FALSE,standard,1018,0.934,0.087,1,0,Saturday,2024,0
US,USD,INR,web,568.03,568.03,8.52,83.333333,TRUE,standard,298,0.336,0.166,0,0,Saturday,2024,0
US,USD,GBP,mobile,297.6,297.6,5.46,0.8,FALSE,standard,298,0.336,0.166,0,0,Saturday,2024,0
US,USD,USD,mobile,125.45,125.45,3.01,1,FALSE,enhanced,367,0.939,0.176,1,0,Saturday,2024,0
UK,GBP,PHP,ATM,692.15,865.19,11.91,73.529412,FALSE,standard,718,0.953,0.169,0,0,Saturday,2024,0
US,USD,PHP,web,256.79,256.79,4.77,58.823529,FALSE,standard,1018,0.934,0.087,0,0.1,Saturday,2024,0
US,USD,PHP,mobile,623.19,623.19,10.25,58.823529,FALSE,enhanced,257,0.894,0.257,0,0.1,Saturday,2024,0
US,USD,GBP,ATM,202.03,202.03,4.75,0.8,FALSE,standard,263,0.522,0.223,0,0,Saturday,2024,0
US,USD,MXN,mobile,319.46,410.97,110.92,17.241379,FALSE,unknown,263,0.68,0.223,0,0.2,Saturday,2024,0
US,USD,GBP,mobile,7.23,7.23,0.93,0.8,FALSE,standard,1018,0.934,0.087,0,0,Saturday,2024,0
CA,CAD,USD,web,700.23,518.17,11.73,0.74,FALSE,standard,725,0.824,0.212,0,0,Sunday,2024,0
US,USD,GBP,mobile,158.02,410.97,110.92,0.8,TRUE,unknown,147,0.68,0.391,0,0,Sunday,2024,0
US,USD,MXN,mobile,82.11,82.11,1.95,17.241379,FALSE,standard,1018,0.934,0.087,0,0.2,Sunday,2024,0
US,USD,NGN,mobile,89.49,89.49,2,1111.111111,FALSE,standard,147,0.551,0.391,1,0.25,Sunday,2024,0
US,USD,CAD,web,42.94,42.94,1.54,1.351351,FALSE,enhanced,367,0.939,0.176,1,0,Sunday,2024,0
US,USD,USD,mobile,299.64,299.64,5.73,1,FALSE,standard,587,0.906,0.224,5,0,Sunday,2024,0
US,USD,CNY,web,108.82,108.82,2.97,7.142857,FALSE,standard,263,0.522,0.223,0,0,Sunday,2024,0
US,USD,NGN,ATM,16.54,16.54,0.5,1111.111111,FALSE,enhanced,367,0.939,0.176,0,0.25,Sunday,2024,0
US,USD,PHP,mobile,116.99,116.99,1.9,58.823529,FALSE,enhanced,257,0.894,0.257,0,0.1,Sunday,2024,0
US,USD,USD,mobile,174.25,174.25,3.77,1,FALSE,enhanced,257,0.894,0.257,0,0,Sunday,2024,0
US,USD,GBP,web,92.66,92.66,2.21,0.8,FALSE,standard,1018,0.934,0.087,1,0,Monday,2024,0
CA,CAD,EUR,web,1300.4,962.29,20.2,0.685185,FALSE,standard,947,0.625,0.268,1,0,Monday,2024,1
US,USD,CNY,ATM,71.7,71.7,3.04,7.142857,FALSE,enhanced,367,0.939,0.176,0,0,Monday,2024,0
US,USD,USD,web,340.96,340.96,5.29,1,FALSE,enhanced,257,0.894,0.257,0,0,Monday,2024,0
US,USD,GBP,mobile,109.75,109.75,3.17,0.8,FALSE,standard,298,0.336,0.166,0,0,Monday,2024,0
US,USD,CAD,mobile,23.13,23.13,1.11,1.351351,FALSE,standard,298,0.336,0.166,0,0,Monday,2024,0
CA,CAD,CNY,web,402.15,297.59,6.34,5.285714,FALSE,low,824,0.607,0.282,1,0,Monday,2024,0
UK,GBP,CAD,web,340.13,425.16,6.38,1.689189,FALSE,standard,684,0.683,0.241,0,0,Monday,2024,0
US,USD,GBP,mobile,459.69,459.69,8.01,0.8,TRUE,low,616,0.702,0.361,0,0,Monday,2024,0
CA,CAD,CAD,ATM,302.11,223.56,4.94,1,FALSE,standard,1041,0.867,0.245,0,0,Monday,2024,0
US,USD,USD, web  ,68.84,68.84,1.95,1,FALSE,enhanced,257,0.894,0.257,0,0,Monday,2024,0
US,USD,EUR,mobile,236.01,236.01,4.41,0.925926,FALSE,enhanced,367,0.939,0.176,0,0,Monday,2024,0
US,USD,GBP,ATM,142.52,142.52,2.03,0.8,FALSE,standard,263,0.522,0.223,0,0,Monday,2024,0
US,USD,EUR,mobile,51.52,51.52,1.22,0.925926,FALSE,standard,1016,0.944,0.247,0,0,Tuesday,2024,0
US,USD,INR,mobile,415.38,415.38,6.95,83.333333,FALSE,standard,147,0.551,0.391,0,0,Tuesday,2024,0
US,USD,EUR,mobile,219.5,219.5,4.1,0.925926,FALSE,standard,263,0.522,0.223,1,0,Tuesday,2024,0
US,USD,CAD,mobile,155.47,155.47,3.39,1.351351,FALSE,enhanced,367,0.939,0.176,0,0,Tuesday,2024,0
CA,CAD,CNY,WEB,60.23,44.57,2.13,5.285714,FALSE,standard,947,0.625,0.268,1,0,Tuesday,2024,0
US,USD,GBP,web,117.24,117.24,2.65,0.8,FALSE,standard,1018,0.934,0.087,0,0,Tuesday,2024,0
US,USD,NGN,web,219.97,219.97,4.21,1111.111111,FALSE,enhanced,257,0.894,0.257,0,0.25,Tuesday,2024,0
US,USD,EUR,mobile,101.22,101.22,2.14,0.925926,FALSE,enhanced,257,0.894,0.257,0,0,Tuesday,2024,0
UK,GBP,CAD,mobile,98.46,123.08,2.49,1.689189,FALSE,standard,4,0.892,0.407,1,0,-1,0,0
US,USD,CNY,mobile,57.8,57.8,1.54,7.142857,FALSE,standard,1018,0.934,0.087,0,0,Tuesday,2024,0
US,USD,PHP,mobile,363.5,363.5,6.84,58.823529,FALSE,standard,298,0.336,0.166,0,0.1,Wednesday,2024,0
US,USD,CAD,web,134.41,134.41,2.79,1.351351,FALSE,standard,34,0.427,0.068,0,0,Wednesday,2024,0
CA,CAD,INR,mobile,63.02,46.63,1.93,61.666667,FALSE,low,824,0.607,0.282,0,0.12,Wednesday,2024,0
US,USD,CAD,mobile,93.03,93.03,3.51,1.351351,FALSE,enhanced,367,0.939,0.176,0,0,Wednesday,2024,0
US,USD,NGN,mobile,234.26,234.26,5.11,1111.111111,FALSE,enhanced,257,0.894,0.257,0,0.25,Wednesday,2024,0
UK,GBP,CAD,mobile,210.91,263.64,4.63,1.689189,FALSE,standard,4,0.892,0.407,6,0,Wednesday,2024,0
CA,CAD,GBP,mobile,131.06,96.98,2.98,0.592,FALSE,low,615,0.515,0.355,0,0,Thursday,2024,0
UK,GBP,EUR,mobile,63.06,78.82,1.87,1.157407,TRUE,standard,4,0.892,0.407,0,0.05,Thursday,2024,0
US,USD,INR,web,184.44,184.44,3.49,83.333333,FALSE,standard,263,0.522,0.223,0,0,Thursday,2024,0
US,USD,INR,mobile,283.53,283.53,5.21,83.333333,FALSE,standard,298,0.336,0.166,0,0,Thursday,2024,0
CA,CAD,EUR,ATM,115.29,85.32,2.4,0.685185,FALSE,standard,947,0.625,0.268,0,0,Thursday,2024,0
UK,GBP,PHP,mobile,151.95,189.94,3.74,73.529412,FALSE,standard,4,0.892,0.407,0,0,Thursday,2024,0
US,USD,EUR,mobile,204.08,204.08,4.7,0.925926,FALSE,standard,298,0.336,0.166,0,0,Thursday,2024,0
UK,GBP,EUR,mobile,752.58,940.73,11.75,1.157407,FALSE,standard,4,0.892,0.407,0,0.05,Thursday,2024,0
US,USD,INR,mobile,250.19,250.19,4.54,83.333333,FALSE,enhanced,257,0.894,0.257,0,0,Tuesday,2024,0
 US  ,USD,EUR, mobile  ,160.15,160.15,3.99,0.925926,FALSE,enhanced,367,0.939,0.176,0,0,Thursday,2024,0
US,USD,GBP,ATM,120.85,120.85,3.09,0.8,FALSE,standard,263,0.372,0.223,0,0,Thursday,2024,0
US,USD,MXN,mobile,249.84,249.84,3.87,17.241379,FALSE,standard,147,0.551,0.391,0,0.2,Friday,2024,0
US,USD,USD,mobile,174.98,174.98,3.71,1,FALSE,enhanced,367,0.939,0.176,8,0,Friday,2024,0
US,USD,GBP,web,265.46,265.46,4.87,0.8,FALSE,standard,1016,0.944,0.247,1,0,Friday,2024,0
US,USD,CNY,mobile,52.11,52.11,1.07,7.142857,FALSE,standard,263,0.522,0.223,0,0,Friday,2024,0
UK,GBP,INR,web,380.07,475.08,7.2,104.166667,FALSE,standard,4,0.892,0.407,1,0,Friday,2024,0
US,USD,CNY,web,157.21,157.21,2.77,7.142857,FALSE,standard,298,0.336,0.166,0,0,Friday,2024,0
US,USD,CNY,web,209.18,209.18,4.34,7.142857,FALSE,standard,34,0.427,0.068,0,0,Friday,2024,0
US,USD,CNY,mobile,51.82,51.82,1.14,7.142857,FALSE,standard,147,0.551,0.391,0,0,Friday,2024,0
UK,GBP,PHP,mobile,268.76,335.95,4.44,73.529412,FALSE,standard,4,0.892,0.407,0,0,Friday,2024,0
US,USD,CNY,web,55.5,55.5,1.2,7.142857,FALSE,standard,147,0.551,0.391,0,0,Saturday,2024,0
CA,CAD,INR,web,9994.4,7395.86,151.58,61.666667,FALSE,standard,172,0.881,0.199,0,0.12,Saturday,2024,0
UK,GBP,NGN,web,308.93,386.16,5.53,1388.888889,FALSE,standard,4,0.892,0.407,0,0.22,Saturday,2024,0
US,USD,GBP,mobile,223.97,223.97,4.11,0.8,FALSE,standard,298,0.336,0.166,0,0,Saturday,2024,1
US,USD,MXN,mobile,42.45,42.45,1,17.241379,FALSE,standard,830,0.799,0.102,0,0.2,Saturday,2024,0
US,USD,CNY,web,45.26,45.26,2.05,7.142857,FALSE,standard,1018,0.934,0.087,0,0,Saturday,2024,0
UK,GBP,EUR,mobile,56.83,71.04,1.6,1.157407,FALSE,standard,4,0.892,0.407,0,0.05,Saturday,2024,0
US,USD,CAD,WEB,99.76,99.76,3.11,1.351351,FALSE,standard,263,0.522,0.223,0,0,Saturday,2024,0
US,USD,EUR,mobile,111.07,111.07,2.84,0.925926,FALSE,standard,263,0.522,0.223,0,0,Saturday,2024,0
US,USD,NGN,mobile,128.76,128.76,3.52,1111.111111,FALSE,standard,147,0.551,0.391,0,0.25,Saturday,2024,0
US,USD,MXN,mobile,278.7,278.7,4.43,17.241379,FALSE,standard,263,0.522,0.223,0,0.2,Saturday,2024,0
CA,CAD,CAD,web,136.28,100.85,3.15,1,FALSE,standard,272,0.792,0.048,0,0,Sunday,2024,0
US,USD,USD,mobile,149.72,149.72,3.26,1,FALSE,enhanced,257,0.894,0.257,0,0,Sunday,2024,0
UK,GBP,CAD,mobile,249.57,311.97,3.95,1.689189,FALSE,standard,4,0.892,0.407,0,0,Sunday,2024,0
UK,GBP,GBP,web,133.14,166.43,3.25,1,FALSE,standard,4,0.892,0.407,0,0,Sunday,2024,0
US,USD,CNY,web,236.04,236.04,4.63,7.142857,FALSE,standard,298,0.336,0.166,0,0,Sunday,2024,0
UK,GBP,MXN,web,11.05,13.81,1.52,21.551724,FALSE,standard,4,0.892,0.407,0,0,Sunday,2024,0
UK,GBP,INR,web,140.01,175.01,3.53,104.166667,FALSE,standard,4,0.892,0.407,0,0,Monday,2024,0
US,USD,CNY,mobile,77.19,77.19,2.3,7.142857,FALSE,standard,298,0.336,0.166,0,0,Monday,2024,0
US,USD,NGN,mobile,54.74,54.74,2.44,1111.111111,FALSE,enhanced,367,0.939,0.176,0,0.25,Monday,2024,0
US,USD,EUR,web,32.72,32.72,2.32,0.925926,FALSE,standard,298,0.186,0.166,0,0,Monday,2024,0
CA,CAD,CAD,mobile,280.92,207.88,5.64,1,FALSE,low,824,0.607,0.282,0,0,Monday,2024,0
US,USD,INR,mobile,149.07,149.07,3.15,83.333333,TRUE,enhanced,257,0.894,0.257,0,0,Monday,2024,0
US,USD,CNY,mobile,1274.01,1274.01,19.72,7.142857,FALSE,standard,859,0.96,0.363,0,0,Monday,2024,0
US,USD,NGN,mobile,136.72,136.72,3.06,1111.111111,TRUE,standard,263,0.372,0.223,0,0.25,Monday,2024,0
US,USD,INR,mobile,103.6,103.6,2.78,83.333333,FALSE,enhanced,367,0.939,0.176,0,0,Monday,2024,0
CA,CAD,USD,mobile,117.52,86.97,2.07,0.74,FALSE,standard,1041,0.867,0.245,0,0,Monday,2024,0
US,USD,PHP,mobile,346.5,346.5,6.61,58.823529,FALSE,enhanced,367,0.939,0.176,0,0.1,Tuesday,2024,0
UK,GBP,NGN,mobile,197.91,247.38,3.52,1388.888889,FALSE,standard,4,0.892,0.407,0,0.22,Tuesday,2024,0
US,USD,EUR,ATM,177.98,177.98,4.11,0.925926,FALSE,standard,1018,0.934,0.087,0,0,Tuesday,2024,0
US,USD,MXN,mobile,377.45,377.45,6.51,17.241379,FALSE,standard,263,0.522,0.223,0,0.2,Tuesday,2024,0
US,USD,CNY,mobile,59.38,59.38,2.93,7.142857,FALSE,enhanced,367,0.939,0.176,0,0,Tuesday,2024,0
US,USD,EUR,web,72.73,72.73,2.99,0.925926,FALSE,standard,263,0.522,0.223,0,0,Tuesday,2024,0
US,USD,EUR,mobile,72.04,410.97,110.92,0.925926,FALSE,unknown,257,0.68,0.257,0,0,Tuesday,2024,0
UK,GBP,GBP,web,722.97,903.71,10.7,1,FALSE,standard,718,0.953,0.169,0,0,Tuesday,2024,0
CA,CAD,CNY,mobile,350.93,259.68,6.38,5.285714,FALSE,low,824,0.607,0.282,0,0,Tuesday,2024,0
CA,CAD,MXN,mobile,208.03,153.94,3.59,12.758621,FALSE,enhanced,740,0.627,0.179,0,0,Tuesday,2024,0
UK,GBP,NGN,mobile,102.52,128.15,2.68,1388.888889,FALSE,standard,718,0.953,0.169,1,0.22,Wednesday,2024,0
US,USD,NGN,mobile,43.97,43.97,1.96,1111.111111,FALSE,standard,263,0.522,0.223,0,0.25,Wednesday,2024,0
US,USD,GBP,mobile,92,92,2.19,0.8,FALSE,enhanced,257,0.894,0.257,0,0,Wednesday,2024,0
US,USD,CNY,mobile,218.95,218.95,3.17,7.142857,TRUE,standard,1016,0.944,0.247,0,0,Wednesday,2024,0
US,USD,PHP,mobile,169.66,169.66,3.03,58.823529,TRUE,standard,298,0.336,0.166,0,0.1,Wednesday,2024,0
US,USD,CAD,web,89.62,89.62,2.77,1.351351,FALSE,enhanced,367,0.939,0.176,0,0,Wednesday,2024,0
CA,CAD,MXN,web,117.28,86.79,2.41,12.758621,FALSE,standard,947,0.625,0.268,0,0,Wednesday,2024,0
UK,GBP,GBP,web,83.32,104.14,2.54,1,FALSE,standard,4,0.892,0.407,0,0,Wednesday,2024,1
UK,GBP,PHP,mobile,96.24,120.3,-1,73.529412,FALSE,standard,4,-0.1,0.407,0,0,Wednesday,2024,0
US,USD,INR,mobile,474.52,474.52,-1,83.333333,FALSE,standard,263,-0.1,0.223,0,0,Wednesday,2024,0
US,USD,PHP,mobile,36.3,36.3,1.81,58.823529,FALSE,enhanced,367,0.939,0.176,0,0.1,Wednesday,2024,0
UK,GBP,PHP,mobile,181.23,226.54,2.75,73.529412,FALSE,standard,4,0.892,0.407,0,0,Thursday,2024,0
US,USD,GBP,web,570.72,570.72,9.45,0.8,FALSE,standard,34,0.427,0.068,0,0,Thursday,2024,0
UK,GBP,EUR,mobile,28.66,35.82,1.52,1.157407,TRUE,standard,4,0.892,0.407,0,0.05,Thursday,2024,0
US,USD,EUR,web,110.29,110.29,3.36,0.925926,FALSE,enhanced,367,0.939,0.176,0,0,Thursday,2024,0
US,USD,PHP,mobile,313.94,313.94,6.04,58.823529,FALSE,standard,147,0.551,0.391,0,0.1,Thursday,2024,0
US,USD,CNY,mobile,605.35,605.35,10.37,7.142857,FALSE,standard,1016,0.944,0.247,0,0,Thursday,2024,0
US,USD,CAD,web,180.24,180.24,3.42,1.351351,FALSE,standard,298,0.336,0.166,0,0,Thursday,2024,0
US,USD,CAD,mobile,295.79,295.79,6.44,1.351351,FALSE,enhanced,367,0.939,0.176,0,0,Thursday,2024,0
US,USD,GBP,web,75.87,75.87,2.82,0.8,FALSE,enhanced,367,0.939,0.176,0,0,Thursday,2024,0
UK,GBP,EUR,mobile,182.91,228.63,4.35,1.157407,FALSE,standard,4,0.892,0.407,0,0.05,Thursday,2024,0
US,USD,CAD,mobile,278.5,278.5,5.12,1.351351,FALSE,standard,298,0.336,0.166,0,0,Thursday,2024,0
UK,GBP,NGN,web,51.26,64.08,1.43,1388.888889,FALSE,standard,718,0.953,0.169,0,0.22,Friday,2024,0
UK,GBP,EUR,web,52.25,65.32,1.33,1.157407,FALSE,standard,4,0.892,0.407,0,0.05,Friday,2024,0
US,USD,PHP,mobile,41.63,41.63,1.83,58.823529,TRUE,standard,263,0.372,0.223,0,0.1,Friday,2024,0
UK,GBP,USD,mobile,116.74,145.92,2.32,1.25,TRUE,standard,4,0.892,0.407,0,0,Friday,2024,0
US,USD,GBP,web,1229.35,1229.35,19.17,0.8,FALSE,low,616,0.702,0.361,0,0,Friday,2024,0
US,USD,NGN,mobile,511.52,511.52,8.95,1111.111111,FALSE,standard,263,0.522,0.223,1,0.25,Friday,2024,0
US,USD,USD,mobile,658.69,658.69,10.83,1,FALSE,standard,263,0.522,0.223,0,0,Saturday,2024,0
US,USD,MXN,web,169.63,169.63,3.96,17.241379,FALSE,standard,298,0.336,0.166,0,0.2,Saturday,2024,0
US,USD,PHP,web,347.49,347.49,6.55,58.823529,FALSE,standard,1016,0.944,0.247,0,0.1,Saturday,2024,0
US,USD,CAD,mobile,91.07,91.07,3.41,1.351351,FALSE,standard,263,0.522,0.223,0,0,Saturday,2024,0
US,USD,USD,mobile,53.35,53.35,2.2,1,FALSE,enhanced,257,0.894,0.257,0,0,Saturday,2024,0
US,USD,NGN,web,246.27,246.27,5.51,1111.111111,FALSE,standard,147,0.551,0.391,2,0.25,-1,0,0
US,USD,USD,mobile,178.47,178.47,3.7,1,TRUE,standard,1016,0.944,0.247,0,0,Saturday,2024,0
US,USD,INR,web,144.66,144.66,3.39,83.333333,TRUE,enhanced,257,0.894,0.257,0,0,Saturday,2024,0
US,USD,INR,web,86.46,86.46,1.82,83.333333,FALSE,standard,263,0.372,0.223,0,0,Sunday,2024,0
US,USD,MXN,mobile,331.44,331.44,5.76,17.241379,FALSE,standard,1016,0.944,0.247,0,0.2,Sunday,2024,0
US,USD,CAD,web,160.91,160.91,3.84,1.351351,FALSE,standard,263,0.522,0.223,6,0,Sunday,2024,0
US,USD,NGN,mobile,30.15,30.15,0.9,1111.111111,FALSE,enhanced,367,0.939,0.176,0,0.25,Sunday,2024,0
UK,GBP,CAD,mobile,119.83,149.78,2.91,1.689189,FALSE,standard,4,0.892,0.407,0,0,Sunday,2024,0
UK,GBP,USD,mobile,169.9,212.37,2.99,1.25,FALSE,low,704,0.515,0.283,0,0,Sunday,2024,0
UK,GBP,NGN,mobile,489.04,611.29,9.16,1388.888889,FALSE,standard,684,0.833,0.241,0,0.22,Sunday,2024,0
US,USD,CAD,mobile,509.27,509.27,8.73,1.351351,FALSE,standard,263,0.522,0.223,0,0,Sunday,2024,0
US,USD,PHP,mobile,589.08,589.08,9.8,58.823529,FALSE,standard,1016,0.944,0.247,0,0.1,Monday,2024,0
US,USD,USD,ATM,96.26,96.26,1.78,1,FALSE,standard,147,0.401,0.391,0,0,Monday,2024,0
US,USD,CAD,web,240.31,240.31,3.98,1.351351,FALSE,enhanced,367,0.939,0.176,0,0,Monday,2024,0
UK,GBP,INR,mobile,198.31,247.88,3.69,104.166667,FALSE,standard,4,0.892,0.407,2,0,Monday,2024,0
US,USD,INR,ATM,86.43,86.43,2.5,83.333333,FALSE,standard,147,0.551,0.391,0,0,Monday,2024,0
US,USD,NGN,mobile,125.68,125.68,2.57,1111.111111,TRUE,enhanced,367,0.939,0.176,0,0.25,Monday,2024,0
US,USD,CAD, web  ,212.11,212.11,4.32,1.351351,FALSE,enhanced,257,0.894,0.257,1,0,Monday,2024,0
UK,GBP,EUR,mobile,32.36,40.45,1.52,1.157407,FALSE,standard,718,0.953,0.169,7,0.05,Monday,2024,0
US,USD,MXN,mobile,470.73,470.73,7.14,17.241379,FALSE,enhanced,367,0.789,0.176,0,0.2,Monday,2024,0
US,USD,NGN,mobile,249.88,249.88,4.58,1111.111111,TRUE,standard,263,0.522,0.223,0,0.25,Monday,2024,0
UK,GBP,CNY,mobile,79.41,99.26,1.78,8.928571,FALSE,standard,4,0.892,0.407,6,0,Monday,2024,0
UK,GBP,GBP,mobile,133.23,166.54,3.66,1,FALSE,standard,4,0.892,0.407,0,0,Monday,2024,0
US,USD,USD,ATM,188.31,188.31,3.18,1,FALSE,standard,263,0.522,0.223,0,0,Monday,2024,0
US,USD,CAD,web,133.77,133.77,2.3,1.351351,TRUE,enhanced,257,0.744,0.257,0,0,Monday,2024,0
US,USD,EUR,mobile,114.19,114.19,2.23,0.925926,FALSE,enhanced,257,0.894,0.257,0,0,Monday,2024,0
US,USD,EUR,mobile,185.61,185.61,3.96,0.925926,FALSE,standard,147,0.551,0.391,0,0,Tuesday,2024,0
US,USD,CNY,web,139.27,139.27,3.7,7.142857,TRUE,standard,298,0.336,0.166,0,0,Tuesday,2024,0
US,USD,CAD,mobile,73.23,73.23,2.02,1.351351,FALSE,standard,1018,0.934,0.087,0,0,Tuesday,2024,0
 US  ,USD,CNY,WEB,9990.63,9990.63,151.46,7.142857,FALSE,standard,263,0.522,0.223,0,0,Tuesday,2024,0
US,USD,PHP,mobile,512.08,512.08,9.3,58.823529,FALSE,enhanced,257,0.894,0.257,0,0.1,Tuesday,2024,0
US,USD,INR,mobile,62.98,62.98,1.79,83.333333,FALSE,enhanced,257,0.894,0.257,0,0,Tuesday,2024,0
UK,GBP,INR,mobile,554.72,693.39,8.76,104.166667,FALSE,standard,4,0.892,0.407,0,0,Tuesday,2024,0
US,USD,GBP,mobile,271.28,271.28,5.16,0.8,FALSE,standard,1016,0.944,0.247,0,0,Tuesday,2024,0
US,USD,CNY,mobile,279.19,279.19,5.12,7.142857,FALSE,standard,298,0.336,0.166,0,0,Tuesday,2024,0
UK,GBP,NGN,web,83.44,104.3,2.63,1388.888889,FALSE,standard,4,0.892,0.407,0,0.22,Wednesday,2024,0
US,USD,INR,unknown,237.86,237.86,4.14,83.333333,FALSE,enhanced,367,0.939,0.176,0,0,Wednesday,2024,0
US,USD,INR,mobile,205.31,205.31,4.82,83.333333,FALSE,standard,34,0.277,0.068,0,0,Wednesday,2024,0
US,USD,PHP,ATM,530.68,530.68,8.93,58.823529,FALSE,standard,298,0.336,0.166,0,0.1,Wednesday,2024,0
US,USD,GBP,mobile,413.3,413.3,7.79,0.8,FALSE,enhanced,367,0.939,0.176,0,0,Wednesday,2024,0
CA,CAD,MXN,mobile,149.58,110.69,3.17,12.758621,FALSE,standard,1041,0.867,0.245,0,0,Wednesday,2024,0
US,USD,EUR,mobile,156.96,156.96,2.81,0.925926,FALSE,standard,263,0.522,0.223,0,0,Wednesday,2024,0
US,USD,USD,web,187.34,187.34,3.46,1,FALSE,enhanced,367,0.939,0.176,0,0,Wednesday,2024,0
US,USD,USD,mobile,221.42,221.42,4.98,1,FALSE,enhanced,367,0.939,0.176,0,0,Wednesday,2024,0
US,USD,CNY,ATM,50.1,50.1,1.31,7.142857,FALSE,enhanced,367,0.939,0.176,0,0,Thursday,2024,0
US,USD,EUR,mobile,66,66,1.51,0.925926,FALSE,standard,1018,0.934,0.087,0,0,Thursday,2024,0
US,USD,PHP,mobile,499.11,499.11,8.23,58.823529,FALSE,standard,298,0.336,0.166,0,0.1,Thursday,2024,0
US,USD,NGN,mobile,44,44,2.56,1111.111111,FALSE,standard,263,0.522,0.223,0,0.25,Thursday,2024,0
CA,CAD,EUR,mobile,104.19,77.1,3.3,0.685185,FALSE,standard,947,0.625,0.268,1,0,Thursday,2024,0
UK,GBP,CAD,ATM,115.15,143.94,3.04,1.689189,FALSE,standard,4,0.892,0.407,0,0,Thursday,2024,0
US,USD,PHP,web,108.11,108.11,2.73,58.823529,FALSE,standard,147,0.551,0.391,0,0.1,Thursday,2024,0
UK,GBP,MXN,mobile,74.48,93.1,2.25,21.551724,FALSE,standard,4,0.892,0.407,0,0,Thursday,2024,1
US,USD,INR,web,470.23,470.23,7.79,83.333333,FALSE,standard,263,0.522,0.223,0,0,Thursday,2024,0
US,USD,CAD,mobile,189.48,189.48,4.06,1.351351,FALSE,standard,147,0.551,0.391,0,0,Thursday,2024,0
US,USD,GBP,mobile,328.84,410.97,110.92,0.8,FALSE,unknown,263,0.68,0.223,0,0,Friday,2024,0
US,USD,EUR,mobile,89.2,89.2,2.19,0.925926,FALSE,standard,1016,0.944,0.247,0,0,Friday,2024,0
CA,CAD,USD,mobile,45.95,34.01,1.68,0.74,FALSE,standard,725,0.824,0.212,0,0,Friday,2024,0
UK,GBP,MXN,web,158.02,197.52,3.87,21.551724,FALSE,standard,4,0.742,0.407,0,0,Friday,2024,0
US,USD,EUR,mobile,74.33,74.33,2.51,0.925926,FALSE,standard,298,0.336,0.166,0,0,Friday,2024,0
US,USD,CAD,ATM,148.37,148.37,3.42,1.351351,FALSE,enhanced,367,0.939,0.176,0,0,Friday,2024,0
CA,CAD,CAD,ATM,60.01,44.41,1.68,1,FALSE,standard,172,0.881,0.199,1,0,Friday,2024,0
UK,GBP,CAD,mobile,114.91,143.64,2.68,1.689189,FALSE,standard,4,0.892,0.407,0,0,Saturday,2024,0
US,USD,GBP,mobile,265.36,265.36,4.59,0.8,FALSE,standard,298,0.336,0.166,0,0,Saturday,2024,0
US,USD,PHP,mobile,109.15,109.15,3.05,58.823529,FALSE,enhanced,367,0.939,0.176,0,0.1,Saturday,2024,0
US,USD,CNY,web,181.36,181.36,3.84,7.142857,FALSE,standard,1018,0.934,0.087,5,0,Saturday,2024,1
UK,GBP,CNY,ATM,645.09,806.36,10.67,8.928571,TRUE,standard,4,0.892,0.407,0,0,Saturday,2024,1
US,USD,CNY,mobile,63.22,63.22,1.98,7.142857,FALSE,enhanced,367,0.939,0.176,0,0,Saturday,2024,0
US,USD,INR,mobile,100.31,100.31,2.09,83.333333,TRUE,standard,1018,0.934,0.087,0,0,Saturday,2024,0
US,USD,USD,mobile,96.77,96.77,2.37,1,FALSE,enhanced,367,0.789,0.176,0,0,Saturday,2024,0
UK,GBP,PHP,mobile,187.14,233.93,4.94,73.529412,FALSE,standard,4,0.892,0.407,0,0,Saturday,2024,0
UK,GBP,USD,web,60.54,75.68,2.23,1.25,FALSE,standard,4,0.892,0.407,1,0,Saturday,2024,0
CA,CAD,NGN,web,81.38,60.22,2.9,822.222222,FALSE,standard,172,0.881,0.199,0,0,Sunday,2024,0
US,USD,INR,web,495.45,495.45,8.36,83.333333,FALSE,enhanced,257,0.894,0.257,0,0,Sunday,2024,0
US,USD,EUR,mobile,375.57,375.57,6.44,0.925926,FALSE,standard,298,0.336,0.166,0,0,Sunday,2024,0
US,USD,USD,mobile,26.57,26.57,1.45,1,FALSE,standard,263,0.522,0.223,0,0,Sunday,2024,0
US,USD,CNY,web,45.28,45.28,2.08,7.142857,FALSE,standard,298,0.336,0.166,0,0,Monday,2024,0
UK,GBP,USD,web,82.9,103.62,2.65,1.25,FALSE,standard,4,0.892,0.407,0,0,Monday,2024,0
UK,GBP,GBP,mobile,182.05,227.56,3.22,1,FALSE,standard,4,0.892,0.407,0,0,Monday,2024,0
US,USD,EUR, mobile  ,659.98,659.98,11.62,0.925926,TRUE,standard,263,0.522,0.223,0,0,Monday,2024,0
US,USD,CNY,mobile,242.54,242.54,5.18,7.142857,FALSE,standard,263,0.522,0.223,0,0,Monday,2024,0
CA,CAD,MXN,mobile,9991.71,7393.86,151.38,12.758621,FALSE,standard,947,0.625,0.268,1,0,Monday,2024,0
US,USD,USD,mobile,257.33,257.33,5.55,1,FALSE,standard,1018,0.934,0.087,0,0,Monday,2024,0
UK,GBP,INR,ATM,74.96,93.7,1.53,104.166667,FALSE,standard,4,0.892,0.407,0,0,Monday,2024,0
CA,CAD,CAD,ATM,87.32,64.62,1.65,1,TRUE,low,824,0.607,0.282,0,0,Tuesday,2024,0
US,USD,NGN,mobile,108.21,108.21,2.42,1111.111111,FALSE,standard,263,0.522,0.223,4,0.25,Tuesday,2024,0
US,USD,CNY,ATM,73.97,73.97,2.77,7.142857,FALSE,enhanced,367,0.939,0.176,0,0,Tuesday,2024,0
US,USD,CNY,mobile,274.13,274.13,5,7.142857,FALSE,standard,298,0.336,0.166,0,0,Tuesday,2024,0
CA,CAD,EUR,mobile,9997.52,7398.17,151.28,0.685185,TRUE,low,615,0.515,0.355,0,0,Tuesday,2024,0
US,USD,CNY,mobile,231,231,4.9,7.142857,TRUE,enhanced,367,0.939,0.176,0,0,Tuesday,2024,0
UK,GBP,NGN,mobile,46.5,58.13,1.81,1388.888889,FALSE,standard,718,0.953,0.169,0,0.22,Tuesday,2024,0
US,USD,CAD,web,245.38,245.38,4.51,1.351351,FALSE,standard,298,0.336,0.166,0,0,Tuesday,2024,0
US,USD,CNY,web,114.8,114.8,3.77,7.142857,FALSE,standard,263,0.522,0.223,0,0,Tuesday,2024,0
US,USD,PHP,mobile,39.32,39.32,1.98,58.823529,TRUE,enhanced,367,0.939,0.176,0,0.1,Tuesday,2024,0
US,USD,INR,web,108.79,108.79,2.64,83.333333,FALSE,enhanced,257,0.744,0.257,0,0,Wednesday,2024,0
CA,CAD,CAD,mobile,384.08,284.22,7.01,1,FALSE,standard,947,0.625,0.268,0,0,Wednesday,2024,0
unknown,CAD,CNY,mobille,319.55,236.47,6.35,5.285714,FALSE,standard,947,0.625,0.268,0,0,Wednesday,2024,0
CA,CAD,CNY,web,37.82,27.99,1.65,5.285714,FALSE,low,615,0.515,0.355,0,0,Wednesday,2024,0
UK,GBP,INR,mobile,164.92,206.16,3.22,104.166667,FALSE,standard,4,0.892,0.407,0,0,Wednesday,2024,0
US,USD,EUR,mobile,67.53,67.53,1.54,0.925926,FALSE,standard,1018,0.784,0.087,0,0,Wednesday,2024,0
US,USD,NGN,mobile,257.94,257.94,5.03,1111.111111,FALSE,enhanced,367,0.939,0.176,1,0.25,Wednesday,2024,0
CA,CAD,NGN,ATM,118.24,87.5,2.9,822.222222,TRUE,standard,947,0.625,0.268,0,0,Wednesday,2024,0
US,USD,INR,mobile,115.77,115.77,2.72,83.333333,FALSE,standard,263,0.522,0.223,0,0,Wednesday,2024,0
US,USD,NGN,web,54.89,54.89,2.44,1111.111111,FALSE,standard,298,0.336,0.166,0,0.25,Wednesday,2024,0
US,USD,CNY,mobile,230.99,230.99,4.34,7.142857,FALSE,standard,147,0.551,0.391,0,0,Wednesday,2024,0
US,USD,USD,mobile,241.58,241.58,4.91,1,FALSE,enhanced,367,0.789,0.176,0,0,Thursday,2024,0
US,USD,INR,mobile,95.25,95.25,2.72,83.333333,FALSE,standard,263,0.522,0.223,0,0,Thursday,2024,0
US,USD,EUR,ATM,66.19,66.19,1.59,0.925926,FALSE,standard,263,0.522,0.223,0,0,Thursday,2024,0
US,USD,CAD,mobile,363.19,363.19,6.89,1.351351,FALSE,standard,1018,0.934,0.087,0,0,Thursday,2024,0
US,USD,CAD,ATM,440.14,440.14,7.27,1.351351,FALSE,standard,263,0.372,0.223,0,0,Thursday,2024,0
UK,GBP,MXN,ATM,209.04,261.3,4.17,21.551724,FALSE,standard,4,0.742,0.407,0,0,-1,0,0
CA,CAD,USD,web,828.5,613.09,13.59,0.74,FALSE,standard,1041,0.867,0.245,0,0,Thursday,2024,0
UK,GBP,PHP,mobile,52.09,65.11,1.43,73.529412,FALSE,standard,4,0.742,0.407,0,0,Thursday,2024,0
CA,CAD,MXN,web,376.55,278.65,6.78,12.758621,FALSE,standard,172,0.881,0.199,0,0,Thursday,2024,0
US,USD,PHP,web,143.28,143.28,3.05,58.823529,FALSE,enhanced,367,0.939,0.176,0,0.1,Thursday,2024,0
US,USD,NGN,mobile,153.18,153.18,4.7,1111.111111,FALSE,standard,1018,0.934,0.087,0,0.25,Thursday,2024,0
UK,GBP,PHP,mobile,77.08,96.36,3.19,73.529412,FALSE,low,566,0.731,0.422,6,0,Friday,2024,0
CA,CAD,GBP,web,260.09,192.47,4.96,0.592,FALSE,standard,1041,0.867,0.245,0,0,Friday,2024,0
US,USD,CAD,mobile,329.41,329.41,5.56,1.351351,FALSE,enhanced,367,0.939,0.176,0,0,Friday,2024,0
US,USD,CNY,mobile,56.26,56.26,1.53,7.142857,FALSE,standard,1016,0.794,0.247,0,0,Friday,2024,0
US,USD,CNY,web,98.68,98.68,3.15,7.142857,TRUE,standard,147,0.401,0.391,0,0,Friday,2024,0
US,USD,USD,mobile,39.52,39.52,1.59,1,FALSE,standard,263,0.522,0.223,1,0,Friday,2024,0
US,USD,NGN,mobile,59.56,59.56,2.11,1111.111111,FALSE,standard,147,0.551,0.391,0,0.25,Friday,2024,0
US,USD,CNY,mobile,535.38,535.38,9.6,7.142857,FALSE,standard,298,0.336,0.166,0,0,Friday,2024,0
US,USD,CNY,mobile,76.14,76.14,2.37,7.142857,FALSE,enhanced,257,0.894,0.257,0,0,Friday,2024,0
US,USD,PHP,mobile,133.34,133.34,2.67,58.823529,FALSE,standard,298,0.336,0.166,0,0.1,Friday,2024,0
UK,GBP,GBP,web,203.1,253.87,3.9,1,FALSE,standard,4,0.742,0.407,0,0,Saturday,2024,0
US,USD,CNY,web,81,81,1.52,7.142857,FALSE,enhanced,367,0.939,0.176,0,0,Saturday,2024,0
US,USD,PHP,mobile,204.3,204.3,3.99,58.823529,FALSE,standard,1016,0.944,0.247,0,0.1,Saturday,2024,0
CA,CAD,EUR,mobile,50.98,37.73,2.23,0.685185,FALSE,standard,947,0.625,0.268,0,0,Saturday,2024,0
US,USD,GBP,mobile,119.23,119.23,2.82,0.8,FALSE,standard,830,0.799,0.102,0,0,Saturday,2024,0
US,USD,CNY,web,84.52,84.52,1.57,7.142857,FALSE,standard,298,0.336,0.166,0,0,Saturday,2024,0
US,USD,EUR,web,165.25,165.25,3.8,0.925926,FALSE,enhanced,257,0.744,0.257,0,0,Sunday,2024,0
US,USD,NGN,mobile,96.64,96.64,2.62,1111.111111,FALSE,standard,1016,0.944,0.247,0,0.25,Sunday,2024,0
UK,GBP,CAD,web,497.73,622.17,8.99,1.689189,FALSE,standard,718,0.953,0.169,0,0,Sunday,2024,0
US,USD,CAD,web,85.71,85.71,1.5,1.351351,FALSE,enhanced,257,0.894,0.257,0,0,Sunday,2024,0
US,USD,EUR,mobile,295.31,295.31,5.26,0.925926,FALSE,standard,263,0.522,0.223,1,0,Sunday,2024,0
UK,GBP,MXN,web,258.63,323.29,4.94,21.551724,FALSE,standard,4,0.892,0.407,0,0,Sunday,2024,0
UK,GBP,INR,mobile,266.63,333.29,4.81,104.166667,FALSE,standard,718,0.953,0.169,0,0,Monday,2024,0
US,USD,NGN,mobile,602.35,602.35,9.91,1111.111111,TRUE,standard,1018,0.934,0.087,0,0.25,Monday,2024,0
US,USD,GBP,mobile,197.66,197.66,3.77,0.8,FALSE,standard,263,0.522,0.223,0,0,Monday,2024,0
US,USD,USD,mobile,324.63,324.63,6.33,1,FALSE,standard,263,0.522,0.223,0,0,Monday,2024,0
US,USD,NGN,ATM,207.81,207.81,4.8,1111.111111,FALSE,standard,298,0.336,0.166,0,0.25,Monday,2024,0
CA,CAD,EUR,mobile,49.87,36.9,2,0.685185,FALSE,standard,947,0.625,0.268,0,0,Monday,2024,0
CA,CAD,CAD,mobile,176.66,130.73,3.88,1,FALSE,low,824,0.607,0.282,0,0,Tuesday,2024,0
UK,GBP,EUR,ATM,833.01,1041.26,13.61,1.157407,FALSE,standard,4,0.742,0.407,0,0.05,Tuesday,2024,0
US,USD,GBP,mobile,494.47,494.47,7.53,0.8,FALSE,standard,1018,0.934,0.087,0,0,Tuesday,2024,0
US,USD,GBP,web,373.55,373.55,6.34,0.8,FALSE,standard,1018,0.934,0.087,1,0,Tuesday,2024,0
US,USD,USD,mobile,92.79,92.79,2.09,1,FALSE,standard,1018,0.934,0.087,0,0,Tuesday,2024,0
US,USD,CNY,mobile,162.56,162.56,3.47,7.142857,FALSE,standard,263,0.522,0.223,0,0,Tuesday,2024,0
UK,GBP,PHP,web,539.36,674.2,9.47,73.529412,FALSE,standard,4,0.892,0.407,0,0,Tuesday,2024,0
US,USD,INR,web,146.07,146.07,1.86,83.333333,FALSE,standard,263,0.522,0.223,0,0,Tuesday,2024,0
US,USD,PHP,web,239.14,239.14,4.49,58.823529,FALSE,standard,298,0.336,0.166,0,0.1,Wednesday,2024,1
US,USD,INR,mobile,143.94,143.94,3.77,83.333333,FALSE,standard,263,0.522,0.223,0,0,Wednesday,2024,0
UK,GBP,GBP,mobile,123.25,154.06,2.61,1,FALSE,standard,4,0.892,0.407,0,0,Wednesday,2024,0
US,USD,CAD,web,149.93,149.93,3.06,1.351351,FALSE,standard,298,0.336,0.166,0,0,Wednesday,2024,0
US,USD,NGN,web,164.97,164.97,4.38,1111.111111,FALSE,standard,263,0.522,0.223,0,0.25,Wednesday,2024,0
US,USD,CNY,web,177.25,177.25,3.57,7.142857,FALSE,enhanced,257,0.894,0.257,0,0,Wednesday,2024,0
US,USD,CNY,mobile,76.13,76.13,1.75,7.142857,TRUE,standard,147,0.551,0.391,0,0,Wednesday,2024,0
UK,GBP,NGN,mobile,331.08,413.86,5.14,1388.888889,TRUE,standard,718,0.953,0.169,0,0.22,Thursday,2024,0
US,USD,CNY,mobile,472.71,472.71,7.68,7.142857,FALSE,standard,147,0.551,0.391,1,0,Thursday,2024,0
US,USD,CNY,web,108.41,108.41,3.31,7.142857,FALSE,standard,263,0.522,0.223,0,0,Thursday,2024,0
UK,GBP,PHP,mobile,345.98,432.47,5.74,73.529412,FALSE,standard,4,0.892,0.407,0,0,Thursday,2024,0
US,USD,PHP,web,40.41,40.41,2.03,58.823529,FALSE,standard,263,0.522,0.223,0,0.1,Thursday,2024,0
US,USD,NGN,web,138.89,138.89,2.45,1111.111111,FALSE,standard,298,0.336,0.166,0,0.25,Thursday,2024,0
US,USD,PHP,mobile,32.03,32.03,1.63,58.823529,FALSE,standard,1018,0.934,0.087,0,0.1,Thursday,2024,0
US,USD,EUR,mobile,501.88,501.88,8.33,0.925926,FALSE,standard,147,0.551,0.391,0,0,Thursday,2024,0
unknown,USD,INR, web  ,88.64,88.64,2.06,83.333333,FALSE,standard,263,0.522,0.223,0,0,Thursday,2024,0
UK,GBP,CNY,web,131.99,164.99,3.33,8.928571,FALSE,standard,718,0.953,0.169,0,0,Thursday,2024,0
US,USD,EUR,web,231.2,231.2,4.93,0.925926,FALSE,enhanced,367,0.939,0.176,0,0,Thursday,2024,0
US,USD,PHP,mobile,46.01,46.01,1.67,58.823529,FALSE,standard,147,0.551,0.391,0,0.1,Friday,2024,0
US,USD,INR,mobile,9997.46,9997.46,151.42,83.333333,FALSE,standard,298,0.336,0.166,5,0,Friday,2024,0
UK,GBP,MXN,mobile,171.23,214.04,3.89,21.551724,FALSE,standard,4,0.892,0.407,0,0,Friday,2024,0
US,USD,PHP,mobile,255.52,410.97,110.92,58.823529,FALSE,unknown,263,0.68,0.223,0,0.1,Friday,2024,0
US,USD,EUR,mobile,143.03,143.03,3.93,0.925926,FALSE,standard,1016,0.944,0.247,0,0,Friday,2024,0
US,USD,NGN,ATM,175.31,175.31,4.11,1111.111111,TRUE,standard,263,0.522,0.223,0,0.25,Friday,2024,0
US,USD,CAD,mobile,205.57,205.57,3.56,1.351351,FALSE,standard,1048,0.79,0.125,0,0,Friday,2024,0
US,USD,CNY,mobile,189.75,189.75,4.68,7.142857,TRUE,standard,1018,0.934,0.087,0,0,Friday,2024,0
US,USD,GBP,mobile,440.86,440.86,7.59,0.8,FALSE,standard,298,0.336,0.166,0,0,Friday,2024,0
US,USD,CNY,web,127.77,127.77,2.97,7.142857,TRUE,standard,298,0.336,0.166,0,0,Saturday,2024,0
US,USD,NGN,web,152.51,152.51,3.77,1111.111111,FALSE,low,188,0.232,0.12,1,0.25,Saturday,2024,0
CA,CAD,USD,mobile,79.79,59.04,2.2,0.74,FALSE,standard,947,0.625,0.268,0,0,Saturday,2024,0
US,USD,CAD,mobille,99.31,99.31,2.46,1.351351,TRUE,enhanced,367,0.939,0.176,0,0,Saturday,2024,0
CA,CAD,INR,mobile,235.75,174.46,4.12,61.666667,TRUE,low,824,0.607,0.282,0,0.12,Saturday,2024,0
US,USD,MXN,web,697.48,697.48,11.24,17.241379,FALSE,standard,1018,0.934,0.087,0,0.2,Saturday,2024,0
US,USD,NGN,mobile,33.34,33.34,1.16,1111.111111,FALSE,standard,1016,0.944,0.247,0,0.25,Saturday,2024,0
US,USD,CAD,mobile,50.49,50.49,1.83,1.351351,FALSE,enhanced,257,0.744,0.257,0,0,Saturday,2024,0
US,USD,PHP,ATM,71.65,71.65,2.18,58.823529,FALSE,standard,298,0.336,0.166,0,0.1,Sunday,2024,0
CA,CAD,NGN,mobile,263.54,195.02,4.19,822.222222,FALSE,standard,1041,0.717,0.245,0,0,Sunday,2024,0
US,USD,USD,mobile,52.72,52.72,2.05,1,FALSE,enhanced,661,0.92,0.259,0,0,Sunday,2024,0
US,USD,MXN,mobile,238.55,238.55,4.44,17.241379,TRUE,standard,263,0.522,0.223,0,0.2,Sunday,2024,0
UK,GBP,NGN,mobille,178.8,223.5,3.93,1388.888889,FALSE,standard,4,0.892,0.407,0,0.22,Sunday,2024,0
US,USD,CAD,web,79.01,79.01,1.55,1.351351,FALSE,standard,263,0.522,0.223,0,0,Sunday,2024,0
US,USD,PHP,mobile,51.33,51.33,3.25,58.823529,FALSE,standard,263,0.522,0.223,0,0.1,Sunday,2024,0
US,USD,INR,mobile,624.67,624.67,11.03,83.333333,FALSE,standard,147,0.551,0.391,6,0,Sunday,2024,0
US,USD,EUR,mobile,50.87,50.87,1.85,0.925926,FALSE,standard,1016,0.944,0.247,0,0,Sunday,2024,0
UK,GBP,NGN,web,283.46,354.32,6.06,1388.888889,FALSE,standard,4,0.892,0.407,0,0.22,Sunday,2024,0
US,USD,PHP,mobile,314.69,314.69,6.46,58.823529,FALSE,standard,263,0.522,0.223,0,0.1,Sunday,2024,0
US,USD,USD,web,36.57,36.57,0.59,1,TRUE,standard,494,0.883,0,0,0,Sunday,2024,0
US,USD,EUR,mobile,25.76,25.76,1.63,0.925926,FALSE,standard,859,0.96,0.363,0,0,Monday,2024,0
US,USD,MXN,ATM,397.64,397.64,7.29,17.241379,FALSE,standard,1016,0.944,0.247,0,0.2,Monday,2024,0
US,USD,MXN,ATM,138.63,138.63,3.95,17.241379,FALSE,standard,263,0.522,0.223,0,0.2,Monday,2024,0
US,USD,PHP,mobile,217.4,217.4,3.4,58.823529,FALSE,standard,638,0.839,0.244,0,0.1,Monday,2024,0
CA,CAD,CNY,MOBILE,113.41,83.92,2.58,5.285714,FALSE,standard,725,0.824,0.212,0,0,Monday,2024,0
US,USD,CNY,unknown,82.73,82.73,2.34,7.142857,TRUE,standard,263,0.522,0.223,0,0,Monday,2024,0
US,USD,GBP,web,87.48,87.48,1.88,0.8,FALSE,standard,263,0.522,0.223,0,0,Monday,2024,0
US,USD,CNY,web,84.07,84.07,2.47,7.142857,FALSE,standard,1018,0.784,0.087,0,0,Monday,2024,0
US,USD,EUR,mobile,22.53,410.97,110.92,0.925926,TRUE,unknown,263,0.68,0.223,0,0,Monday,2024,0
US,USD,NGN,mobile,211.01,211.01,5.07,1111.111111,FALSE,standard,147,0.551,0.391,0,0.25,Tuesday,2024,0
US,USD,GBP,mobile,133.67,133.67,2.7,0.8,FALSE,standard,298,0.336,0.166,0,0,Tuesday,2024,0
US,USD,USD,mobile,66.77,66.77,2.25,1,FALSE,enhanced,257,0.894,0.257,8,0,Tuesday,2024,0
US,USD,NGN,web,254.73,254.73,5.17,1111.111111,FALSE,enhanced,257,0.894,0.257,0,0.25,Tuesday,2024,0
UK,GBP,PHP,mobile,165.62,207.02,3.04,73.529412,FALSE,standard,4,0.892,0.407,0,0,Tuesday,2024,0
US,USD,CNY,mobile,138.78,138.78,3.03,7.142857,TRUE,enhanced,257,0.894,0.257,0,0,Tuesday,2024,0
CA,CAD,CAD,mobile,283.27,209.62,5.93,1,FALSE,low,824,0.607,0.282,2,0,Tuesday,2024,0
US,USD,PHP,mobile,15.98,15.98,1.46,58.823529,TRUE,low,616,0.702,0.361,0,0.1,Tuesday,2024,1
US,USD,EUR,mobile,126.21,126.21,3.05,0.925926,FALSE,enhanced,367,0.939,0.176,0,0,Tuesday,2024,0
US,USD,GBP,mobile,280.22,280.22,5.2,0.8,TRUE,enhanced,367,0.939,0.176,1,0,Wednesday,2024,0
US,USD,GBP,ATM,106.14,106.14,3.25,0.8,FALSE,enhanced,367,0.939,0.176,0,0,Wednesday,2024,0
US,USD,MXN,web,198.91,198.91,3.65,17.241379,FALSE,standard,298,0.336,0.166,0,0.2,Wednesday,2024,0
US,USD,NGN,web,113.33,113.33,3.04,1111.111111,FALSE,standard,298,0.336,0.166,0,0.25,Wednesday,2024,0
US,USD,EUR,mobile,84.75,84.75,1.86,0.925926,FALSE,standard,1018,0.934,0.087,0,0,Wednesday,2024,0
CA,CAD,EUR,mobile,200.4,148.29,3.69,0.685185,FALSE,standard,947,0.625,0.268,0,0,Wednesday,2024,0
UK,GBP,GBP,web,140.63,175.78,2.63,1,FALSE,standard,4,0.892,0.407,0,0,Wednesday,2024,0
US,USD,EUR,web,32.46,410.97,110.92,0.925926,FALSE,unknown,263,0.68,0.223,0,0,Wednesday,2024,0
US,USD,INR,mobile,57.82,57.82,1.51,83.333333,FALSE,enhanced,367,0.939,0.176,0,0,Thursday,2024,0
US,USD,NGN,web,216.17,216.17,4.59,1111.111111,FALSE,standard,263,0.522,0.223,0,0.25,Thursday,2024,0
US,USD,INR,mobile,124.3,124.3,2.93,83.333333,FALSE,standard,1016,0.944,0.247,0,0,Thursday,2024,0
CA,CAD,NGN,mobile,107.1,79.25,3.14,822.222222,FALSE,standard,1041,0.867,0.245,0,0,Thursday,2024,0
UK,GBP,EUR,mobile,428.03,535.04,7.13,1.157407,FALSE,standard,718,0.953,0.169,1,0.05,Thursday,2024,0
US,USD,CAD,web,40.11,40.11,1.11,1.351351,FALSE,standard,1018,0.934,0.087,1,0,Thursday,2024,0
US,USD,GBP,web,75.94,75.94,1.68,0.8,FALSE,standard,263,0.522,0.223,0,0,Thursday,2024,0
UK,GBP,EUR,web,363.38,454.22,6.28,1.157407,FALSE,standard,4,0.892,0.407,0,0.05,Friday,2024,0
US,USD,GBP,web,213.64,213.64,4.6,0.8,FALSE,standard,1018,0.934,0.087,0,0,Friday,2024,0
UK,GBP,CNY,mobile,80.2,100.25,2.11,8.928571,FALSE,standard,4,0.892,0.407,1,0,Friday,2024,0
US,USD,INR,mobile,151.71,151.71,3.66,83.333333,FALSE,standard,1058,0.923,0.139,0,0,Friday,2024,0
US,USD,USD,mobile,1028.92,1028.92,15.4,1,TRUE,enhanced,257,0.894,0.257,0,0,Friday,2024,0
US,USD,PHP,mobile,357.5,357.5,6.35,58.823529,FALSE,standard,263,0.522,0.223,0,0.1,Friday,2024,0
US,USD,NGN,mobile,144.43,144.43,3.71,1111.111111,FALSE,standard,1018,0.934,0.087,0,0.25,Friday,2024,0
US,USD,CAD,web,191.3,191.3,4.48,1.351351,FALSE,standard,1089,0.714,0.366,0,0,Saturday,2024,0
US,USD,CAD,web,267.62,267.62,5.64,1.351351,FALSE,standard,34,0.427,0.068,0,0,Saturday,2024,0
US,USD,EUR,web,450.56,450.56,7.85,0.925926,FALSE,standard,298,0.336,0.166,0,0,Saturday,2024,0
UK,GBP,CAD,ATM,211.62,264.52,4.68,1.689189,FALSE,low,454,0.71,0.238,0,0,Saturday,2024,0
US,USD,PHP,web,290.1,290.1,4.72,58.823529,FALSE,standard,147,0.551,0.391,1,0.1,Saturday,2024,0
US,USD,CNY,web,198.49,198.49,3.08,7.142857,FALSE,standard,1018,0.934,0.087,0,0,Saturday,2024,0
US,USD,NGN,web,78.02,78.02,2.67,1111.111111,FALSE,standard,298,0.336,0.166,0,0.25,Saturday,2024,0
US,USD,CAD,mobile,142.04,142.04,2.96,1.351351,FALSE,standard,263,0.522,0.223,0,0,Sunday,2024,0
US,USD,INR,mobile,96.02,96.02,2.74,83.333333,TRUE,enhanced,367,0.939,0.176,0,0,Sunday,2024,0
US,USD,INR,web,78.09,78.09,1,83.333333,TRUE,enhanced,367,0.939,0.176,1,0,Sunday,2024,0
CA,CAD,EUR,mobile,174.12,128.85,4.64,0.685185,FALSE,low,615,0.515,0.355,0,0,Sunday,2024,0
US,USD,CNY,mobile,135.62,135.62,2.25,7.142857,TRUE,standard,830,0.799,0.102,0,0,Sunday,2024,0
US,USD,USD,mobile,267.15,267.15,4.61,1,TRUE,enhanced,257,0.744,0.257,0,0,Sunday,2024,0
US,USD,INR,mobile,228.74,228.74,4.45,83.333333,FALSE,standard,263,0.522,0.223,1,0,Sunday,2024,0
UK,GBP,NGN,mobile,300.92,376.15,5.22,1388.888889,TRUE,standard,4,0.892,0.407,0,0.22,Sunday,2024,0
US,USD,NGN,mobile,191.67,191.67,4.24,1111.111111,FALSE,standard,263,0.522,0.223,0,0.25,Monday,2024,0
UK,GBP,PHP,mobile,213.4,266.75,4.47,73.529412,FALSE,standard,4,0.892,0.407,0,0,Monday,2024,0
UK,GBP,INR, mobile  ,1173.75,1467.18,19.11,104.166667,FALSE,standard,4,0.892,0.407,0,0,Monday,2024,0
UK,GBP,INR,web,143.36,179.2,2.36,104.166667,FALSE,standard,718,0.953,0.169,0,0,Monday,2024,0
US,USD,MXN,mobile,514.3,514.3,8.76,17.241379,TRUE,enhanced,367,0.939,0.176,0,0.2,Monday,2024,0
UK,GBP,GBP,mobile,136.88,171.1,4.28,1,FALSE,low,704,0.365,0.283,0,0,Monday,2024,0
UK,GBP,USD,mobile,45.45,56.82,1.55,1.25,FALSE,standard,718,0.953,0.169,0,0,Tuesday,2024,0
US,USD,CAD,mobile,619.07,619.07,-1,1.351351,FALSE,standard,904,-0.1,0.03,0,0,Tuesday,2024,0
UK,GBP,CAD,web,184.98,231.23,3.68,1.689189,FALSE,standard,4,0.892,0.407,0,0,Tuesday,2024,0
US,USD,EUR,mobile,251.15,251.15,4.35,0.925926,FALSE,low,616,0.702,0.361,0,0,Tuesday,2024,0
US,USD,USD,mobile,38.65,38.65,2.38,1,FALSE,standard,298,0.336,0.166,0,0,Tuesday,2024,0
US,USD,CNY,WEB,981.52,981.52,15.97,7.142857,FALSE,standard,298,0.336,0.166,0,0,Tuesday,2024,0
US,USD,USD,MOBILE,87.95,87.95,2.91,1,FALSE,unknown,147,0.401,0.391,0,0,Tuesday,2024,0
US,USD,PHP,web,131.35,131.35,3.66,58.823529,FALSE,standard,263,0.522,0.223,0,0.1,Tuesday,2024,0
US,USD,GBP,mobile,33.33,33.33,1.08,0.8,FALSE,standard,263,0.522,0.223,0,0,Tuesday,2024,0
US,USD,CAD,mobile,448.54,448.54,6.95,1.351351,FALSE,standard,1018,0.934,0.087,0,0,Tuesday,2024,0
UK,GBP,PHP,mobile,163.88,204.85,3.17,73.529412,FALSE,standard,4,0.892,0.407,0,0,Tuesday,2024,0
US,USD,GBP,mobile,116.53,116.53,3.63,0.8,FALSE,enhanced,257,0.894,0.257,0,0,Tuesday,2024,0
US,USD,NGN,mobile,207.15,207.15,4,1111.111111,FALSE,standard,263,0.522,0.223,0,0.25,Wednesday,2024,0
UK,GBP,INR,mobile,120.39,150.49,3.38,104.166667,FALSE,standard,4,0.892,0.407,0,0,Wednesday,2024,0
UK,GBP,MXN,web,145.64,182.05,3.09,21.551724,FALSE,standard,4,0.892,0.407,0,0,Wednesday,2024,0
US,USD,NGN,mobile,36.56,36.56,1.34,1111.111111,FALSE,standard,34,0.427,0.068,0,0.25,Wednesday,2024,0
US,USD,CAD,ATM,69.73,69.73,1.61,1.351351,FALSE,enhanced,257,0.894,0.257,0,0,Wednesday,2024,0
US,USD,USD,mobile,239.69,239.69,3.96,1,TRUE,standard,147,0.551,0.391,0,0,Wednesday,2024,0
US,USD,USD,mobile,83.29,83.29,2.32,1,FALSE,standard,1058,0.923,0.139,0,0,Wednesday,2024,0
US,USD,CNY,mobile,192.28,192.28,4.87,7.142857,FALSE,standard,298,0.336,0.166,0,0,Wednesday,2024,0
CA,CAD,NGN,ATM,79.71,58.99,2.48,822.222222,TRUE,standard,272,0.792,0.048,0,0,Wednesday,2024,0
CA,CAD,PHP,mobile,563.09,416.69,10.19,43.529412,FALSE,low,615,0.515,0.355,3,0,Wednesday,2024,0
UK,GBP,PHP,mobile,42.82,53.53,1.7,73.529412,TRUE,standard,4,0.892,0.407,0,0,Thursday,2024,0
US,USD,CNY,web,213.59,213.59,4.96,7.142857,FALSE,standard,1018,0.934,0.087,0,0,Thursday,2024,0
US,USD,CAD,mobile,132.38,132.38,2.83,1.351351,FALSE,standard,298,0.186,0.166,0,0,Thursday,2024,0
US,USD,EUR,mobile,134.9,134.9,3.57,0.925926,TRUE,enhanced,367,0.939,0.176,0,0,Thursday,2024,0
UK,GBP,USD,mobile,23.55,29.44,1.67,1.25,TRUE,standard,4,0.892,0.407,0,0,Thursday,2024,0
US,USD,CAD,ATM,40.67,40.67,1.02,1.351351,TRUE,standard,298,0.336,0.166,0,0,Thursday,2024,0
US,USD,USD,mobile,62.25,62.25,2.12,1,FALSE,standard,263,0.522,0.223,0,0,Friday,2024,0
US,USD,CAD,mobile,67.59,67.59,2.01,1.351351,FALSE,standard,298,0.336,0.166,0,0,Sunday,2025,0
CA,CAD,MXN,mobile,116.45,86.17,2.78,12.758621,FALSE,standard,947,0.625,0.268,8,0,Friday,2024,0
UK,GBP,PHP,web,51.46,64.32,2.09,73.529412,FALSE,standard,4,0.892,0.407,0,0,Friday,2024,0
US,USD,CAD,web,64.93,64.93,2.28,1.351351,FALSE,standard,263,0.522,0.223,0,0,Friday,2024,0
UK,GBP,EUR,mobile,157.11,196.39,3.82,1.157407,TRUE,standard,718,0.953,0.169,0,0.05,Saturday,2024,0
US,USD,NGN,web,55.98,55.98,1.76,1111.111111,TRUE,standard,1018,0.934,0.087,0,0.25,Saturday,2024,0
US,USD,CNY,mobile,113.18,113.18,2.09,7.142857,FALSE,enhanced,257,0.894,0.257,0,0,Saturday,2024,0
US,USD,GBP,ATM,374.5,374.5,6.83,0.8,FALSE,standard,34,0.427,0.068,0,0,Saturday,2024,0
US,USD,EUR,web,179.57,179.57,3.81,0.925926,FALSE,enhanced,257,0.894,0.257,1,0,Saturday,2024,0
US,USD,CAD,web,154.18,154.18,3.68,1.351351,FALSE,standard,263,0.522,0.223,0,0,Saturday,2024,0
US,USD,CNY,mobile,149.18,149.18,3.36,7.142857,TRUE,standard,298,0.336,0.166,0,0,Saturday,2024,0
US,USD,EUR,ATM,125.94,125.94,3.69,0.925926,FALSE,standard,298,0.336,0.166,0,0,Saturday,2024,0
CA,CAD,NGN,ATM,111.87,82.78,2.45,822.222222,TRUE,standard,172,0.881,0.199,0,0,Saturday,2024,0
US,USD,NGN,web,182.96,182.96,3.68,1111.111111,FALSE,standard,1018,0.934,0.087,0,0.25,Sunday,2024,0
US,USD,PHP,mobile,203.51,203.51,4.4,58.823529,FALSE,standard,263,0.522,0.223,0,0.1,Sunday,2024,0
US,USD,CAD,mobile,111.45,111.45,3.17,1.351351,FALSE,standard,263,0.522,0.223,0,0,Sunday,2024,0
US,USD,PHP,mobile,237.75,237.75,4.43,58.823529,TRUE,enhanced,661,0.92,0.259,0,0.1,Sunday,2024,0
UK,GBP,NGN,mobile,326.69,408.36,-1,1388.888889,FALSE,standard,4,-0.1,0.407,0,0.22,Sunday,2024,0
US,USD,MXN,mobile,286.93,286.93,5.65,17.241379,FALSE,standard,263,0.522,0.223,0,0.2,Sunday,2024,0
UK,GBP,NGN,web,150.25,187.82,3.77,1388.888889,FALSE,standard,718,0.953,0.169,1,0.22,Sunday,2024,0
UK,GBP,GBP,mobile,230.32,287.9,4.16,1,FALSE,low,704,0.515,0.283,0,0,Sunday,2024,0
US,USD,CNY,mobile,522.3,522.3,9.57,7.142857,FALSE,standard,1018,0.934,0.087,0,0,Monday,2024,0
UK,GBP,INR,mobile,168.46,210.57,3.39,104.166667,FALSE,standard,4,0.892,0.407,0,0,Monday,2024,1
US,USD,GBP,ATM,41.97,41.97,1.7,0.8,FALSE,standard,298,0.336,0.166,0,0,Monday,2024,0
US,USD,PHP,mobile,-66.67,66.67,9999.99,58.823529,FALSE,standard,298,-0.1,0.166,0,0.1,Monday,2024,0
US,USD,USD,web,55.78,55.78,2,1,FALSE,enhanced,367,0.939,0.176,0,0,Monday,2024,0
UK,GBP,USD,mobile,162.4,203,3.57,1.25,FALSE,standard,4,0.892,0.407,0,0,Monday,2024,0
US,USD,CNY,ATM,137.19,137.19,2.43,7.142857,FALSE,standard,147,0.551,0.391,0,0,Monday,2024,0
US,USD,CNY,mobile,202.15,202.15,4.37,7.142857,FALSE,enhanced,367,0.939,0.176,0,0,Monday,2024,0
US,USD,CAD,web,153.44,153.44,3.43,1.351351,FALSE,standard,147,0.551,0.391,0,0,Tuesday,2024,0
US,USD,PHP,mobile,75.6,75.6,1.74,58.823529,FALSE,standard,298,0.336,0.166,0,0.1,Tuesday,2024,0
US,USD,CNY,ATM,81.02,81.02,2.6,7.142857,FALSE,standard,1018,0.934,0.087,0,0,Tuesday,2024,0
US,USD,USD,mobile,124.31,124.31,3.4,1,TRUE,standard,1018,0.934,0.087,0,0,Tuesday,2024,0
US,USD,GBP,mobile,211.35,211.35,4.75,0.8,FALSE,standard,263,0.522,0.223,0,0,Tuesday,2024,0
US,USD,NGN,mobile,395.09,395.09,6.65,1111.111111,FALSE,standard,298,0.336,0.166,0,0.25,Tuesday,2024,0
US,USD,MXN,mobile,-155.85,155.85,9999.99,17.241379,FALSE,standard,147,-0.1,0.391,0,0.2,Tuesday,2024,0
UK,GBP,CNY,mobile,102.33,127.91,2.74,8.928571,FALSE,standard,718,0.953,0.169,0,0,Tuesday,2024,0
US,USD,MXN,ATM,226.04,226.04,4.34,17.241379,FALSE,standard,263,0.522,0.223,0,0.2,Tuesday,2024,0
US,USD,PHP,mobile,120.91,120.91,1.74,58.823529,TRUE,standard,298,0.186,0.166,0,0.1,Tuesday,2024,0
US,USD,EUR, mobile  ,414.59,414.59,7.86,0.925926,FALSE,standard,147,0.551,0.391,0,0,Tuesday,2024,0
UK,GBP,INR,mobile,67.48,84.35,1.39,104.166667,FALSE,standard,4,0.892,0.407,0,0,Tuesday,2024,0
US,USD,PHP,web,131.4,131.4,3.06,58.823529,FALSE,enhanced,367,0.939,0.176,1,0.1,Tuesday,2024,0
CA,CAD,CNY,web,263.23,194.79,5.96,5.285714,TRUE,standard,947,0.625,0.268,0,0,Tuesday,2024,0
US,USD,CAD,mobile,34.68,34.68,1.12,1.351351,FALSE,enhanced,257,0.894,0.257,0,0,Tuesday,2024,0
US,USD,NGN,mobile,126.26,126.26,2.6,1111.111111,FALSE,enhanced,367,0.939,0.176,0,0.25,Wednesday,2024,0
US,USD,EUR,mobile,610.8,410.97,110.92,0.925926,FALSE,unknown,298,0.68,0.166,0,0,Wednesday,2024,0
CA,CAD,USD,mobile,80.42,59.51,3.4,0.74,FALSE,standard,725,0.824,0.212,0,0,-1,0,0
US,USD,EUR,mobile,199.77,199.77,3.98,0.925926,FALSE,standard,263,0.522,0.223,0,0,Wednesday,2024,0
US,USD,NGN,web,40.57,40.57,1.87,1111.111111,FALSE,standard,147,0.551,0.391,0,0.25,Wednesday,2024,0
US,USD,GBP,mobile,59.31,59.31,2.43,0.8,FALSE,standard,147,0.551,0.391,0,0,Wednesday,2024,0
US,USD,INR,web,81.42,81.42,2.47,83.333333,FALSE,enhanced,257,0.894,0.257,0,0,Wednesday,2024,0
US,USD,MXN,web,90.13,90.13,-1,17.241379,FALSE,standard,263,-0.1,0.223,0,0.2,Wednesday,2024,0
US,USD,USD,mobile,62.16,62.16,2.09,1,FALSE,low,415,0.568,0.304,0,0,Wednesday,2024,0
US,USD,USD,ATM,148.24,148.24,4.17,1,FALSE,standard,263,0.522,0.223,0,0,Wednesday,2024,0
US,USD,INR,mobile,1470.94,1470.94,23.14,83.333333,FALSE,standard,147,0.551,0.391,0,0,Thursday,2024,1
UK,GBP,USD,mobile,189.53,236.91,4.53,1.25,FALSE,standard,4,0.892,0.407,0,0,Thursday,2024,0
UK,GBP,INR,mobile,103.21,129.02,2.02,104.166667,FALSE,standard,4,0.892,0.407,0,0,Thursday,2024,0
US,USD,INR,web,104.88,104.88,3.21,83.333333,FALSE,standard,263,0.522,0.223,0,0,Thursday,2024,0
UK,GBP,GBP,web,143.06,178.83,2.79,1,FALSE,standard,4,0.892,0.407,0,0,Thursday,2024,0
CA,CAD,GBP,mobile,166.15,122.95,3.01,0.592,FALSE,standard,947,0.625,0.268,4,0,Thursday,2024,0
UK,GBP,CNY,web,206.01,257.51,4.64,8.928571,FALSE,standard,4,0.892,0.407,0,0,Thursday,2024,0
US,USD,MXN,mobile,267.33,267.33,4.85,17.241379,FALSE,standard,298,0.336,0.166,0,0.2,Thursday,2024,0
UK,GBP,MXN, mobile  ,41.01,51.26,1.02,21.551724,FALSE,standard,4,0.742,0.407,0,0,Thursday,2024,0
US,USD,CNY,mobile,141.56,141.56,2.39,7.142857,FALSE,standard,263,0.372,0.223,0,0,Thursday,2024,0
US,USD,INR,mobile,167.12,167.12,3.39,83.333333,FALSE,standard,298,0.336,0.166,0,0,Thursday,2024,0
US,USD,PHP,ATM,1032.9,1032.9,16.07,58.823529,FALSE,standard,298,0.336,0.166,0,0.1,Friday,2024,0
US,USD,CAD,mobile,116.42,116.42,2.81,1.351351,FALSE,standard,1018,0.934,0.087,0,0,Friday,2024,0
US,USD,GBP,mobile,28.46,28.46,1.09,0.8,FALSE,standard,298,0.336,0.166,0,0,Friday,2024,0
US,USD,INR,mobile,28.3,28.3,2.13,83.333333,FALSE,standard,263,0.522,0.223,0,0,Friday,2024,0
US,USD,CNY,mobile,139.35,139.35,3.8,7.142857,FALSE,enhanced,257,0.894,0.257,1,0,Friday,2024,0
US,USD,CAD,ATM,144.47,144.47,3.01,1.351351,FALSE,standard,1018,0.934,0.087,0,0,Friday,2024,0
US,USD,EUR,web,343.31,343.31,6.29,0.925926,FALSE,standard,298,0.336,0.166,0,0,Friday,2024,0
US,USD,NGN,mobile,717.46,717.46,11.47,1111.111111,TRUE,standard,1018,0.934,0.087,0,0.25,Friday,2024,0
UK,GBP,GBP,mobile,9993.03,12491.29,150.02,1,FALSE,standard,4,0.892,0.407,0,0,Friday,2024,0
US,USD,MXN,mobile,205.35,205.35,3.54,17.241379,FALSE,enhanced,257,0.894,0.257,0,0.2,Friday,2024,0
US,USD,NGN,mobile,124.83,124.83,2.57,1111.111111,FALSE,standard,1018,0.934,0.087,0,0.25,Friday,2024,0
CA,CAD,EUR,web,49.1,36.33,2.05,0.685185,FALSE,standard,947,0.625,0.268,0,0,Friday,2024,0
US,USD,CNY,mobile,548.52,548.52,9.16,7.142857,FALSE,standard,859,0.96,0.363,0,0,Friday,2024,0
UK,GBP,GBP,web,121.01,151.27,2.62,1,FALSE,standard,4,0.892,0.407,0,0,Friday,2024,0
US,USD,INR,web,96.6,96.6,2.01,83.333333,FALSE,enhanced,367,0.939,0.176,0,0,Friday,2024,0
UK,GBP,PHP,mobile,317.13,396.41,6.17,73.529412,FALSE,standard,4,0.892,0.407,0,0,Friday,2024,0
US,USD,MXN,mobile,168.82,168.82,4.02,17.241379,FALSE,standard,298,0.336,0.166,0,0.2,Saturday,2024,0
US,USD,EUR,mobile,133.38,133.38,3.1,0.925926,FALSE,standard,147,0.551,0.391,0,0,Saturday,2024,0
US,USD,USD,mobile,423.91,423.91,7.21,1,FALSE,standard,298,0.336,0.166,0,0,Saturday,2024,0
US,USD,MXN,ATM,446.17,446.17,7.12,17.241379,FALSE,standard,263,0.522,0.223,0,0.2,Saturday,2024,0
US,USD,USD,web,118.12,118.12,3.01,1,FALSE,standard,147,0.551,0.391,1,0,Saturday,2024,0
US,USD,EUR,web,135.28,135.28,3.23,0.925926,FALSE,standard,263,0.522,0.223,0,0,Saturday,2024,0
US,USD,EUR,web,163.88,163.88,3.46,0.925926,FALSE,standard,830,0.799,0.102,0,0,Saturday,2024,0
US,USD,CAD,mobile,62.57,62.57,1.41,1.351351,TRUE,enhanced,257,0.894,0.257,1,0,Saturday,2024,0
UK,GBP,USD,web,167.19,208.99,2.95,1.25,FALSE,standard,4,0.892,0.407,0,0,Saturday,2024,0
US,USD,INR,web,513.19,513.19,8.08,83.333333,FALSE,standard,298,0.336,0.166,0,0,Sunday,2024,0
US,USD,PHP,web,478.61,478.61,7.88,58.823529,FALSE,standard,298,0.336,0.166,0,0.1,Sunday,2024,0
US,USD,EUR,web,224.65,224.65,4.48,0.925926,FALSE,enhanced,257,0.894,0.257,0,0,Sunday,2024,0
US,USD,GBP,ATM,159.54,159.54,3.92,0.8,FALSE,enhanced,367,0.939,0.176,0,0,Sunday,2024,0
CA,CAD,PHP,mobile,225.9,167.17,3.75,43.529412,FALSE,low,615,0.515,0.355,0,0,Sunday,2024,0
US,USD,PHP,web,43.62,43.62,1.07,58.823529,FALSE,standard,1018,0.934,0.087,0,0.1,Sunday,2024,0
US,USD,PHP,mobile,114.51,114.51,2.8,58.823529,FALSE,enhanced,661,0.92,0.259,0,0.1,Sunday,2024,0
US,USD,GBP,web,101.34,101.34,2.89,0.8,FALSE,enhanced,257,0.894,0.257,0,0,Sunday,2024,0
CA,CAD,CAD,mobile,-217.03,160.6,9999.99,1,FALSE,standard,947,-0.1,0.268,0,0,Sunday,2024,0
CA,CAD,INR,mobile,142.52,105.46,3.04,61.666667,FALSE,low,615,0.515,0.355,0,0.12,Sunday,2024,0
US,USD,NGN,mobile,109.46,109.46,2.85,1111.111111,TRUE,standard,34,0.427,0.068,0,0.25,Sunday,2024,0
US,USD,NGN,mobile,175.18,175.18,2.69,1111.111111,FALSE,enhanced,257,0.894,0.257,0,0.25,Monday,2024,0
UK,GBP,GBP,mobile,43.24,54.05,1.78,1,FALSE,standard,4,0.892,0.407,1,0,Monday,2024,0
US,USD,CAD,mobile,647.99,647.99,10.25,1.351351,FALSE,standard,263,0.522,0.223,0,0,Monday,2024,0
CA,CAD,EUR,mobile,182.63,135.15,3.71,0.685185,TRUE,standard,947,0.625,0.268,0,0,Monday,2024,0
CA,CAD,NGN,mobile,127.57,94.4,3.41,822.222222,FALSE,standard,947,0.625,0.268,0,0,Monday,2024,0
CA,CAD,CNY,mobile,174.02,128.77,2.85,5.285714,TRUE,standard,947,0.625,0.268,0,0,Monday,2024,0
US,USD,USD,mobile,156.41,156.41,3.3,1,FALSE,standard,1016,0.944,0.247,0,0,Monday,2024,0
US,USD,CAD,mobile,32.76,32.76,1.09,1.351351,FALSE,standard,147,0.551,0.391,0,0,Monday,2024,0
US,USD,GBP,web,146.95,146.95,3.79,0.8,FALSE,standard,298,0.336,0.166,0,0,Monday,2024,0
US,USD,NGN,mobile,787.61,787.61,12.5,1111.111111,FALSE,standard,298,0.336,0.166,0,0.25,Tuesday,2024,0
US,USD,EUR,web,81.72,81.72,2.5,0.925926,FALSE,standard,1018,0.934,0.087,0,0,Tuesday,2024,0
US,USD,PHP,web,148.7,148.7,3.67,58.823529,FALSE,standard,298,0.336,0.166,0,0.1,Tuesday,2024,1
US,USD,CNY,mobile,297.38,297.38,6.2,7.142857,FALSE,standard,1018,0.934,0.087,0,0,Wednesday,2024,0
UK,GBP,NGN,mobile,138.76,173.45,3.53,1388.888889,FALSE,standard,4,0.892,0.407,0,0.22,Wednesday,2024,0
US,USD,EUR,web,93.63,93.63,2.94,0.925926,FALSE,standard,1018,0.934,0.087,0,0,Wednesday,2024,0
US,USD,INR,mobile,444.74,444.74,6.99,83.333333,FALSE,enhanced,367,0.939,0.176,0,0,Wednesday,2024,0
US,USD,MXN,mobile,1373.2,1373.2,21.42,17.241379,FALSE,standard,147,0.551,0.391,7,0.2,Wednesday,2024,0
CA,CAD,CAD,mobile,28.16,20.84,2.28,1,FALSE,low,824,0.607,0.282,0,0,Wednesday,2024,0
US,USD,PHP,mobile,328.5,328.5,6.1,58.823529,FALSE,standard,1018,0.934,0.087,0,0.1,Wednesday,2024,0
UK,GBP,PHP,mobile,143.87,179.83,2.85,73.529412,FALSE,standard,4,0.892,0.407,0,0,Wednesday,2024,0
US,USD,GBP,web,404.7,404.7,8.05,0.8,FALSE,standard,263,0.522,0.223,0,0,Wednesday,2024,0
UK,GBP,CNY,mobile,565.29,706.62,9.39,8.928571,TRUE,standard,718,0.953,0.169,0,0,Wednesday,2024,0
US,USD,PHP,web,24.41,24.41,1.3,58.823529,FALSE,standard,298,0.336,0.166,0,0.1,Wednesday,2024,0
UK,GBP,USD,mobile,97.72,122.15,2.49,1.25,FALSE,standard,4,0.892,0.407,0,0,Thursday,2024,0
US,USD,USD,web,63.45,63.45,1.91,1,FALSE,standard,298,0.336,0.166,0,0,-1,0,0
US,USD,EUR,mobile,33.16,33.16,2.38,0.925926,FALSE,standard,298,0.336,0.166,0,0,Thursday,2024,0
UK,GBP,CAD,mobile,80.28,100.35,3.61,1.689189,FALSE,standard,718,0.953,0.169,0,0,Thursday,2024,0
US,USD,CNY,ATM,91.92,91.92,2.6,7.142857,FALSE,standard,263,0.372,0.223,0,0,Thursday,2024,0
US,USD,USD,web,513.41,513.41,9.08,1,TRUE,enhanced,367,0.939,0.176,0,0,Thursday,2024,0
US,USD,NGN,mobile,84.17,84.17,2.63,1111.111111,FALSE,standard,147,0.551,0.391,0,0.25,Thursday,2024,0
US,USD,CAD,mobile,500.08,410.97,110.92,1.351351,FALSE,unknown,257,0.68,0.257,0,0,Thursday,2024,0
US,USD,NGN,web,60.11,60.11,2.23,1111.111111,FALSE,standard,1018,0.934,0.087,0,0.25,Thursday,2024,1
CA,CAD,PHP,web,223.24,165.2,4.14,43.529412,TRUE,standard,947,0.625,0.268,0,0,Thursday,2024,0
US,USD,INR,mobile,65.01,65.01,1.51,83.333333,FALSE,standard,298,0.336,0.166,0,0,Friday,2024,0
US,USD,PHP,web,113.89,113.89,2.99,58.823529,FALSE,standard,1018,0.934,0.087,0,0.1,Friday,2024,0
US,USD,USD,web,26.66,26.66,0.84,1,FALSE,standard,263,0.372,0.223,0,0,Friday,2024,0
US,USD,PHP,mobile,101.46,101.46,1.8,58.823529,FALSE,enhanced,257,0.894,0.257,0,0.1,Friday,2024,0
UK,GBP,CAD,mobile,109.3,136.63,-1,1.689189,FALSE,standard,4,-0.1,0.407,0,0,Friday,2024,0
US,USD,PHP,mobile,93.24,93.24,1.84,58.823529,FALSE,standard,298,0.336,0.166,0,0.1,Friday,2024,0
UK,GBP,EUR,mobile,136.21,170.26,2.95,1.157407,FALSE,standard,718,0.953,0.169,0,0.05,Friday,2024,0
US,USD,MXN,mobile,333.25,333.25,6.47,17.241379,FALSE,standard,34,0.427,0.068,0,0.2,Friday,2024,0
US,USD,CAD,web,49.37,49.37,-1,1.351351,FALSE,standard,298,-0.1,0.166,0,0,Friday,2024,0
UK,GBP,NGN,mobile,182.32,227.91,2.87,1388.888889,FALSE,standard,4,0.892,0.407,0,0.22,Saturday,2024,1
US,USD,PHP,web,67.71,67.71,1.48,58.823529,FALSE,enhanced,257,0.894,0.257,1,0.1,Saturday,2024,0
US,USD,USD,web,315.62,315.62,4.65,1,FALSE,standard,147,0.551,0.391,0,0,Saturday,2024,0
US,USD,CNY,web,94.48,94.48,2.66,7.142857,FALSE,standard,263,0.522,0.223,0,0,-1,0,0
US,USD,USD,mobile,92.6,92.6,2,1,TRUE,standard,263,0.522,0.223,0,0,Saturday,2024,0
CA,CAD,NGN,mobile,49.9,36.93,1.43,822.222222,FALSE,low,615,0.365,0.355,0,0,Saturday,2024,0
UK,GBP,GBP,mobile,301.45,376.81,5.66,1,FALSE,standard,718,0.953,0.169,0,0,Saturday,2024,0
US,USD,EUR,web,137.25,137.25,3.31,0.925926,FALSE,enhanced,367,0.939,0.176,0,0,Sunday,2024,0
US,USD,USD,mobile,159.91,159.91,3.27,1,TRUE,standard,147,0.551,0.391,0,0,Sunday,2024,0
UK,GBP,MXN,mobile,238.94,298.67,4.39,21.551724,FALSE,standard,718,0.953,0.169,0,0,Sunday,2024,0
US,USD,USD,mobile,163.23,163.23,3.72,1,FALSE,standard,147,0.551,0.391,0,0,Sunday,2024,0
CA,CAD,CNY,web,131.97,97.66,3.58,5.285714,TRUE,standard,1041,0.717,0.245,0,0,Sunday,2024,0
CA,CAD,EUR,web,107.87,79.82,3.28,0.685185,TRUE,standard,947,0.625,0.268,0,0,Sunday,2024,0
US,USD,USD,mobile,75.36,75.36,2.12,1,FALSE,standard,263,0.522,0.223,0,0,Sunday,2024,0
UK,GBP,CNY,web,100.53,125.66,2.75,8.928571,FALSE,standard,4,0.892,0.407,0,0,Monday,2024,0
US,USD,CAD,mobile,115.12,115.12,3.37,1.351351,FALSE,enhanced,257,0.894,0.257,0,0,Monday,2024,0
UK,GBP,NGN,mobile,320.06,400.08,6.04,1388.888889,FALSE,standard,236,0.654,0.128,0,0.22,Monday,2024,0
US,USD,NGN,mobile,79.74,79.74,2.41,1111.111111,FALSE,standard,1018,0.934,0.087,0,0.25,Monday,2024,0
US,USD,NGN,mobile,-138.65,138.65,9999.99,1111.111111,FALSE,standard,830,-0.1,0.102,1,0.25,Monday,2024,0
US,USD,EUR,mobile,74.74,74.74,2.83,0.925926,FALSE,standard,298,0.336,0.166,0,0,Monday,2024,0
UK,GBP,EUR,web,26.71,33.39,1.09,1.157407,FALSE,standard,4,0.892,0.407,0,0.05,Tuesday,2024,0
US,USD,INR,web,131.39,131.39,2.04,83.333333,FALSE,standard,1018,0.934,0.087,0,0,Tuesday,2024,0
US,USD,CNY,web,142.62,142.62,3.98,7.142857,FALSE,enhanced,367,0.939,0.176,0,0,Saturday,2025,0
US,USD,CAD,mobile,146.99,146.99,3.16,1.351351,FALSE,standard,263,0.522,0.223,0,0,Tuesday,2024,0
US,USD,INR,ATM,120,120,2.26,83.333333,TRUE,standard,1018,0.934,0.087,0,0,Tuesday,2024,0
US,USD,INR,mobile,270.85,270.85,5.24,83.333333,FALSE,low,954,0.576,0.332,0,0,Tuesday,2024,0
US,USD,NGN,web,45.15,45.15,2.59,1111.111111,FALSE,enhanced,257,0.894,0.257,0,0.25,Wednesday,2024,0
US,USD,EUR,mobile,46.93,46.93,2.68,0.925926,FALSE,enhanced,257,0.894,0.257,0,0,Wednesday,2024,0
US,USD,USD,web,293.8,293.8,6.56,1,FALSE,standard,1018,0.934,0.087,0,0,Wednesday,2024,0
UK,GBP,CNY,web,32.07,40.08,1.42,8.928571,FALSE,standard,4,0.892,0.407,0,0,Wednesday,2024,1
US,USD,GBP,web,122.28,122.28,3.81,0.8,FALSE,standard,147,0.551,0.391,0,0,Wednesday,2024,0
UK,GBP,MXN,mobile,9990.13,12487.66,150.7,21.551724,FALSE,low,704,0.515,0.283,0,0,Wednesday,2024,0
unknown,USD,CAD,mobille,85.21,85.21,2.91,1.351351,FALSE,enhanced,257,0.894,0.257,0,0,Wednesday,2024,0
US,USD,INR,web,43.66,43.66,1.26,83.333333,FALSE,standard,147,0.551,0.391,0,0,Wednesday,2024,0
US,USD,USD,mobile,441.8,441.8,8.23,1,FALSE,standard,1048,0.79,0.125,0,0,Wednesday,2024,0
UK,GBP,PHP,mobile,381.75,477.19,6.97,73.529412,FALSE,standard,718,0.953,0.169,0,0,Wednesday,2024,0
US,USD,INR,web,88.99,88.99,3.75,83.333333,FALSE,standard,1018,0.934,0.087,0,0,Wednesday,2024,0
US,USD,CAD,web,36.91,36.91,1.5,1.351351,FALSE,standard,298,0.336,0.166,0,0,Wednesday,2024,0
US,USD,CNY,web,19.02,19.02,1,7.142857,FALSE,standard,859,0.96,0.363,0,0,Thursday,2024,0
US,USD,PHP,web,292.6,292.6,5.79,58.823529,FALSE,standard,1018,0.934,0.087,0,0.1,Thursday,2024,0
US,USD,CAD,mobile,514.37,514.37,8.48,1.351351,FALSE,standard,263,0.522,0.223,0,0,Thursday,2024,0
US,USD,MXN,mobile,456.58,456.58,8.17,17.241379,FALSE,enhanced,257,0.894,0.257,3,0.2,Thursday,2024,0
UK,GBP,PHP,mobile,271.37,339.21,5.39,73.529412,FALSE,standard,4,0.892,0.407,0,0,Thursday,2024,0
US,USD,CAD,mobile,319.29,319.29,5.89,1.351351,FALSE,standard,263,0.522,0.223,0,0,Thursday,2024,0
US,USD,EUR,mobile,532.19,532.19,9.36,0.925926,TRUE,standard,298,0.336,0.166,0,0,Thursday,2024,0
US,USD,INR,mobile,272.13,272.13,5.85,83.333333,FALSE,standard,147,0.401,0.391,0,0,Thursday,2024,0
US,USD,EUR,mobile,54.97,54.97,1.77,0.925926,FALSE,enhanced,367,0.939,0.176,0,0,Thursday,2024,0
US,USD,EUR,mobile,213.02,213.02,4.69,0.925926,FALSE,standard,147,0.401,0.391,0,0,Thursday,2024,0
US,USD,EUR,mobile,380.2,380.2,6.34,0.925926,FALSE,enhanced,257,0.894,0.257,0,0,Friday,2024,0
US,USD,INR,web,118.53,118.53,3.48,83.333333,FALSE,enhanced,367,0.939,0.176,0,0,Friday,2024,0
US,USD,EUR,unknown,99.37,99.37,2.1,0.925926,FALSE,enhanced,257,0.894,0.257,0,0,Friday,2024,0
US,USD,USD,web,36.74,36.74,1.82,1,FALSE,standard,34,0.427,0.068,0,0,Friday,2024,0
US,USD,PHP,web,174.89,174.89,3.08,58.823529,FALSE,enhanced,367,0.939,0.176,0,0.1,Friday,2024,0
UK,GBP,PHP,web,258.47,323.09,4.5,73.529412,FALSE,standard,4,0.892,0.407,0,0,Friday,2024,0
UK,GBP,NGN,mobile,112.37,140.46,2.5,1388.888889,FALSE,standard,718,0.803,0.169,0,0.22,Friday,2024,0
UK,GBP,NGN,mobile,127.93,159.91,2.63,1388.888889,FALSE,standard,4,0.892,0.407,0,0.22,Friday,2024,1
US,USD,EUR,mobile,796.83,796.83,13.36,0.925926,TRUE,standard,263,0.522,0.223,0,0,Friday,2024,0
CA,CAD,EUR,mobile,145.34,107.55,3.51,0.685185,FALSE,standard,1041,0.867,0.245,0,0,Friday,2024,0
UK,GBP,PHP,mobile,108.27,135.33,1.94,73.529412,FALSE,standard,4,0.892,0.407,0,0,Friday,2024,0
US,USD,PHP,mobile,102.49,102.49,2.72,58.823529,FALSE,standard,147,0.551,0.391,0,0.1,Friday,2024,0
CA,CAD,PHP,mobile,80.61,59.65,2,43.529412,FALSE,standard,725,0.824,0.212,0,0,Friday,2024,0
US,USD,USD,web,1012.1,1012.1,16.38,1,TRUE,standard,298,0.336,0.166,0,0,Friday,2024,0
US,USD,PHP,mobile,337.89,337.89,6.73,58.823529,FALSE,low,415,0.568,0.304,1,0.1,Friday,2024,0
US,USD,INR,mobile,73.04,73.04,2.57,83.333333,TRUE,standard,638,0.839,0.244,0,0,Saturday,2024,0
US,USD,INR,mobile,312.77,312.77,6.21,83.333333,FALSE,standard,1018,0.934,0.087,0,0,Saturday,2024,0
US,USD,CNY,mobile,338.8,338.8,5.93,7.142857,FALSE,standard,263,0.522,0.223,0,0,Saturday,2024,0
UK,GBP,CAD,mobile,220.83,276.03,4.38,1.689189,FALSE,standard,718,0.953,0.169,1,0,Saturday,2024,0
US,USD,CNY,mobile,437.24,437.24,6.74,7.142857,FALSE,standard,298,0.336,0.166,0,0,Saturday,2024,0
US,USD,PHP,mobile,98.69,98.69,2.94,58.823529,FALSE,standard,263,0.522,0.223,0,0.1,Saturday,2024,0
US,USD,EUR,web,229.4,229.4,4.17,0.925926,FALSE,low,616,0.702,0.361,0,0,Saturday,2024,0
US,USD,NGN,mobile,406.28,406.28,7.65,1111.111111,FALSE,standard,147,0.551,0.391,0,0.25,Friday,2025,0
CA,CAD,MXN,mobile,76.39,56.53,1.02,12.758621,FALSE,low,824,0.607,0.282,0,0,Saturday,2024,0
US,USD,CNY,mobile,119.42,119.42,2.06,7.142857,FALSE,standard,298,0.336,0.166,1,0,Saturday,2024,0
CA,CAD,EUR,mobile,238.21,176.27,5.3,0.685185,FALSE,standard,947,0.625,0.268,0,0,Sunday,2024,0
UK,GBP,MXN,mobile,241.68,302.1,4.53,21.551724,TRUE,standard,4,0.892,0.407,0,0,Sunday,2024,0
CA,CAD,USD,mobile,19.83,14.67,1.09,0.74,FALSE,low,615,0.515,0.355,0,0,Sunday,2024,0
US,USD,GBP,mobile,349.83,349.83,5.93,0.8,FALSE,standard,298,0.186,0.166,0,0,Sunday,2024,0
US,USD,CNY,mobile,72.07,72.07,1.52,7.142857,TRUE,enhanced,367,0.939,0.176,0,0,Sunday,2024,0
US,USD,PHP,web,163.51,163.51,4.15,58.823529,FALSE,standard,298,0.336,0.166,6,0.1,Sunday,2024,0
US,USD,USD,mobile,87.51,87.51,1.87,1,FALSE,standard,263,0.522,0.223,0,0,Sunday,2024,0
US,USD,INR,mobile,106.14,106.14,2.76,83.333333,FALSE,standard,147,0.551,0.391,0,0,Sunday,2024,0
US,USD,NGN,mobile,144.88,410.97,110.92,1111.111111,FALSE,unknown,298,0.68,0.166,0,0.25,Monday,2024,0
CA,CAD,USD,mobile,65.33,48.35,2.93,0.74,FALSE,standard,947,0.625,0.268,0,0,Monday,2024,0
US,USD,PHP,mobile,111.36,111.36,2.14,58.823529,FALSE,standard,263,0.522,0.223,0,0.1,Monday,2024,0
UK,GBP,CNY,mobile,197.59,246.99,3.09,8.928571,FALSE,standard,718,0.953,0.169,0,0,Monday,2024,0
US,USD,GBP,ATM,166.73,166.73,2.86,0.8,TRUE,standard,263,0.522,0.223,0,0,Monday,2024,0
US,USD,INR,mobile,268.16,268.16,4.59,83.333333,FALSE,standard,147,0.401,0.391,1,0,Monday,2024,0
US,USD,NGN,mobile,646.48,646.48,10.34,1111.111111,FALSE,enhanced,257,0.894,0.257,0,0.25,-1,0,0
CA,CAD,USD,mobile,557.03,412.2,9.65,0.74,FALSE,low,615,0.515,0.355,7,0,Monday,2024,1
US,USD,CNY,mobile,651.84,651.84,10.37,7.142857,FALSE,standard,298,0.336,0.166,0,0,Monday,2024,0
US,USD,CNY,mobile,392.64,392.64,6.82,7.142857,FALSE,standard,1018,0.934,0.087,0,0,Monday,2024,0
UK,GBP,PHP,mobile,115.58,144.48,1.94,73.529412,FALSE,standard,4,0.892,0.407,0,0,Tuesday,2024,0
UK,GBP,PHP,ATM,68,85,2.17,73.529412,FALSE,standard,684,0.833,0.241,1,0,Tuesday,2024,0
US,USD,GBP,mobile,94.89,94.89,1.93,0.8,FALSE,standard,1016,0.944,0.247,0,0,Tuesday,2024,0
UK,GBP,INR,mobile,101.6,127,3.23,104.166667,FALSE,standard,718,0.953,0.169,0,0,Tuesday,2024,0
US,USD,USD,mobile,174.33,174.33,3.74,1,TRUE,standard,298,0.336,0.166,0,0,Tuesday,2024,0
US,USD,CAD,mobile,78.39,78.39,2.57,1.351351,FALSE,standard,1016,0.944,0.247,0,0,Tuesday,2024,0
US,USD,EUR,ATM,415.58,410.97,110.92,0.925926,TRUE,unknown,298,0.68,0.166,0,0,Tuesday,2024,0
US,USD,MXN,mobile,304.38,410.97,110.92,17.241379,FALSE,unknown,298,0.68,0.166,0,0.2,Tuesday,2024,0
US,USD,CAD,web,86.65,86.65,1.66,1.351351,FALSE,enhanced,257,0.894,0.257,0,0,Tuesday,2024,0
US,USD,PHP,ATM,501.53,501.53,8.42,58.823529,FALSE,enhanced,257,0.894,0.257,0,0.1,Wednesday,2024,0
US,USD,PHP,web,90.31,90.31,2.66,58.823529,FALSE,enhanced,257,0.894,0.257,8,0.1,Wednesday,2024,0
US,USD,PHP,ATM,86.43,86.43,2.29,58.823529,FALSE,standard,263,0.522,0.223,0,0.1,Wednesday,2024,0
UK,GBP,NGN,web,241.98,302.48,4.12,1388.888889,FALSE,standard,4,0.892,0.407,0,0.22,Wednesday,2024,0
US,USD,INR,mobile,560.84,560.84,9.28,83.333333,FALSE,standard,263,0.522,0.223,0,0,Wednesday,2024,0
US,USD,NGN,ATM,167.4,167.4,4.37,1111.111111,FALSE,standard,1016,0.944,0.247,1,0.25,Wednesday,2024,0
UK,GBP,MXN,mobile,163.95,204.94,2.71,21.551724,FALSE,standard,718,0.953,0.169,0,0,Wednesday,2024,0
US,USD,CAD,web,140.22,410.97,110.92,1.351351,FALSE,unknown,263,0.68,0.223,1,0,Thursday,2024,0
US,USD,CNY,web,181.77,181.77,3.69,7.142857,FALSE,standard,263,0.522,0.223,0,0,Thursday,2024,0
US,USD,PHP,ATM,231.87,410.97,110.92,58.823529,FALSE,unknown,298,0.68,0.166,0,0.1,Thursday,2024,0
UK,GBP,NGN,ATM,88.66,110.82,2.03,1388.888889,FALSE,standard,4,0.892,0.407,0,0.22,Thursday,2024,0
US,USD,NGN,ATM,425.7,425.7,7.31,1111.111111,FALSE,enhanced,367,0.939,0.176,0,0.25,Friday,2024,0
US,USD,CNY,mobile,17.15,17.15,1.24,7.142857,FALSE,standard,298,0.336,0.166,0,0,Friday,2024,0
US,USD,USD,mobile,166.24,166.24,2.86,1,FALSE,standard,147,0.551,0.391,1,0,Friday,2024,0
US,USD,PHP,web,267.96,267.96,5.05,58.823529,FALSE,standard,298,0.336,0.166,4,0.1,Friday,2024,0
US,USD,EUR,mobile,857.09,857.09,14.03,0.925926,FALSE,enhanced,257,0.894,0.257,0,0,Friday,2024,0
US,USD,MXN,mobile,53.04,53.04,1.81,17.241379,FALSE,standard,298,0.336,0.166,0,0.2,Saturday,2025,0
US,USD,MXN,mobile,216.96,216.96,4.28,17.241379,FALSE,standard,147,0.551,0.391,0,0.2,Friday,2024,0
US,USD,NGN,mobile,99.96,99.96,2.66,1111.111111,FALSE,standard,298,0.336,0.166,0,0.25,Friday,2024,0
US,USD,INR,mobile,364.56,364.56,6.19,83.333333,FALSE,standard,1016,0.944,0.247,8,0,Friday,2024,0
US,USD,USD,ATM,109.49,109.49,2.57,1,FALSE,standard,263,0.522,0.223,0,0,Saturday,2024,0
US,USD,CAD,mobile,144.88,144.88,4,1.351351,FALSE,standard,1018,0.934,0.087,0,0,Saturday,2024,0
US,USD,CAD,mobile,542.21,542.21,7.91,1.351351,FALSE,standard,1058,0.923,0.139,0,0,Saturday,2024,0
CA,CAD,GBP,mobile,130.21,96.36,2.71,0.592,FALSE,standard,947,0.625,0.268,0,0,Saturday,2024,0
CA,CAD,PHP,mobile,58.1,410.97,110.92,43.529412,FALSE,unknown,272,0.68,0.048,0,0,Saturday,2024,0
US,USD,CAD,ATM,9991.78,9991.78,150.79,1.351351,FALSE,standard,298,0.336,0.166,0,0,Saturday,2024,0
US,USD,INR,mobile,121.08,121.08,2.61,83.333333,FALSE,standard,298,0.336,0.166,0,0,Sunday,2024,0
US,USD,EUR,ATM,205.42,410.97,110.92,0.925926,FALSE,unknown,298,0.68,0.166,0,0,Sunday,2024,0
UK,GBP,INR,web,216,270,4.26,104.166667,FALSE,standard,4,0.892,0.407,0,0,Sunday,2024,1
US,USD,INR,mobile,43.52,43.52,2.19,83.333333,FALSE,standard,263,0.522,0.223,0,0,Sunday,2024,0
US,USD,PHP,web,277.63,277.63,4.61,58.823529,FALSE,standard,298,0.336,0.166,0,0.1,Sunday,2024,0
UK,GBP,CNY,web,39.25,49.06,2.24,8.928571,FALSE,standard,4,0.892,0.407,0,0,Sunday,2024,0
UK,GBP,PHP,mobile,142.34,177.93,3.86,73.529412,FALSE,standard,4,0.892,0.407,6,0,Sunday,2024,0
US,USD,INR,mobile,85.77,85.77,1.87,83.333333,FALSE,standard,1016,0.794,0.247,0,0,Sunday,2024,0
US,USD,GBP,mobile,252.6,252.6,5.98,0.8,FALSE,standard,263,0.522,0.223,0,0,Sunday,2024,0
US,USD,PHP,mobile,717.02,717.02,11.17,58.823529,FALSE,enhanced,257,0.894,0.257,0,0.1,Sunday,2024,0
US,USD,CNY,mobile,42.04,42.04,1.75,7.142857,FALSE,standard,263,0.522,0.223,0,0,Monday,2024,0
CA,CAD,PHP,mobile,223.46,165.36,4.11,43.529412,FALSE,standard,947,0.625,0.268,0,0,Monday,2024,0
US,USD,INR,mobile,138.04,138.04,2.79,83.333333,FALSE,standard,1016,0.944,0.247,0,0,Monday,2024,0
US,USD,USD,mobile,63.02,63.02,2.06,1,FALSE,standard,298,0.186,0.166,0,0,Monday,2024,0
US,USD,CAD,web,88.31,88.31,2.84,1.351351,FALSE,standard,298,0.336,0.166,0,0,Monday,2024,0
US,USD,CNY,web,162.52,162.52,3.61,7.142857,FALSE,standard,298,0.336,0.166,0,0,Monday,2024,0
US,USD,NGN,mobile,112.79,112.79,2.49,1111.111111,FALSE,standard,263,0.522,0.223,0,0.25,Monday,2024,0
US,USD,EUR,web,72.39,72.39,1.69,0.925926,FALSE,standard,298,0.336,0.166,0,0,Monday,2024,0
US,USD,USD,ATM,444.36,444.36,8.85,1,FALSE,enhanced,367,0.939,0.176,0,0,Monday,2024,0
US,USD,GBP,mobile,186.36,186.36,4.51,0.8,FALSE,enhanced,367,0.939,0.176,0,0,Monday,2024,0
US,USD,INR,mobile,88.49,88.49,1.96,83.333333,FALSE,standard,298,0.336,0.166,0,0,Monday,2024,0
CA,CAD,USD,mobile,65.52,48.48,1.94,0.74,FALSE,standard,725,0.824,0.212,0,0,Monday,2024,0
 UK  ,GBP,USD,MOBILE,70.5,88.13,1.07,1.25,TRUE,unknown,4,0.892,0.407,0,0,Tuesday,2024,0
US,USD,NGN,ATM,87.79,87.79,2.02,1111.111111,FALSE,enhanced,257,0.894,0.257,0,0.25,Tuesday,2024,0
CA,CAD,EUR,mobile,168.83,124.94,2.83,0.685185,FALSE,low,824,0.607,0.282,0,0,Tuesday,2024,0
US,USD,CAD,mobile,59.95,59.95,1.96,1.351351,FALSE,standard,263,0.522,0.223,0,0,Tuesday,2024,0
CA,CAD,CAD,mobile,125.16,92.62,3,1,TRUE,standard,1041,0.867,0.245,0,0,Tuesday,2024,0
CA,CAD,EUR,mobile,69.92,51.74,1.54,0.685185,TRUE,standard,725,0.824,0.212,0,0,Tuesday,2024,0
UK,GBP,NGN,mobile,40.66,50.82,2.25,1388.888889,FALSE,standard,4,0.892,0.407,0,0.22,Tuesday,2024,0
US,USD,CNY,mobile,293.45,293.45,6.49,7.142857,FALSE,standard,298,0.336,0.166,0,0,Tuesday,2024,0
CA,CAD,EUR,mobile,532.19,393.82,-1,0.685185,FALSE,standard,1041,-0.1,0.245,0,0,Tuesday,2024,0
UK,GBP,CAD,mobile,117.63,147.04,2.72,1.689189,FALSE,standard,4,0.892,0.407,1,0,Tuesday,2024,0
UK,GBP,CNY,web,87.07,108.84,2.02,8.928571,FALSE,standard,4,0.892,0.407,0,0,Wednesday,2024,0
UK,GBP,NGN,mobile,120.06,150.07,3.63,1388.888889,FALSE,standard,4,0.892,0.407,0,0.22,Wednesday,2024,0
UK,GBP,CNY,mobile,229.66,287.08,3.83,8.928571,FALSE,standard,4,0.892,0.407,0,0,Wednesday,2024,0
US,USD,PHP,web,157.14,157.14,2.84,58.823529,FALSE,standard,263,0.522,0.223,5,0.1,Wednesday,2024,0
US,USD,EUR,mobile,89.94,89.94,2.64,0.925926,FALSE,standard,298,0.336,0.166,0,0,Wednesday,2024,0
US,USD,USD,mobile,204.4,204.4,4.33,1,FALSE,enhanced,367,0.939,0.176,0,0,Wednesday,2024,0
US,USD,USD,mobile,512.73,512.73,8.33,1,FALSE,standard,263,0.522,0.223,0,0,Wednesday,2024,0
CA,CAD,CAD,mobile,115.17,85.23,2.48,1,FALSE,standard,947,0.625,0.268,0,0,Thursday,2024,0
US,USD,PHP,ATM,162.26,162.26,3.05,58.823529,FALSE,standard,1018,0.934,0.087,0,0.1,Thursday,2024,0
US,USD,PHP,mobile,-31.53,31.53,9999.99,58.823529,FALSE,standard,147,-0.1,0.391,0,0.1,Thursday,2024,0
CA,CAD,EUR,mobile,64.23,47.53,2.07,0.685185,FALSE,standard,947,0.625,0.268,0,0,Thursday,2024,0
US,USD,CAD,mobile,120.04,120.04,2.4,1.351351,FALSE,standard,1018,0.934,0.087,0,0,Thursday,2024,0
US,USD,CNY,mobile,288.13,288.13,5.73,7.142857,TRUE,standard,298,0.336,0.166,0,0,Thursday,2024,0
CA,CAD,MXN,mobile,194.92,144.24,4.27,12.758621,FALSE,low,824,0.607,0.282,0,0,Thursday,2024,0
US,USD,USD,mobile,147.74,147.74,3.5,1,FALSE,standard,1018,0.934,0.087,0,0,Friday,2024,0
US,USD,USD,web,133.36,133.36,3.12,1,FALSE,standard,298,0.336,0.166,0,0,Friday,2024,0
CA,CAD,EUR,web,101.2,74.89,2.17,0.685185,FALSE,low,615,0.515,0.355,0,0,Friday,2024,0
US,USD,INR,mobile,40.18,40.18,1.67,83.333333,FALSE,standard,34,0.427,0.068,0,0,Friday,2024,0
US,USD,MXN,mobile,78.63,78.63,2.27,17.241379,FALSE,standard,1018,0.934,0.087,0,0.2,Friday,2024,0
UK,GBP,PHP,mobile,47.44,59.3,1.95,73.529412,FALSE,standard,4,0.892,0.407,0,0,Friday,2024,0
UK,GBP,INR,ATM,94.75,410.97,110.92,104.166667,FALSE,unknown,684,0.68,0.241,0,0,Saturday,2024,0
US,USD,PHP,mobile,82.03,82.03,2.08,58.823529,FALSE,standard,298,0.336,0.166,0,0.1,Saturday,2024,0
US,USD,INR,mobile,33.76,33.76,2.38,83.333333,FALSE,standard,1016,0.944,0.247,0,0,Saturday,2024,0
US,USD,INR,web,194.57,194.57,4.34,83.333333,FALSE,standard,298,0.336,0.166,0,0,Saturday,2024,0
US,USD,USD,web,151.9,151.9,3.05,1,FALSE,enhanced,367,0.939,0.176,0,0,Saturday,2024,0
US,USD,EUR,mobile,166.5,166.5,3.7,0.925926,FALSE,enhanced,257,0.894,0.257,0,0,Saturday,2024,0
US,USD,NGN,web,109.54,109.54,1.97,1111.111111,FALSE,enhanced,367,0.939,0.176,0,0.25,Saturday,2024,0
US,USD,GBP,mobile,322.46,322.46,5.92,0.8,FALSE,enhanced,367,0.939,0.176,0,0,Saturday,2024,0
US,USD,NGN,web,108.68,108.68,2.7,1111.111111,FALSE,standard,1018,0.934,0.087,0,0.25,Saturday,2024,0
US,USD,CAD, mobile  ,326.62,326.62,5.51,1.351351,FALSE,standard,263,0.522,0.223,0,0,Sunday,2024,0
UK,GBP,NGN,ATM,209.44,261.8,4.43,1388.888889,TRUE,standard,4,0.892,0.407,0,0.22,Sunday,2024,0
US,USD,GBP,web,71.54,71.54,2.04,0.8,FALSE,standard,263,0.522,0.223,0,0,Sunday,2024,0
US,USD,MXN,mobile,303.67,303.67,6.33,17.241379,FALSE,standard,1016,0.944,0.247,0,0.2,Sunday,2024,0
US,USD,NGN,mobile,514.64,514.64,8.54,1111.111111,TRUE,standard,147,0.551,0.391,0,0.25,Sunday,2024,0
UK,GBP,INR,web,134.26,167.83,3.19,104.166667,FALSE,standard,718,0.953,0.169,0,0,Sunday,2024,0
US,USD,NGN,mobile,81.76,81.76,1.56,1111.111111,FALSE,standard,298,0.336,0.166,0,0.25,Sunday,2024,0
US,USD,NGN,mobile,68.61,68.61,1.83,1111.111111,FALSE,standard,263,0.522,0.223,0,0.25,Monday,2024,0
US,USD,PHP,mobile,73.1,73.1,2.82,58.823529,TRUE,standard,1018,0.934,0.087,1,0.1,Monday,2024,0
US,USD,GBP,web,327.76,327.76,6.21,0.8,TRUE,enhanced,367,0.939,0.176,0,0,Monday,2024,0
CA,CAD,USD,web,617.54,456.98,-1,0.74,FALSE,standard,172,-0.1,0.199,0,0,Monday,2024,0
CA,CAD,CNY,mobile,371.29,274.75,7.22,5.285714,FALSE,standard,172,0.881,0.199,9,0,Monday,2024,0
US,USD,MXN,web,67.69,67.69,2.59,17.241379,FALSE,enhanced,257,0.744,0.257,0,0.2,Monday,2024,0
CA,CAD,EUR,mobile,99.06,73.31,2.32,0.685185,FALSE,standard,947,0.625,0.268,8,0,Monday,2024,0
US,USD,NGN,mobille,103.91,103.91,3.24,1111.111111,FALSE,standard,1018,0.934,0.087,0,0.25,Monday,2024,0
US,USD,PHP,mobile,116.88,116.88,2.71,58.823529,FALSE,enhanced,257,0.894,0.257,0,0.1,Monday,2024,0
US,USD,MXN,mobile,79.71,79.71,2.01,17.241379,FALSE,enhanced,367,0.939,0.176,0,0.2,Monday,2024,0
US,USD,EUR,mobile,633.5,633.5,12,0.925926,FALSE,standard,1018,0.934,0.087,0,0,Monday,2024,0
US,USD,PHP,web,404.02,404.02,7.16,58.823529,FALSE,standard,830,0.799,0.102,0,0.1,Tuesday,2024,0
US,USD,EUR,web,136.63,136.63,2.85,0.925926,FALSE,standard,263,0.522,0.223,0,0,Tuesday,2024,0
US,USD,NGN,ATM,312.45,312.45,6.8,1111.111111,FALSE,standard,648,0.62,0.24,0,0.25,Tuesday,2024,0
UK,GBP,NGN,web,78.05,97.56,2.12,1388.888889,FALSE,standard,4,0.742,0.407,0,0.22,Tuesday,2024,0
US,USD,CAD,web,79.79,79.79,2.21,1.351351,FALSE,standard,263,0.522,0.223,0,0,Tuesday,2024,0
US,USD,CAD,web,259.03,259.03,4.75,1.351351,FALSE,standard,263,0.522,0.223,0,0,Tuesday,2024,0
UK,GBP,CAD,mobile,159.74,199.68,4.45,1.689189,FALSE,standard,684,0.833,0.241,0,0,Tuesday,2024,0
US,USD,USD,mobile,143.89,143.89,3.47,1,FALSE,standard,298,0.336,0.166,0,0,Tuesday,2024,0
US,USD,PHP,mobile,9991.57,9991.57,151.3,58.823529,TRUE,standard,1018,0.934,0.087,0,0.1,Tuesday,2024,0
US,USD,EUR,mobile,132.06,132.06,2.11,0.925926,FALSE,standard,147,0.551,0.391,0,0,Tuesday,2024,0
US,USD,USD,web,690.92,690.92,12.26,1,FALSE,standard,263,0.522,0.223,0,0,Tuesday,2024,0
US,USD,USD,mobile,323.22,323.22,5.45,1,TRUE,standard,1018,0.934,0.087,0,0,Tuesday,2024,0
US,USD,EUR,mobile,436.39,436.39,7.2,0.925926,FALSE,standard,263,0.522,0.223,0,0,Tuesday,2024,0
US,USD,GBP,mobile,189.71,189.71,4.56,0.8,FALSE,standard,147,0.401,0.391,0,0,Wednesday,2025,0
US,USD,GBP,ATM,175.58,175.58,3.77,0.8,FALSE,enhanced,257,0.894,0.257,5,0,Wednesday,2025,0
UK,GBP,GBP,web,168.45,210.56,3.98,1,FALSE,standard,718,0.953,0.169,0,0,Wednesday,2025,0
US,USD,INR,mobile,96.93,96.93,2.25,83.333333,FALSE,standard,147,0.551,0.391,0,0,Wednesday,2025,0
US,USD,PHP,web,286.79,286.79,5.96,58.823529,FALSE,enhanced,257,0.894,0.257,0,0.1,Wednesday,2025,0
US,USD,CNY,mobile,214.13,214.13,3.92,7.142857,FALSE,standard,298,0.336,0.166,0,0,Wednesday,2025,0
US,USD,USD,mobile,46.39,46.39,2,1,FALSE,enhanced,367,0.939,0.176,0,0,Wednesday,2025,0
UK,GBP,USD,mobile,34.75,43.44,1.63,1.25,FALSE,standard,4,0.892,0.407,0,0,Wednesday,2025,0
CA,CAD,GBP,mobile,74.94,55.46,1.7,0.592,FALSE,low,615,0.515,0.355,0,0,Wednesday,2025,0
US,USD,CNY,mobile,202.56,202.56,3.38,7.142857,TRUE,standard,147,0.551,0.391,0,0,Wednesday,2025,0
US,USD,MXN,mobile,158,158,3.1,17.241379,FALSE,standard,263,0.522,0.223,0,0.2,Wednesday,2025,0
UK,GBP,PHP,web,534.09,667.61,8.74,73.529412,TRUE,standard,718,0.953,0.169,0,0,Wednesday,2025,0
US,USD,CAD,ATM,620.14,620.14,10.45,1.351351,FALSE,standard,1016,0.944,0.247,0,0,Thursday,2025,0
CA,CAD,PHP,mobile,383.78,284,6.82,43.529412,FALSE,low,824,0.607,0.282,0,0,Thursday,2025,0
US,USD,USD,mobile,281.03,281.03,5.28,1,FALSE,enhanced,367,0.939,0.176,0,0,Thursday,2025,0
US,USD,USD,mobile,153.18,410.97,110.92,1,FALSE,unknown,367,0.68,0.176,0,0,Thursday,2025,0
US,USD,EUR,mobile,125.16,125.16,2.19,0.925926,FALSE,standard,298,0.336,0.166,0,0,Thursday,2025,0
US,USD,PHP,mobile,1271.92,1271.92,20.3,58.823529,FALSE,standard,1018,0.934,0.087,0,0.1,Thursday,2025,0
UK,GBP,CAD,mobile,126.84,158.55,2.68,1.689189,FALSE,standard,4,0.892,0.407,0,0,Thursday,2025,0
US,USD,EUR,web,61.82,61.82,1.84,0.925926,FALSE,enhanced,257,0.894,0.257,0,0,Thursday,2025,0
US,USD,CNY,web,9998.89,9998.89,151.72,7.142857,FALSE,enhanced,257,0.744,0.257,0,0,Thursday,2025,0
US,USD,GBP,mobile,273.33,273.33,5.76,0.8,FALSE,standard,1016,0.944,0.247,0,0,Thursday,2025,0
US,USD,MXN,web,97.22,97.22,2.86,17.241379,FALSE,standard,298,0.336,0.166,1,0.2,Thursday,2025,0
US,USD,INR,web,137.53,137.53,2.98,83.333333,FALSE,standard,34,0.427,0.068,0,0,Thursday,2025,0
UK,GBP,NGN,web,146.12,182.65,1.97,1388.888889,FALSE,standard,718,0.953,0.169,0,0.22,Friday,2025,0
CA,CAD,CNY,mobile,366.56,271.25,6.48,5.285714,FALSE,low,824,0.607,0.282,0,0,Friday,2025,0
US,USD,MXN,web,227.79,227.79,4.81,17.241379,FALSE,enhanced,367,0.789,0.176,0,0.2,Friday,2025,0
US,USD,CNY,mobile,9991.75,9991.75,150.45,7.142857,FALSE,standard,263,0.522,0.223,0,0,Friday,2025,0
US,USD,EUR,web,305.15,305.15,5.14,0.925926,FALSE,standard,1016,0.944,0.247,1,0,Friday,2025,0
UK,GBP,GBP,mobile,141.29,176.61,3.57,1,FALSE,standard,4,0.892,0.407,0,0,Friday,2025,0
US,USD,NGN,mobile,98.39,98.39,2.31,1111.111111,FALSE,standard,147,0.551,0.391,0,0.25,Friday,2025,0
CA,CAD,CNY,mobile,137.82,101.99,2.9,5.285714,FALSE,low,824,0.607,0.282,0,0,Friday,2025,0
US,USD,EUR,mobile,48.87,48.87,1.38,0.925926,FALSE,standard,298,0.336,0.166,0,0,Friday,2025,0
US,USD,EUR,mobile,155.37,155.37,2.52,0.925926,TRUE,standard,147,0.551,0.391,0,0,Friday,2025,0
US,USD,USD,mobile,116.14,410.97,110.92,1,FALSE,unknown,263,0.68,0.223,0,0,Friday,2025,0
US,USD,CAD,mobile,78.61,78.61,2.12,1.351351,FALSE,enhanced,257,0.894,0.257,0,0,Saturday,2025,0
UK,GBP,PHP,web,79.29,99.12,1.61,73.529412,TRUE,standard,4,0.892,0.407,0,0,Saturday,2025,0
US,USD,NGN,web,113.13,113.13,3.16,1111.111111,FALSE,standard,263,0.522,0.223,0,0.25,Saturday,2025,0
US,USD,CNY,mobile,286.99,286.99,4.76,7.142857,FALSE,enhanced,367,0.939,0.176,0,0,Friday,2025,0
US,USD,USD,mobile,24.3,24.3,1.57,1,FALSE,standard,263,0.522,0.223,5,0,Saturday,2025,0
US,USD,GBP,web,152.7,152.7,4.49,0.8,FALSE,standard,147,0.551,0.391,0,0,Saturday,2025,0
US,USD,CAD,mobile,85.89,85.89,3.01,1.351351,FALSE,standard,263,0.522,0.223,0,0,Saturday,2025,0
CA,CAD,MXN,web,227.06,168.03,3.74,12.758621,FALSE,low,615,0.515,0.355,0,0,Tuesday,2025,0
UK,GBP,USD,web,171.81,214.76,3.08,1.25,FALSE,standard,4,0.892,0.407,6,0,Sunday,2025,0
US,USD,USD,mobile,-94.08,94.08,9999.99,1,FALSE,enhanced,257,-0.1,0.257,0,0,Sunday,2025,0
US,USD,PHP,mobile,77.32,77.32,2.33,58.823529,FALSE,enhanced,367,0.939,0.176,0,0.1,Friday,2025,0
US,USD,INR,mobile,284.05,284.05,4.37,83.333333,FALSE,standard,298,0.336,0.166,0,0,Sunday,2025,0
US,USD,GBP,web,66.24,66.24,0.91,0.8,FALSE,standard,298,0.336,0.166,0,0,Sunday,2025,0
US,USD,CNY,mobile,244.06,244.06,4.59,7.142857,FALSE,standard,147,0.551,0.391,0,0,Sunday,2025,0
US,USD,CAD,web,114.13,114.13,3,1.351351,TRUE,standard,263,0.372,0.223,1,0,Monday,2025,0
US,USD,USD,mobile,447.45,447.45,7.59,1,FALSE,enhanced,257,0.894,0.257,1,0,Monday,2025,0
UK,GBP,NGN,mobile,139.82,410.97,110.92,1388.888889,FALSE,unknown,4,0.68,0.407,0,0.22,Monday,2025,0
US,USD,CNY,mobile,121.3,121.3,4.26,7.142857,TRUE,standard,298,0.186,0.166,0,0,Monday,2025,0
US,USD,INR,mobile,374.44,374.44,6.34,83.333333,FALSE,standard,147,0.551,0.391,0,0,Wednesday,2025,0
US,USD,PHP,mobile,129.73,129.73,2.55,58.823529,FALSE,standard,1018,0.934,0.087,0,0.1,Monday,2025,0
US,USD,CAD,ATM,316.3,316.3,6.05,1.351351,FALSE,enhanced,367,0.939,0.176,2,0,Monday,2025,0
UK,GBP,MXN,mobile,145.08,181.35,2.96,21.551724,FALSE,standard,4,0.892,0.407,0,0,Tuesday,2025,0
US,USD,NGN,web,260.84,260.84,4.92,1111.111111,FALSE,enhanced,257,0.894,0.257,0,0.25,Tuesday,2025,0
CA,CAD,NGN,mobile,282.96,209.39,5.48,822.222222,FALSE,low,615,0.365,0.355,0,0,Tuesday,2025,0
UK,GBP,MXN,mobile,57.88,72.35,1.75,21.551724,FALSE,standard,718,0.953,0.169,0,0,Tuesday,2025,0
US,USD,CAD,ATM,226.32,226.32,4.68,1.351351,FALSE,standard,263,0.522,0.223,0,0,Tuesday,2025,0
US,USD,INR,mobile,106.14,106.14,2.26,83.333333,FALSE,standard,1018,0.784,0.087,0,0,Wednesday,2025,0
US,USD,NGN,mobile,82.66,82.66,1.58,1111.111111,TRUE,standard,1018,0.934,0.087,0,0.25,Wednesday,2025,0
US,USD,EUR,web,131.99,131.99,2.39,0.925926,TRUE,standard,263,0.522,0.223,0,0,Wednesday,2025,0
US,USD,NGN,mobile,118.17,118.17,2.84,1111.111111,FALSE,standard,298,0.336,0.166,0,0.25,Wednesday,2025,0
UK,GBP,GBP,mobile,278.73,348.41,5.73,1,FALSE,standard,684,0.833,0.241,0,0,Wednesday,2025,0
CA,CAD,EUR,web,240.52,177.99,4.86,0.685185,FALSE,standard,947,0.625,0.268,0,0,Wednesday,2025,0
US,USD,PHP,mobile,692.84,692.84,11,58.823529,FALSE,standard,1018,0.784,0.087,0,0.1,Wednesday,2025,0
UK,GBP,USD,mobile,350.53,438.16,5.58,1.25,FALSE,standard,4,0.892,0.407,1,0,Wednesday,2025,0
US,USD,CAD,mobile,104.45,104.45,3.09,1.351351,TRUE,standard,1016,0.944,0.247,0,0,Thursday,2025,0
UK,GBP,USD,mobile,9996.59,12495.74,150.85,1.25,FALSE,standard,4,0.892,0.407,1,0,Thursday,2025,0
US,USD,USD,web,173.96,173.96,3.79,1,FALSE,enhanced,367,0.939,0.176,0,0,Thursday,2025,0
US,USD,EUR,web,253.74,253.74,4.34,0.925926,FALSE,standard,263,0.522,0.223,0,0,Thursday,2025,0
CA,CAD,EUR,web,392.72,290.61,6.16,0.685185,FALSE,standard,947,0.475,0.268,0,0,Thursday,2025,0
US,USD,GBP,mobile,160.17,160.17,2.74,0.8,FALSE,standard,1058,0.923,0.139,0,0,Thursday,2025,0
unknown,GBP,GBP,unknown,86.46,108.07,2.34,1,FALSE,standard,4,0.892,0.407,0,0,Thursday,2025,0
CA,CAD,USD,ATM,211.14,156.25,4.73,0.74,TRUE,standard,564,0.658,0.4,0,0,Thursday,2025,0
US,USD,EUR,mobile,134.11,134.11,3.59,0.925926,FALSE,standard,263,0.522,0.223,0,0,Thursday,2025,0
CA,CAD,CAD,mobile,208.14,154.02,4.35,1,FALSE,low,824,0.607,0.282,1,0,Thursday,2025,0
US,USD,PHP,web,308.56,410.97,110.92,58.823529,FALSE,unknown,367,0.68,0.176,0,0.1,Friday,2025,0
US,USD,CNY,ATM,145.13,145.13,2.53,7.142857,FALSE,standard,147,0.551,0.391,0,0,Friday,2025,0
UK,GBP,INR,ATM,91.42,114.27,3.06,104.166667,FALSE,standard,4,0.892,0.407,0,0,Friday,2025,0
US,USD,PHP,mobile,315.48,315.48,5.34,58.823529,FALSE,standard,1016,0.944,0.247,0,0.1,Friday,2025,0
US,USD,NGN,mobile,304.87,304.87,6.41,1111.111111,FALSE,standard,1016,0.944,0.247,0,0.25,Friday,2025,0
US,USD,CNY,mobile,482.73,482.73,8.91,7.142857,FALSE,standard,147,0.551,0.391,0,0,Friday,2025,0
US,USD,USD,web,241.56,241.56,5.02,1,FALSE,enhanced,367,0.939,0.176,0,0,Friday,2025,0
US,USD,CAD,mobile,128.73,128.73,2.21,1.351351,FALSE,standard,147,0.551,0.391,0,0,Saturday,2025,0
US,USD,INR,mobile,36.69,36.69,1.47,83.333333,FALSE,standard,1016,0.794,0.247,0,0,Saturday,2025,0
US,USD,CAD,mobile,43.42,43.42,1.37,1.351351,FALSE,standard,147,0.551,0.391,0,0,Saturday,2025,0
US,USD,EUR,ATM,324.99,324.99,6.19,0.925926,FALSE,enhanced,367,0.939,0.176,0,0,Saturday,2025,0
US,USD,USD,mobile,146.4,146.4,3.29,1,FALSE,standard,298,0.336,0.166,0,0,Saturday,2025,0
US,USD,GBP,mobile,106.58,106.58,2.68,0.8,FALSE,standard,1018,0.934,0.087,0,0,Saturday,2025,0
CA,CAD,GBP,mobile,83.18,61.55,0.98,0.592,FALSE,low,824,0.607,0.282,0,0,Sunday,2025,0
US,USD,INR,ATM,340.84,340.84,6.6,83.333333,FALSE,enhanced,661,0.92,0.259,0,0,Sunday,2025,0
UK,GBP,MXN,mobile,812.7,410.97,110.92,21.551724,FALSE,unknown,4,0.68,0.407,0,0,Sunday,2025,0
US,USD,GBP,web,52.14,52.14,2.43,0.8,FALSE,standard,263,0.522,0.223,1,0,Sunday,2025,0
US,USD,GBP,mobile,795.19,795.19,13.06,0.8,TRUE,standard,263,0.522,0.223,0,0,Monday,2025,1
US,USD,EUR,web,284.35,284.35,5.33,0.925926,FALSE,standard,298,0.336,0.166,0,0,Monday,2025,0
US,USD,EUR,mobile,334.6,334.6,6.07,0.925926,FALSE,standard,263,0.522,0.223,0,0,Monday,2025,0
US,USD,CNY,web,125.3,125.3,2.98,7.142857,TRUE,standard,147,0.551,0.391,0,0,Monday,2025,0
US,USD,PHP,web,33.11,33.11,0.77,58.823529,FALSE,standard,263,0.372,0.223,0,0.1,Monday,2025,0
US,USD,NGN,mobile,323.22,323.22,5.59,1111.111111,TRUE,standard,1018,0.934,0.087,0,0.25,Monday,2025,0
US,USD,CNY,mobile,65.86,65.86,1.64,7.142857,FALSE,standard,859,0.96,0.363,1,0,Monday,2025,0
US,USD,MXN,mobile,124.86,124.86,2.56,17.241379,FALSE,standard,34,0.427,0.068,0,0.2,Tuesday,2025,0
US,USD,USD,mobile,87.44,87.44,1.72,1,FALSE,standard,1018,0.934,0.087,0,0,Tuesday,2025,0
 US  ,USD,MXN, web  ,189.49,189.49,4.08,17.241379,FALSE,standard,1018,0.934,0.087,7,0.2,Tuesday,2025,0
US,USD,PHP,mobile,262.48,262.48,5.64,58.823529,FALSE,standard,1016,0.944,0.247,0,0.1,Tuesday,2025,0
US,USD,NGN,web,565.28,565.28,9.51,1111.111111,FALSE,standard,298,0.186,0.166,0,0.25,Tuesday,2025,0
US,USD,INR,web,145.45,145.45,2.6,83.333333,FALSE,standard,263,0.522,0.223,1,0,Tuesday,2025,0
US,USD,CAD,ATM,216.3,216.3,4.03,1.351351,FALSE,standard,1018,0.934,0.087,0,0,Tuesday,2025,0
UK,GBP,CNY,mobile,159.02,198.78,3.24,8.928571,FALSE,standard,4,0.892,0.407,0,0,Tuesday,2025,0
US,USD,GBP,web,9992.25,9992.25,150.62,0.8,FALSE,standard,298,0.336,0.166,0,0,Tuesday,2025,0
US,USD,CAD,mobile,215.43,215.43,3.91,1.351351,FALSE,enhanced,367,0.939,0.176,0,0,Wednesday,2025,0
US,USD,GBP,web,96.34,96.34,3.2,0.8,FALSE,standard,1016,0.944,0.247,0,0,Wednesday,2025,0
US,USD,GBP,web,625.96,410.97,110.92,0.8,FALSE,unknown,263,0.68,0.223,0,0,Wednesday,2025,0
US,USD,NGN,web,215.36,215.36,4.01,1111.111111,FALSE,standard,1018,0.934,0.087,0,0.25,Wednesday,2025,0
UK,GBP,CNY,mobile,409.74,512.17,6.84,8.928571,FALSE,standard,4,0.892,0.407,0,0,Wednesday,2025,0
unknown,USD,CNY, mobile  ,55.1,55.1,2.46,7.142857,FALSE,standard,147,0.551,0.391,0,0,Wednesday,2025,0
US,USD,CNY,web,41.64,41.64,1.6,7.142857,FALSE,standard,263,0.522,0.223,0,0,Wednesday,2025,0
US,USD,CAD,web,156.81,156.81,2.84,1.351351,FALSE,standard,263,0.522,0.223,0,0,Wednesday,2025,0
US,USD,GBP,web,154.56,154.56,3.48,0.8,FALSE,enhanced,367,0.789,0.176,1,0,Wednesday,2025,0
US,USD,INR,web,132.41,132.41,3.48,83.333333,FALSE,standard,147,0.551,0.391,0,0,Wednesday,2025,0
UK,GBP,NGN,mobile,45.31,410.97,110.92,1388.888889,TRUE,unknown,4,0.68,0.407,0,0.22,Thursday,2025,0
US,USD,NGN,ATM,160.62,160.62,3.82,1111.111111,FALSE,standard,263,0.522,0.223,0,0.25,Thursday,2025,0
US,USD,CNY,ATM,161.33,161.33,2.46,7.142857,FALSE,standard,263,0.522,0.223,0,0,Thursday,2025,0
US,USD,INR,web,96.63,96.63,1.22,83.333333,TRUE,standard,1016,0.944,0.247,0,0,Friday,2025,0
US,USD,EUR,mobile,687.12,687.12,11.54,0.925926,FALSE,standard,298,0.336,0.166,0,0,Friday,2025,0
UK,GBP,GBP,mobile,267.67,334.58,4.46,1,FALSE,standard,718,0.953,0.169,0,0,Friday,2025,0
US,USD,GBP,mobile,156.57,156.57,3.85,0.8,FALSE,enhanced,367,0.939,0.176,0,0,Friday,2025,0
US,USD,INR,mobile,63.23,410.97,110.92,83.333333,FALSE,unknown,257,0.68,0.257,0,0,Friday,2025,0
US,USD,NGN,ATM,32.35,32.35,1.01,1111.111111,FALSE,standard,298,0.336,0.166,0,0.25,Friday,2025,0
US,USD,GBP,mobile,73.35,73.35,2.65,0.8,FALSE,standard,263,0.522,0.223,0,0,Friday,2025,0
US,USD,EUR,web,150.2,150.2,3.17,0.925926,FALSE,standard,298,0.186,0.166,0,0,Friday,2025,0
US,USD,NGN,web,76.8,76.8,1.67,1111.111111,TRUE,standard,263,0.522,0.223,0,0.25,Friday,2025,0
UK,GBP,INR,mobile,120.52,150.66,2.95,104.166667,FALSE,standard,4,0.892,0.407,1,0,Friday,2025,0
UK,GBP,CNY,mobile,77.37,96.72,-1,8.928571,FALSE,standard,4,-0.1,0.407,0,0,Friday,2025,0
UK,GBP,EUR,mobile,309.38,386.72,5.64,1.157407,FALSE,standard,4,0.892,0.407,1,0.05,Friday,2025,0
US,USD,CAD,mobile,744.98,744.98,12.35,1.351351,FALSE,standard,263,0.372,0.223,5,0,Friday,2025,0
US,USD,GBP,WEB,222.56,222.56,5.27,0.8,FALSE,enhanced,257,0.894,0.257,0,0,Friday,2025,0
US,USD,GBP,mobile,495.68,495.68,9.01,0.8,FALSE,standard,298,0.336,0.166,0,0,Saturday,2025,0
US,USD,INR,ATM,228.71,228.71,3.91,83.333333,TRUE,standard,1018,0.934,0.087,0,0,Saturday,2025,0
US,USD,PHP,mobile,142.69,142.69,3.37,58.823529,FALSE,standard,263,0.522,0.223,0,0.1,Saturday,2025,0
CA,CAD,PHP,mobile,259.38,191.94,4.54,43.529412,FALSE,standard,947,0.625,0.268,0,0,Saturday,2025,0
US,USD,USD,ATM,404.31,404.31,6.7,1,FALSE,standard,263,0.522,0.223,1,0,Saturday,2025,0
US,USD,MXN,web,117.17,117.17,2.73,17.241379,FALSE,enhanced,367,0.939,0.176,0,0.2,Saturday,2025,0
US,USD,NGN,mobile,85.43,85.43,3.21,1111.111111,FALSE,standard,263,0.522,0.223,0,0.25,Saturday,2025,0
US,USD,USD,mobile,256.57,256.57,4.5,1,FALSE,standard,263,0.522,0.223,0,0,Saturday,2025,0
US,USD,CNY,ATM,44.72,44.72,1.23,7.142857,FALSE,standard,147,0.551,0.391,0,0,Saturday,2025,0
UK,GBP,INR,mobile,324.8,406,5.98,104.166667,TRUE,standard,4,0.892,0.407,0,0,Saturday,2025,0
US,USD,GBP,web,24.2,24.2,1.68,0.8,TRUE,standard,34,0.427,0.068,0,0,Sunday,2025,0
US,USD,CNY,mobile,118.4,118.4,2.26,7.142857,FALSE,enhanced,257,0.894,0.257,0,0,Sunday,2025,0
UK,GBP,CNY,mobile,27.51,34.39,1.35,8.928571,TRUE,standard,4,0.892,0.407,0,0,Sunday,2025,0
US,USD,USD,mobile,31.15,31.15,1.68,1,FALSE,standard,1018,0.934,0.087,0,0,Sunday,2025,0
UK,GBP,CAD,mobile,176.06,220.08,4.19,1.689189,FALSE,standard,718,0.953,0.169,0,0,Sunday,2025,0
US,USD,PHP,web,107.22,107.22,2.57,58.823529,FALSE,standard,298,0.336,0.166,0,0.1,Sunday,2025,0
US,USD,USD,mobile,82.27,82.27,2.39,1,FALSE,standard,147,0.551,0.391,0,0,Sunday,2025,0
US,USD,EUR,mobile,107.7,107.7,2.24,0.925926,FALSE,standard,298,0.336,0.166,0,0,Sunday,2025,0
US,USD,NGN,mobile,137.39,137.39,3.2,1111.111111,FALSE,enhanced,367,0.939,0.176,0,0.25,Sunday,2025,0
UK,GBP,INR,mobile,45.42,56.78,3.03,104.166667,FALSE,standard,4,0.892,0.407,0,0,Sunday,2025,0
US,USD,GBP,mobile,253.43,253.43,4.96,0.8,FALSE,low,954,0.576,0.332,0,0,Sunday,2025,0
US,USD,CNY,mobile,65.41,65.41,1.75,7.142857,FALSE,standard,859,0.96,0.363,8,0,Monday,2025,0
US,USD,INR,mobile,62.04,62.04,1.72,83.333333,FALSE,standard,1018,0.934,0.087,0,0,Monday,2025,0
US,USD,EUR,mobile,231.6,410.97,110.92,0.925926,FALSE,unknown,263,0.68,0.223,0,0,Monday,2025,0
US,USD,MXN,mobile,277.42,277.42,5.87,17.241379,FALSE,standard,61,0.807,0.358,0,0.2,Monday,2025,0
UK,GBP,PHP,mobile,240,300,5.05,73.529412,FALSE,standard,4,0.892,0.407,0,0,Monday,2025,0
US,USD,USD,mobile,483.31,483.31,6.91,1,FALSE,standard,1018,0.784,0.087,0,0,Monday,2025,0
US,USD,INR,ATM,79.23,79.23,2.76,83.333333,FALSE,enhanced,257,0.744,0.257,3,0,Monday,2025,0
US,USD,USD,web,55.59,55.59,2.71,1,FALSE,standard,298,0.336,0.166,0,0,Monday,2025,0
US,USD,CNY,mobile,42.66,42.66,1.67,7.142857,FALSE,standard,298,0.336,0.166,0,0,Monday,2025,0
UK,GBP,CNY,mobile,112.6,140.75,2.64,8.928571,TRUE,standard,4,0.892,0.407,0,0,Monday,2025,0
US,USD,INR,mobile,92.6,92.6,2.47,83.333333,FALSE,standard,1018,0.784,0.087,0,0,Monday,2025,0
CA,CAD,USD,mobile,1927.47,1426.32,30.45,0.74,FALSE,low,824,0.607,0.282,0,0,Monday,2025,0
UK,GBP,USD,web,50.2,62.75,1.32,1.25,FALSE,standard,4,0.892,0.407,1,0,Tuesday,2025,0
US,USD,CAD,web,181.86,181.86,4.45,1.351351,FALSE,enhanced,367,0.939,0.176,0,0,Tuesday,2025,0
CA,CAD,USD,mobile,683.22,505.58,11.25,0.74,FALSE,standard,947,0.625,0.268,0,0,Tuesday,2025,0
US,USD,INR,mobile,65.96,65.96,2.68,83.333333,FALSE,standard,1018,0.784,0.087,0,0,Tuesday,2025,0
UK,GBP,PHP,web,213.48,266.85,4.12,73.529412,FALSE,standard,4,0.892,0.407,0,0,Tuesday,2025,0
US,USD,INR,mobile,112.89,112.89,2.43,83.333333,TRUE,standard,1018,0.784,0.087,0,0,Tuesday,2025,0
US,USD,PHP,web,112.67,112.67,3.32,58.823529,FALSE,standard,147,0.551,0.391,0,0.1,Tuesday,2025,0
US,USD,CAD,mobile,146.72,146.72,3.38,1.351351,FALSE,standard,147,0.551,0.391,0,0,Tuesday,2025,0
US,USD,INR,mobile,92.56,92.56,2.47,83.333333,FALSE,standard,263,0.522,0.223,0,0,Tuesday,2025,0
US,USD,INR,mobile,103.84,103.84,2.25,83.333333,FALSE,enhanced,367,0.789,0.176,0,0,Tuesday,2025,0
US,USD,GBP,mobile,84.11,84.11,2.62,0.8,FALSE,standard,638,0.839,0.244,0,0,Tuesday,2025,0
CA,CAD,EUR,web,112.97,83.6,2.8,0.685185,FALSE,low,615,0.515,0.355,0,0,Tuesday,2025,0
US,USD,GBP,mobile,58.68,58.68,0.91,0.8,FALSE,standard,298,0.336,0.166,0,0,Tuesday,2025,0
US,USD,CAD,mobile,40.48,40.48,1.9,1.351351,FALSE,enhanced,257,0.894,0.257,0,0,Tuesday,2025,0
US,USD,CAD,web,139.13,139.13,2.35,1.351351,TRUE,standard,1018,0.934,0.087,0,0,Tuesday,2025,0
US,USD,GBP,mobile,155.4,155.4,3.6,0.8,FALSE,standard,1018,0.934,0.087,0,0,Tuesday,2025,0
US,USD,USD,web,105.49,105.49,2.93,1,TRUE,standard,147,0.551,0.391,0,0,Tuesday,2025,0
CA,CAD,PHP,mobile,129.45,95.79,3.13,43.529412,FALSE,standard,947,0.625,0.268,0,0,Wednesday,2025,0
US,USD,USD, web  ,220.25,220.25,3.84,1,FALSE,standard,147,0.551,0.391,0,0,Wednesday,2025,0
US,USD,INR,web,116.46,116.46,2.43,83.333333,FALSE,standard,263,0.372,0.223,0,0,Wednesday,2025,0
US,USD,CAD,mobile,24.56,24.56,0.75,1.351351,FALSE,standard,263,0.522,0.223,0,0,Thursday,2025,0
UK,GBP,CAD,web,81.86,102.33,2.35,1.689189,FALSE,standard,4,0.742,0.407,1,0,Wednesday,2025,0
US,USD,GBP,web,52.46,52.46,2.34,0.8,FALSE,standard,1016,0.944,0.247,0,0,Wednesday,2025,0
US,USD,GBP,web,104.38,104.38,3.13,0.8,FALSE,enhanced,367,0.939,0.176,0,0,Wednesday,2025,0
US,USD,PHP,mobile,9993.01,9993.01,151.57,58.823529,FALSE,standard,147,0.551,0.391,1,0.1,Thursday,2025,0
US,USD,USD,ATM,82.24,82.24,2.43,1,FALSE,standard,1016,0.944,0.247,0,0,Thursday,2025,0
US,USD,EUR,mobile,170.07,170.07,3.73,0.925926,FALSE,standard,830,0.799,0.102,0,0,Thursday,2025,0
UK,GBP,USD,web,81.68,102.1,2.19,1.25,FALSE,standard,4,0.742,0.407,0,0,Thursday,2025,0
US,USD,USD,mobile,86.6,86.6,2.8,1,FALSE,standard,263,0.522,0.223,0,0,Thursday,2025,0
US,USD,USD,mobile,107.87,107.87,3.09,1,FALSE,enhanced,367,0.939,0.176,0,0,Thursday,2025,0
US,USD,CAD,web,177.67,177.67,3.64,1.351351,FALSE,standard,298,0.336,0.166,0,0,Thursday,2025,0
US,USD,GBP,ATM,253.8,253.8,4.44,0.8,FALSE,standard,263,0.522,0.223,1,0,Thursday,2025,0
US,USD,MXN,mobile,15.73,15.73,1.79,17.241379,FALSE,standard,1016,0.944,0.247,0,0.2,Thursday,2025,0
US,USD,INR,web,89.85,89.85,2.18,83.333333,FALSE,standard,298,0.336,0.166,0,0,Thursday,2025,0
US,USD,CAD,web,111.02,111.02,2.34,1.351351,FALSE,enhanced,367,0.939,0.176,0,0,Thursday,2025,0
UK,GBP,GBP,web,59.45,74.31,1.21,1,FALSE,standard,882,0.672,0.039,0,0,Friday,2025,0
US,USD,CAD,mobile,201.14,201.14,3.61,1.351351,FALSE,enhanced,367,0.939,0.176,0,0,Friday,2025,0
UK,GBP,MXN,mobile,272.7,340.88,5.29,21.551724,TRUE,standard,4,0.892,0.407,0,0,Friday,2025,0
US,USD,USD,mobile,102.37,102.37,1.94,1,FALSE,standard,1018,0.934,0.087,0,0,Friday,2025,0
UK,GBP,EUR,mobile,52.59,65.73,2.22,1.157407,FALSE,standard,4,0.892,0.407,0,0.05,Friday,2025,0
US,USD,GBP,mobile,525.16,525.16,8.69,0.8,FALSE,standard,298,0.336,0.166,0,0,Friday,2025,0
US,USD,PHP,web,9994.35,9994.35,152.06,58.823529,FALSE,enhanced,367,0.939,0.176,0,0.1,Friday,2025,0
US,USD,CNY,mobile,783.12,783.12,13.04,7.142857,FALSE,standard,298,0.336,0.166,0,0,Friday,2025,0
US,USD,INR,web,401.36,401.36,6.58,83.333333,FALSE,standard,1018,0.934,0.087,0,0,Friday,2025,0
CA,CAD,MXN,mobile,143.93,106.51,3.16,12.758621,TRUE,low,824,0.607,0.282,0,0,Friday,2025,0
US,USD,NGN,mobile,203.83,203.83,3.73,1111.111111,FALSE,standard,298,0.336,0.166,0,0.25,Friday,2025,0
US,USD,CNY,mobile,262.62,262.62,4.55,7.142857,FALSE,standard,263,0.522,0.223,0,0,Friday,2025,0
US,USD,USD,web,39.19,39.19,1.8,1,FALSE,standard,298,0.336,0.166,0,0,Saturday,2025,0
US,USD,INR,web,153.05,153.05,3.15,83.333333,FALSE,enhanced,257,0.894,0.257,0,0,Saturday,2025,0
UK,GBP,CNY,ATM,91.67,114.59,1.6,8.928571,FALSE,standard,4,0.892,0.407,0,0,Saturday,2025,0
US,USD,GBP,mobile,162.63,162.63,3.66,0.8,TRUE,standard,263,0.522,0.223,0,0,Saturday,2025,0
UK,GBP,EUR,mobile,97.75,122.18,2.49,1.157407,FALSE,standard,4,0.892,0.407,0,0.05,Saturday,2025,0
US,USD,PHP,web,175.35,175.35,5.07,58.823529,TRUE,standard,147,0.551,0.391,0,0.1,Sunday,2025,0
US,USD,EUR,mobile,58.67,58.67,2.07,0.925926,FALSE,standard,263,0.522,0.223,0,0,Sunday,2025,0
CA,CAD,EUR,mobile,72.42,53.59,2.93,0.685185,FALSE,standard,947,0.625,0.268,0,0,Sunday,2025,0
US,USD,USD,mobile,55.48,55.48,1.6,1,FALSE,standard,147,0.551,0.391,0,0,Sunday,2025,0
US,USD,INR,web,157.31,157.31,3.85,83.333333,FALSE,standard,1016,0.944,0.247,0,0,Sunday,2025,0
US,USD,USD,web,172.52,172.52,3.98,1,TRUE,enhanced,367,0.789,0.176,0,0,Sunday,2025,0
US,USD,INR,mobile,227.2,227.2,4,83.333333,FALSE,standard,34,0.427,0.068,1,0,Monday,2025,0
UK,GBP,CNY,web,208.6,260.75,4.29,8.928571,FALSE,standard,4,0.892,0.407,0,0,Monday,2025,0
US,USD,CAD,mobile,203.48,203.48,4.57,1.351351,FALSE,standard,1018,0.934,0.087,0,0,Monday,2025,0
UK,GBP,MXN,mobile,112.27,140.33,2.09,21.551724,FALSE,standard,718,0.953,0.169,2,0,Monday,2025,0
US,USD,USD,web,335.07,335.07,5.78,1,FALSE,standard,34,0.427,0.068,1,0,Monday,2025,0
US,USD,USD,web,119.97,119.97,2.76,1,FALSE,standard,263,0.522,0.223,0,0,Monday,2025,0
US,USD,EUR,web,110.27,110.27,2.94,0.925926,FALSE,standard,1018,0.934,0.087,0,0,Monday,2025,0
UK,GBP,GBP,mobile,87.28,109.1,2.06,1,FALSE,standard,718,0.953,0.169,0,0,Monday,2025,0
US,USD,USD,mobile,414.29,410.97,110.92,1,FALSE,unknown,147,0.68,0.391,0,0,Monday,2025,1
US,USD,MXN,mobile,289.48,289.48,5.93,17.241379,TRUE,standard,263,0.522,0.223,1,0.2,Tuesday,2025,0
UK,GBP,USD,mobile,107.67,134.58,2.96,1.25,FALSE,standard,4,0.892,0.407,0,0,Tuesday,2025,0
US,USD,NGN,mobile,23.24,23.24,0.5,1111.111111,FALSE,standard,1018,0.934,0.087,0,0.25,Tuesday,2025,0
CA,CAD,GBP,mobile,125.04,92.53,3.62,0.592,FALSE,standard,947,0.625,0.268,0,0,Tuesday,2025,0
US,USD,INR,mobile,200.92,200.92,4.05,83.333333,FALSE,enhanced,257,0.894,0.257,0,0,Tuesday,2025,0
US,USD,CNY,mobile,307.99,307.99,5.5,7.142857,FALSE,standard,34,0.427,0.068,0,0,Tuesday,2025,0
US,USD,NGN,mobile,50.08,50.08,2.58,1111.111111,FALSE,enhanced,367,0.939,0.176,0,0.25,Tuesday,2025,0
US,USD,INR,ATM,457.41,457.41,8.16,83.333333,FALSE,enhanced,367,0.939,0.176,0,0,Wednesday,2025,0
US,USD,CAD,web,52.41,52.41,1.77,1.351351,FALSE,standard,638,0.839,0.244,0,0,Wednesday,2025,0
US,USD,CAD,mobile,335.51,335.51,6.07,1.351351,FALSE,standard,298,0.336,0.166,0,0,Wednesday,2025,0
US,USD,NGN,mobile,106.28,106.28,2.1,1111.111111,FALSE,enhanced,367,0.939,0.176,0,0.25,Wednesday,2025,0
US,USD,NGN,mobile,945.11,945.11,15.26,1111.111111,FALSE,standard,263,0.522,0.223,0,0.25,Wednesday,2025,0
US,USD,GBP,mobile,204.24,204.24,3.95,0.8,FALSE,standard,263,0.522,0.223,0,0,Wednesday,2025,0
US,USD,MXN,web,409.27,409.27,6.8,17.241379,FALSE,standard,298,0.336,0.166,0,0.2,Wednesday,2025,0
US,USD,INR,mobile,103.95,103.95,2.62,83.333333,FALSE,standard,298,0.186,0.166,0,0,Wednesday,2025,0
US,USD,NGN,mobile,317.74,317.74,5.95,1111.111111,FALSE,enhanced,257,0.744,0.257,0,0.25,Wednesday,2025,0
US,USD,PHP,web,156.11,156.11,3.56,58.823529,FALSE,enhanced,257,0.894,0.257,0,0.1,Thursday,2025,0
US,USD,INR,mobile,284.05,410.97,110.92,83.333333,FALSE,unknown,1018,0.68,0.087,0,0,Thursday,2025,0
US,USD,GBP,ATM,79.55,79.55,1.56,0.8,FALSE,standard,298,0.336,0.166,0,0,Thursday,2025,0
CA,CAD,USD,web,116.05,85.88,2.74,0.74,FALSE,standard,725,0.824,0.212,0,0,Thursday,2025,0
UK,GBP,INR,mobile,120.8,151,3.42,104.166667,FALSE,standard,4,0.892,0.407,0,0,Thursday,2025,0
UK,GBP,GBP,mobile,104.65,130.81,2.5,1,FALSE,standard,281,0.704,0.522,0,0,Friday,2025,0
US,USD,INR,mobile,144.95,144.95,3.16,83.333333,FALSE,enhanced,367,0.939,0.176,0,0,Friday,2025,0
UK,GBP,INR,web,146.19,182.73,3.88,104.166667,FALSE,standard,4,0.892,0.407,0,0,Friday,2025,0
CA,CAD,CNY,ATM,32.2,23.83,2.06,5.285714,FALSE,standard,947,0.625,0.268,0,0,Friday,2025,0
US,USD,CAD,ATM,154.95,154.95,3.55,1.351351,FALSE,standard,1016,0.794,0.247,0,0,Saturday,2025,0
UK,GBP,NGN,mobile,300.34,375.42,5.26,1388.888889,FALSE,standard,4,0.892,0.407,0,0.22,Saturday,2025,0
UK,GBP,INR,web,271.2,410.97,110.92,104.166667,FALSE,unknown,4,0.68,0.407,0,0,Saturday,2025,0
US,USD,INR,mobile,1147.03,1147.03,17.8,83.333333,TRUE,standard,298,0.336,0.166,0,0,Saturday,2025,0
CA,CAD,NGN,web,68.26,50.52,2.22,822.222222,FALSE,standard,947,0.625,0.268,0,0,Saturday,2025,0
 US  ,USD,INR,unknown,147.69,147.69,3.45,83.333333,FALSE,standard,298,0.336,0.166,0,0,Saturday,2025,0
US,USD,CNY,web,225.91,225.91,4.75,7.142857,FALSE,enhanced,257,0.894,0.257,0,0,Saturday,2025,0
US,USD,INR,mobile,43.97,43.97,1.73,83.333333,FALSE,enhanced,367,0.939,0.176,0,0,Saturday,2025,0
US,USD,NGN,web,89.55,89.55,2.6,1111.111111,FALSE,standard,263,0.522,0.223,0,0.25,Saturday,2025,0
US,USD,NGN,mobile,520.92,520.92,8.26,1111.111111,FALSE,enhanced,367,0.939,0.176,0,0.25,Saturday,2025,0
US,USD,NGN,mobile,85.22,85.22,1.42,1111.111111,FALSE,enhanced,257,0.894,0.257,0,0.25,Saturday,2025,0
US,USD,EUR,mobile,202.58,202.58,4.17,0.925926,FALSE,standard,263,0.522,0.223,0,0,Saturday,2025,0
US,USD,INR,ATM,352.06,352.06,6.92,83.333333,FALSE,standard,263,0.522,0.223,1,0,Sunday,2025,0
US,USD,PHP,mobille,163.4,163.4,3.07,58.823529,FALSE,unknown,257,0.894,0.257,0,0.1,Sunday,2025,0
UK,GBP,CAD,mobile,9993.2,12491.5,150.46,1.689189,FALSE,standard,4,0.892,0.407,0,0,Sunday,2025,0
CA,CAD,GBP,mobile,422.23,312.45,7.31,0.592,FALSE,low,1074,0.664,0.225,0,0,Sunday,2025,1
US,USD,CAD,mobile,125.07,125.07,2.05,1.351351,FALSE,standard,298,0.336,0.166,0,0,Sunday,2025,0
UK,GBP,CAD,ATM,111.14,138.93,3.7,1.689189,FALSE,standard,4,0.892,0.407,0,0,Sunday,2025,0
US,USD,GBP,mobile,127.52,410.97,110.92,0.8,FALSE,unknown,1016,0.68,0.247,0,0,Monday,2025,0
UK,GBP,CNY,ATM,1636.89,2046.11,25.01,8.928571,TRUE,standard,4,0.892,0.407,0,0,Monday,2025,1
 US  ,USD,CNY,mobille,75.77,75.77,2.51,7.142857,FALSE,standard,263,0.522,0.223,0,0,Monday,2025,0
UK,GBP,GBP,mobile,274.77,343.47,5.29,1,FALSE,standard,4,0.892,0.407,0,0,Monday,2025,1
US,USD,GBP,ATM,180.66,180.66,3.4,0.8,FALSE,enhanced,257,0.894,0.257,1,0,Monday,2025,0
US,USD,INR,mobile,9991.72,9991.72,150.76,83.333333,FALSE,standard,1018,0.934,0.087,0,0,Monday,2025,0
UK,GBP,EUR,mobile,117.34,146.68,3.02,1.157407,FALSE,standard,4,0.892,0.407,0,0.05,Monday,2025,0
 US  ,USD,PHP,MOBILE,307.48,307.48,6.44,58.823529,FALSE,low,954,0.576,0.332,0,0.1,Tuesday,2025,0
UK,GBP,INR,mobile,24.6,30.75,2.45,104.166667,FALSE,standard,4,0.892,0.407,5,0,Tuesday,2025,0
US,USD,USD,mobile,222.36,222.36,4.74,1,FALSE,enhanced,367,0.939,0.176,0,0,Tuesday,2025,0
US,USD,INR,mobile,365.96,410.97,110.92,83.333333,FALSE,unknown,1016,0.68,0.247,0,0,Tuesday,2025,0
US,USD,NGN,mobile,106.39,106.39,2.92,1111.111111,TRUE,standard,1018,0.934,0.087,0,0.25,Tuesday,2025,0
US,USD,PHP,mobile,305.62,305.62,6.42,58.823529,FALSE,enhanced,367,0.939,0.176,0,0.1,Tuesday,2025,0
CA,CAD,NGN,mobile,56.75,41.99,1.08,822.222222,TRUE,low,615,0.515,0.355,0,0,Tuesday,2025,0
US,USD,EUR,web,157.9,157.9,4.46,0.925926,TRUE,standard,263,0.522,0.223,0,0,Tuesday,2025,0
US,USD,USD,mobile,328.24,328.24,6.66,1,FALSE,standard,298,0.336,0.166,0,0,Tuesday,2025,0
US,USD,CNY,mobile,323.89,323.89,5.9,7.142857,FALSE,standard,1018,0.934,0.087,0,0,Tuesday,2025,0
US,USD,USD,web,169.24,169.24,4.03,1,FALSE,enhanced,661,0.92,0.259,0,0,Tuesday,2025,0
CA,CAD,CAD,mobile,517.83,383.19,9.06,1,FALSE,standard,172,0.881,0.199,0,0,Wednesday,2025,0
US,USD,PHP,web,99.9,99.9,2.76,58.823529,FALSE,standard,1018,0.934,0.087,0,0.1,Wednesday,2025,0
UK,GBP,MXN,web,9990.35,12487.93,150.1,21.551724,FALSE,standard,718,0.953,0.169,0,0,Wednesday,2025,0
US,USD,EUR,mobile,221.03,221.03,4.42,0.925926,FALSE,standard,1016,0.794,0.247,0,0,Wednesday,2025,0
CA,CAD,CAD,web,193.53,143.21,2.61,1,FALSE,standard,947,0.625,0.268,0,0,Wednesday,2025,0
US,USD,GBP,mobile,1611.86,1611.86,24.37,0.8,TRUE,standard,147,0.551,0.391,0,0,Wednesday,2025,0
US,USD,EUR,mobile,358.36,358.36,5.32,0.925926,TRUE,standard,34,0.427,0.068,0,0,Wednesday,2025,0
UK,GBP,PHP,web,132.51,165.64,2.98,73.529412,FALSE,standard,4,0.892,0.407,0,0,Thursday,2025,0
US,USD,CAD,web,429.07,429.07,6.95,1.351351,TRUE,enhanced,257,0.894,0.257,0,0,Thursday,2025,0
US,USD,GBP,mobile,247.3,247.3,5,0.8,FALSE,enhanced,257,0.744,0.257,0,0,Thursday,2025,0
CA,CAD,MXN,web,264.58,195.79,4.57,12.758621,FALSE,standard,947,0.625,0.268,0,0,Thursday,2025,0
UK,GBP,INR,mobile,422.89,528.61,6.32,104.166667,FALSE,standard,4,0.892,0.407,1,0,Thursday,2025,0
CA,CAD,EUR,web,482.94,357.37,7.07,0.685185,FALSE,standard,947,0.625,0.268,0,0,Thursday,2025,0
CA,CAD,EUR,mobile,84.9,62.83,2.8,0.685185,FALSE,standard,853,0.83,0.29,0,0,Thursday,2025,0
US,USD,GBP,web,147.31,147.31,3.21,0.8,FALSE,standard,147,0.551,0.391,0,0,Thursday,2025,0
US,USD,CAD,mobile,515.98,515.98,9.05,1.351351,FALSE,standard,1016,0.944,0.247,1,0,Friday,2025,0
US,USD,CAD,web,101.47,101.47,2.7,1.351351,FALSE,standard,1018,0.934,0.087,1,0,Friday,2025,0
UK,GBP,CAD, mobile  ,127.44,159.29,2.36,1.689189,FALSE,standard,969,0.75,0.258,0,0,Friday,2025,0
CA,CAD,NGN,ATM,163.4,120.91,3.32,822.222222,FALSE,standard,947,0.625,0.268,0,0,Friday,2025,0
US,USD,EUR,mobile,218.79,218.79,3.82,0.925926,FALSE,standard,263,0.522,0.223,0,0,Friday,2025,0
US,USD,MXN,mobile,121.91,121.91,4.11,17.241379,FALSE,standard,638,0.839,0.244,0,0.2,Friday,2025,0
UK,GBP,INR,web,199.54,249.42,4.65,104.166667,FALSE,standard,4,0.892,0.407,0,0,Friday,2025,0
US,USD,CAD,mobile,61.71,61.71,2.61,1.351351,FALSE,standard,147,0.551,0.391,0,0,Friday,2025,0
US,USD,PHP,mobile,39.31,39.31,1.34,58.823529,FALSE,standard,298,0.336,0.166,0,0.1,Friday,2025,0
CA,CAD,GBP,web,71.36,52.8,2.78,0.592,FALSE,standard,1041,0.867,0.245,0,0,Friday,2025,0
US,USD,GBP,mobile,59.58,59.58,1.66,0.8,FALSE,standard,298,0.336,0.166,0,0,Friday,2025,0
UK,GBP,CNY,mobile,532.17,665.21,9.11,8.928571,FALSE,standard,4,0.892,0.407,0,0,Saturday,2025,0
US,USD,NGN,web,83.04,83.04,1.92,1111.111111,FALSE,standard,1018,0.934,0.087,0,0.25,Saturday,2025,0
UK,GBP,GBP,web,69.54,86.92,2.22,1,FALSE,standard,4,0.892,0.407,1,0,Friday,2025,0
US,USD,MXN,mobile,38.95,38.95,1.19,17.241379,FALSE,enhanced,367,0.939,0.176,0,0.2,Saturday,2025,0
UK,GBP,MXN,ATM,140.06,175.07,3.5,21.551724,FALSE,standard,4,0.892,0.407,0,0,Saturday,2025,0
UK,GBP,CAD,web,131.76,164.7,2.66,1.689189,FALSE,standard,4,0.892,0.407,1,0,Saturday,2025,0
US,USD,CNY,web,655.08,655.08,9.91,7.142857,FALSE,standard,298,0.336,0.166,0,0,Saturday,2025,0
US,USD,EUR,mobile,229.5,229.5,4.17,0.925926,TRUE,standard,263,0.522,0.223,0,0,Saturday,2025,0
US,USD,GBP,mobile,47.25,47.25,1.47,0.8,FALSE,standard,263,0.522,0.223,0,0,Sunday,2025,0
US,USD,CAD,mobile,334.88,334.88,6.26,1.351351,FALSE,standard,1018,0.934,0.087,0,0,Sunday,2025,0
UK,GBP,GBP,mobile,43.61,54.51,1.6,1,FALSE,standard,718,0.953,0.169,0,0,Sunday,2025,0
US,USD,USD,mobile,956.98,956.98,15.21,1,FALSE,standard,1016,0.794,0.247,1,0,Sunday,2025,0
US,USD,CAD,mobile,489.14,489.14,9.12,1.351351,FALSE,standard,263,0.522,0.223,0,0,Sunday,2025,0
CA,CAD,INR,web,404.49,299.32,7.73,61.666667,FALSE,standard,1041,0.867,0.245,0,0.12,Sunday,2025,0
UK,GBP,CNY,web,1115.94,1394.92,17.24,8.928571,FALSE,standard,4,0.892,0.407,0,0,Sunday,2025,0
UK,GBP,MXN,mobile,175.05,218.81,3.76,21.551724,FALSE,standard,4,0.892,0.407,0,0,Sunday,2025,0
US,USD,INR,web,204.94,204.94,-1,83.333333,FALSE,standard,263,-0.1,0.223,0,0,Sunday,2025,0
US,USD,INR,mobile,50.82,50.82,1.25,83.333333,FALSE,standard,263,0.372,0.223,0,0,Sunday,2025,0
US,USD,INR,mobile,375.55,375.55,6.58,83.333333,FALSE,standard,263,0.522,0.223,0,0,Monday,2025,0
 US  ,USD,CNY,unknown,237.27,410.97,110.92,7.142857,FALSE,unknown,263,0.68,0.223,0,0,Monday,2025,0
UK,GBP,CAD,mobile,85.61,107.02,2.2,1.689189,FALSE,standard,4,0.892,0.407,0,0,Monday,2025,0
US,USD,INR,mobile,112.96,112.96,2.92,83.333333,TRUE,standard,1016,0.944,0.247,0,0,Monday,2025,0
US,USD,INR,ATM,85.84,85.84,2.49,83.333333,FALSE,standard,638,0.839,0.244,0,0,Wednesday,2025,0
US,USD,USD,mobile,168.86,168.86,3.48,1,FALSE,standard,263,0.522,0.223,0,0,Tuesday,2025,0
US,USD,NGN,mobile,97.62,97.62,2.34,1111.111111,FALSE,standard,263,0.522,0.223,0,0.25,Tuesday,2025,0
US,USD,CNY,mobile,156.14,156.14,2.98,7.142857,FALSE,enhanced,367,0.939,0.176,0,0,Tuesday,2025,0
US,USD,NGN,mobile,71.17,71.17,2.52,1111.111111,FALSE,standard,263,0.522,0.223,0,0.25,Tuesday,2025,0
US,USD,CAD,mobile,103.79,103.79,2.94,1.351351,TRUE,standard,263,0.522,0.223,0,0,Tuesday,2025,0
US,USD,INR,mobile,239.11,239.11,4.95,83.333333,TRUE,standard,34,0.427,0.068,0,0,Tuesday,2025,0
US,USD,NGN,mobile,155.52,155.52,3.32,1111.111111,FALSE,standard,263,0.522,0.223,0,0.25,Tuesday,2025,0
US,USD,USD,mobile,115.02,115.02,2.72,1,FALSE,enhanced,257,0.894,0.257,0,0,Wednesday,2025,0
UK,GBP,MXN,mobile,21.43,26.79,1.3,21.551724,FALSE,low,454,0.71,0.238,1,0,Wednesday,2025,0
US,USD,CAD,web,78.45,78.45,2.03,1.351351,FALSE,standard,263,0.522,0.223,0,0,Wednesday,2025,0
US,USD,GBP,web,324.58,324.58,6.13,0.8,FALSE,standard,147,0.401,0.391,0,0,Wednesday,2025,0
US,USD,CAD,ATM,121.46,121.46,2.7,1.351351,FALSE,standard,648,0.62,0.24,0,0,Thursday,2025,0
US,USD,CNY,mobile,104.11,104.11,2.52,7.142857,FALSE,standard,263,0.522,0.223,0,0,Thursday,2025,0
US,USD,GBP,web,91.34,91.34,2.24,0.8,FALSE,standard,1018,0.934,0.087,1,0,Thursday,2025,0
US,USD,INR,web,197.9,197.9,4.35,83.333333,FALSE,enhanced,257,0.894,0.257,0,0,Thursday,2025,0
US,USD,USD,web,135.72,135.72,4.04,1,FALSE,standard,1016,0.944,0.247,0,0,Thursday,2025,0
US,USD,INR,mobile,98.1,98.1,1.62,83.333333,FALSE,standard,298,0.336,0.166,6,0,Thursday,2025,0
US,USD,INR,web,162.26,162.26,3.79,83.333333,FALSE,standard,263,0.522,0.223,0,0,Thursday,2025,0
UK,GBP,MXN,mobile,175.72,219.64,2.6,21.551724,FALSE,standard,4,0.892,0.407,0,0,Thursday,2025,0
UK,GBP,CAD,mobile,300.31,375.38,5.18,1.689189,TRUE,standard,4,0.892,0.407,0,0,Thursday,2025,1
US,USD,GBP,mobile,722.99,722.99,12.47,0.8,FALSE,standard,1016,0.944,0.247,2,0,Thursday,2025,0
US,USD,PHP,mobile,132.35,132.35,2.58,58.823529,FALSE,standard,1016,0.944,0.247,0,0.1,Thursday,2025,0
US,USD,GBP,ATM,84.06,84.06,3.05,0.8,FALSE,standard,298,0.336,0.166,0,0,Friday,2025,0
US,USD,NGN,mobile,661.12,661.12,11.49,1111.111111,FALSE,standard,263,0.522,0.223,0,0.25,Friday,2025,0
CA,CAD,USD,web,141.27,104.54,3.46,0.74,FALSE,low,615,0.515,0.355,0,0,Friday,2025,0
US,USD,CNY,mobile,94.82,94.82,1.94,7.142857,FALSE,enhanced,367,0.939,0.176,0,0,Saturday,2025,0
CA,CAD,INR,mobile,84.63,62.62,2.02,61.666667,TRUE,standard,272,0.792,0.048,0,0.12,Friday,2025,0
UK,GBP,INR,ATM,110.82,138.53,2.76,104.166667,TRUE,standard,4,0.892,0.407,0,0,Friday,2025,0
US,USD,NGN,mobile,92.64,92.64,2.08,1111.111111,FALSE,standard,1018,0.934,0.087,0,0.25,Saturday,2025,0
US,USD,NGN,mobile,389.11,389.11,6.47,1111.111111,FALSE,standard,1016,0.944,0.247,0,0.25,Saturday,2025,0
US,USD,PHP,mobile,59.88,59.88,1.72,58.823529,FALSE,standard,263,0.522,0.223,0,0.1,Saturday,2025,0
CA,CAD,INR,mobile,133.31,98.65,3.5,61.666667,FALSE,low,824,0.607,0.282,0,0.12,Saturday,2025,0
CA,CAD,GBP,mobile,173.37,128.3,4.52,0.592,FALSE,low,824,0.607,0.282,0,0,Saturday,2025,0
US,USD,EUR,web,83.77,83.77,2.39,0.925926,FALSE,standard,1018,0.934,0.087,0,0,Saturday,2025,0
UK,GBP,USD,ATM,373.15,466.44,7.03,1.25,FALSE,standard,4,0.892,0.407,0,0,Saturday,2025,0
US,USD,PHP,mobile,112.35,112.35,3.26,58.823529,FALSE,standard,1018,0.934,0.087,0,0.1,Saturday,2025,0
US,USD,USD,mobile,333.26,333.26,6.11,1,FALSE,enhanced,257,0.894,0.257,0,0,Saturday,2025,0
UK,GBP,USD,mobile,382.59,478.24,7.14,1.25,FALSE,standard,4,0.742,0.407,0,0,Saturday,2025,0
US,USD,PHP,ATM,102.71,102.71,2.07,58.823529,FALSE,standard,1018,0.934,0.087,0,0.1,Sunday,2025,0
UK,GBP,NGN,mobile,568.38,710.48,10.22,1388.888889,FALSE,standard,718,0.953,0.169,0,0.22,Sunday,2025,0
US,USD,EUR,web,88.72,88.72,2.13,0.925926,FALSE,enhanced,367,0.939,0.176,0,0,Sunday,2025,0
US,USD,PHP,web,354.32,354.32,6.67,58.823529,FALSE,enhanced,257,0.744,0.257,0,0.1,Sunday,2025,0
US,USD,INR,web,193.73,193.73,3.82,83.333333,TRUE,standard,298,0.336,0.166,0,0,Sunday,2025,0
UK,GBP,CNY,mobile,384.87,481.09,7.09,8.928571,FALSE,standard,781,0.377,0.489,0,0,Sunday,2025,0
US,USD,USD,web,90.39,90.39,3.34,1,FALSE,standard,263,0.522,0.223,0,0,Sunday,2025,0
US,USD,CAD,mobile,73.21,73.21,1.57,1.351351,FALSE,standard,298,0.336,0.166,0,0,Sunday,2025,0
US,USD,NGN,mobile,120.51,120.51,2.61,1111.111111,FALSE,standard,1018,0.934,0.087,0,0.25,Sunday,2025,0
UK,GBP,INR,web,258.84,323.55,4.72,104.166667,FALSE,standard,4,0.892,0.407,0,0,Sunday,2025,0
UK,GBP,CNY,mobile,142.19,177.74,3.26,8.928571,FALSE,standard,4,0.892,0.407,0,0,Monday,2025,0
US,USD,NGN,mobile,206.72,206.72,3.95,1111.111111,FALSE,enhanced,367,0.939,0.176,0,0.25,Monday,2025,0
US,USD,USD,mobile,161.72,161.72,3.62,1,FALSE,enhanced,257,0.894,0.257,0,0,Monday,2025,0
US,USD,PHP,mobile,9995.12,9995.12,150.91,58.823529,FALSE,standard,263,0.522,0.223,0,0.1,Monday,2025,0
UK,GBP,NGN,mobile,101.14,126.42,1.67,1388.888889,FALSE,standard,4,0.892,0.407,0,0.22,Monday,2025,0
UK,GBP,MXN,web,173.11,216.39,3.93,21.551724,FALSE,standard,684,0.833,0.241,0,0,Monday,2025,0
US,USD,EUR,mobile,153.6,153.6,3.82,0.925926,FALSE,standard,147,0.551,0.391,0,0,Monday,2025,0
US,USD,GBP,mobile,90.53,90.53,1.64,0.8,FALSE,enhanced,257,0.894,0.257,0,0,Monday,2025,0
US,USD,NGN,ATM,336.06,336.06,6.36,1111.111111,FALSE,standard,1018,0.784,0.087,0,0.25,Monday,2025,0
UK,GBP,USD,mobile,76.3,95.37,2.2,1.25,TRUE,standard,4,0.892,0.407,0,0,Tuesday,2025,0
US,USD,EUR,mobile,230.8,230.8,4.28,0.925926,FALSE,standard,263,0.522,0.223,0,0,Tuesday,2025,0
US,USD,MXN,mobile,159.69,159.69,3.33,17.241379,FALSE,standard,1018,0.934,0.087,0,0.2,Tuesday,2025,0
US,USD,CAD,mobile,56.05,56.05,1.98,1.351351,FALSE,standard,1018,0.934,0.087,0,0,Tuesday,2025,0
US,USD,MXN,mobile,77.46,77.46,2.47,17.241379,FALSE,standard,263,0.522,0.223,0,0.2,Tuesday,2025,0
UK,GBP,USD,mobile,101.27,126.58,2.55,1.25,FALSE,standard,718,0.953,0.169,1,0,Wednesday,2025,0
US,USD,INR,mobile,109.84,109.84,2.58,83.333333,FALSE,enhanced,257,0.894,0.257,0,0,Wednesday,2025,0
US,USD,PHP,web,71.32,71.32,2.2,58.823529,FALSE,standard,263,0.522,0.223,0,0.1,Wednesday,2025,0
UK,GBP,CNY,ATM,44.4,55.5,2.19,8.928571,FALSE,standard,4,0.892,0.407,0,0,Wednesday,2025,0
UK,GBP,INR,mobile,165.24,206.56,4.69,104.166667,FALSE,low,704,0.515,0.283,0,0,Wednesday,2025,0
US,USD,CAD,ATM,100.27,100.27,2.39,1.351351,FALSE,standard,34,0.427,0.068,0,0,Wednesday,2025,0
CA,CAD,EUR,mobile,36.68,27.15,2.51,0.685185,FALSE,standard,947,0.625,0.268,0,0,Wednesday,2025,0
US,USD,NGN,mobile,139.53,139.53,2.59,1111.111111,FALSE,standard,1018,0.934,0.087,0,0.25,Wednesday,2025,0
CA,CAD,MXN,web,86.01,63.65,2.94,12.758621,FALSE,low,1066,0.522,0,0,0,Wednesday,2025,0
UK,GBP,INR,web,118.1,147.62,1.98,104.166667,FALSE,standard,4,0.892,0.407,0,0,Wednesday,2025,0
US,USD,USD,mobile,175.47,410.97,110.92,1,FALSE,unknown,298,0.68,0.166,0,0,Thursday,2025,0
US,USD,EUR,web,165.53,165.53,3.21,0.925926,FALSE,enhanced,257,0.894,0.257,0,0,Thursday,2025,0
CA,CAD,NGN,mobile,42.31,31.31,1.17,822.222222,FALSE,standard,947,0.625,0.268,0,0,Thursday,2025,0
US,USD,NGN,mobile,557.57,557.57,9.69,1111.111111,FALSE,enhanced,257,0.894,0.257,0,0.25,Thursday,2025,0
US,USD,USD,mobile,120.22,120.22,3.55,1,FALSE,standard,298,0.336,0.166,0,0,Thursday,2025,0
US,USD,EUR,mobile,136.94,136.94,3.82,0.925926,FALSE,standard,263,0.522,0.223,0,0,Thursday,2025,0
UK,GBP,NGN,mobile,37.56,46.95,2.2,1388.888889,FALSE,low,704,0.515,0.283,0,0.22,Thursday,2025,0
US,USD,USD,web,101.13,101.13,2.73,1,FALSE,standard,147,0.551,0.391,0,0,Thursday,2025,0
US,USD,MXN,web,69.2,69.2,2.17,17.241379,FALSE,enhanced,257,0.894,0.257,0,0.2,Thursday,2025,0
UK,GBP,EUR,mobile,448.41,560.51,7.57,1.157407,FALSE,standard,4,0.892,0.407,0,0.05,Friday,2025,0
US,USD,GBP,mobile,81.23,81.23,1.99,0.8,FALSE,standard,1018,0.934,0.087,0,0,Friday,2025,0
UK,GBP,MXN,mobile,320.47,400.59,6.34,21.551724,FALSE,standard,4,0.892,0.407,0,0,Friday,2025,0
US,USD,INR,ATM,128.78,128.78,3.16,83.333333,FALSE,standard,263,0.522,0.223,0,0,Friday,2025,0
US,USD,USD,mobile,353.72,353.72,6.51,1,FALSE,low,616,0.702,0.361,0,0,Friday,2025,0
US,USD,EUR,mobile,111.07,111.07,3.85,0.925926,FALSE,standard,147,0.551,0.391,0,0,Saturday,2025,0
US,USD,CAD,mobile,243.93,243.93,3.67,1.351351,FALSE,standard,34,0.427,0.068,0,0,Saturday,2025,0
CA,CAD,PHP,mobile,290.16,214.72,5.77,43.529412,FALSE,standard,947,0.625,0.268,0,0,Saturday,2025,0
US,USD,PHP,mobile,103.63,103.63,2.11,58.823529,FALSE,enhanced,367,0.939,0.176,0,0.1,Saturday,2025,0
US,USD,GBP,web,118.46,118.46,3.85,0.8,TRUE,standard,298,0.336,0.166,0,0,Saturday,2025,0
CA,CAD,CAD,mobile,-252.9,187.14,9999.99,1,FALSE,low,615,-0.1,0.355,0,0,Saturday,2025,0
CA,CAD,NGN,mobile,143.98,106.55,3.07,822.222222,FALSE,standard,947,0.625,0.268,0,0,Saturday,2025,0
UK,GBP,PHP,mobile,73.94,92.43,2.76,73.529412,FALSE,standard,4,0.892,0.407,0,0,Saturday,2025,0
US,USD,USD,mobile,612.14,612.14,9.94,1,FALSE,standard,263,0.522,0.223,1,0,Saturday,2025,0
US,USD,USD,mobile,39.71,39.71,1.87,1,FALSE,standard,263,0.522,0.223,0,0,Saturday,2025,0
US,USD,CNY,web,58.26,58.26,2.6,7.142857,FALSE,enhanced,367,0.939,0.176,0,0,Saturday,2025,0
UK,GBP,CAD,web,568.34,710.42,9.34,1.689189,FALSE,standard,4,0.892,0.407,0,0,Saturday,2025,0
UK,GBP,MXN,mobile,150.37,187.96,3.73,21.551724,FALSE,standard,4,0.742,0.407,0,0,Sunday,2025,0
US,USD,INR,web,9994.36,9994.36,150.95,83.333333,FALSE,standard,147,0.551,0.391,0,0,Sunday,2025,0
UK,GBP,USD,mobile,366.12,457.65,6.48,1.25,FALSE,standard,4,0.892,0.407,0,0,Sunday,2025,0
US,USD,CAD,ATM,106.98,106.98,3.32,1.351351,FALSE,standard,263,0.522,0.223,0,0,Sunday,2025,0
UK,GBP,MXN,web,164.28,205.35,2.9,21.551724,FALSE,standard,4,0.892,0.407,0,0,Sunday,2025,0
US,USD,USD,mobile,16.11,16.11,2.08,1,FALSE,standard,263,0.522,0.223,0,0,Sunday,2025,0
US,USD,CNY,web,145.73,145.73,4.27,7.142857,TRUE,standard,34,0.277,0.068,0,0,Sunday,2025,0
US,USD,EUR,mobile,95.58,95.58,3.08,0.925926,FALSE,enhanced,367,0.939,0.176,0,0,Sunday,2025,1
US,USD,PHP,mobile,81.46,81.46,1.78,58.823529,FALSE,enhanced,257,0.744,0.257,0,0.1,Monday,2025,0
 US  ,USD,USD,mobille,113.97,113.97,3.38,1,FALSE,unknown,1011,0.824,0.123,1,0,Monday,2025,0
CA,CAD,NGN,mobile,115.29,85.31,1.56,822.222222,FALSE,standard,172,0.881,0.199,4,0,Monday,2025,0
US,USD,USD,web,147.01,147.01,3.28,1,TRUE,standard,1018,0.934,0.087,1,0,Tuesday,2025,0
US,USD,USD,weeb,213.91,213.91,4.87,1,FALSE,standard,298,0.336,0.166,0,0,Tuesday,2025,0
US,USD,CAD,mobile,222.32,222.32,5.06,1.351351,FALSE,standard,298,0.336,0.166,0,0,Tuesday,2025,0
US,USD,USD,web,157.03,157.03,3.52,1,FALSE,standard,147,0.551,0.391,0,0,Tuesday,2025,0
US,USD,NGN,mobile,141.45,141.45,2.97,1111.111111,FALSE,standard,298,0.336,0.166,0,0.25,Tuesday,2025,0
US,USD,USD,mobile,143.5,143.5,2.88,1,FALSE,enhanced,367,0.939,0.176,0,0,Tuesday,2025,0
UK,GBP,MXN,mobile,71.29,89.11,1.54,21.551724,FALSE,enhanced,987,0.94,0.246,0,0,Tuesday,2025,0
US,USD,CAD,web,187.56,187.56,3.17,1.351351,FALSE,standard,298,0.336,0.166,7,0,Tuesday,2025,0
UK,GBP,CNY,web,255.94,319.92,4.85,8.928571,FALSE,standard,4,0.892,0.407,0,0,Tuesday,2025,0
US,USD,INR,web,42.85,42.85,1.87,83.333333,TRUE,standard,1018,0.934,0.087,0,0,Tuesday,2025,0
US,USD,NGN,mobile,292.9,292.9,5.41,1111.111111,FALSE,standard,147,0.551,0.391,0,0.25,Wednesday,2025,0
US,USD,EUR,web,9994.06,9994.06,150.64,0.925926,TRUE,standard,1016,0.944,0.247,0,0,Wednesday,2025,0
UK,GBP,GBP,web,74.69,410.97,110.92,1,FALSE,unknown,4,0.68,0.407,0,0,Wednesday,2025,0
US,USD,CNY,mobile,126.02,126.02,3.21,7.142857,FALSE,standard,298,0.336,0.166,0,0,Wednesday,2025,0
US,USD,NGN,web,59.79,59.79,3.11,1111.111111,TRUE,standard,1018,0.934,0.087,0,0.25,Wednesday,2025,0
US,USD,CNY,mobile,401.48,401.48,7.36,7.142857,TRUE,standard,298,0.336,0.166,0,0,Wednesday,2025,0
US,USD,USD,mobile,128.21,128.21,3.14,1,FALSE,standard,298,0.336,0.166,0,0,Wednesday,2025,0
US,USD,USD,mobile,47.07,410.97,110.92,1,FALSE,unknown,147,0.68,0.391,1,0,Wednesday,2025,0
US,USD,CAD,mobile,124.57,124.57,2.47,1.351351,FALSE,standard,147,0.551,0.391,0,0,Wednesday,2025,0
UK,GBP,PHP,web,104.53,130.67,2.68,73.529412,FALSE,standard,718,0.953,0.169,0,0,Wednesday,2025,0
UK,GBP,MXN,mobile,216.78,270.97,4.7,21.551724,FALSE,standard,4,0.892,0.407,0,0,Thursday,2025,0
US,USD,EUR,mobile,109.77,109.77,2.19,0.925926,FALSE,standard,263,0.522,0.223,0,0,Thursday,2025,0
CA,CAD,CAD,mobile,314.82,232.96,5.91,1,FALSE,standard,172,0.881,0.199,0,0,Thursday,2025,0
US,USD,CAD,ATM,95.84,95.84,3.14,1.351351,FALSE,low,616,0.702,0.361,0,0,Thursday,2025,0
US,USD,CNY,mobile,125.86,125.86,3.47,7.142857,TRUE,standard,1018,0.934,0.087,0,0,Thursday,2025,0
US,USD,CNY,web,899.05,410.97,110.92,7.142857,FALSE,unknown,263,0.68,0.223,0,0,Thursday,2025,0
CA,CAD,CNY,web,344.74,255.11,6.17,5.285714,FALSE,standard,947,0.625,0.268,0,0,Thursday,2025,0
US,USD,MXN,web,309.2,309.2,5.43,17.241379,FALSE,standard,263,0.522,0.223,0,0.2,Thursday,2025,1
US,USD,CNY,mobile,492,492,8.07,7.142857,FALSE,enhanced,367,0.939,0.176,0,0,Friday,2025,0
UK,GBP,MXN,mobile,340.32,425.4,5.81,21.551724,FALSE,standard,4,0.892,0.407,1,0,Friday,2025,0
US,USD,USD,mobile,234.46,234.46,4.52,1,FALSE,standard,263,0.372,0.223,0,0,Friday,2025,0
US,USD,GBP,mobile,148.14,148.14,3.11,0.8,FALSE,standard,298,0.336,0.166,0,0,Saturday,2025,0
US,USD,INR,mobile,185.22,185.22,2.95,83.333333,FALSE,standard,298,0.336,0.166,0,0,Saturday,2025,0
UK,GBP,CAD,mobile,79.71,99.63,1.29,1.689189,FALSE,standard,4,0.892,0.407,0,0,Saturday,2025,0
CA,CAD,PHP,web,130.32,96.44,2.74,43.529412,FALSE,standard,947,0.625,0.268,0,0,Saturday,2025,0
UK,GBP,INR,mobile,72.66,90.83,1.49,104.166667,FALSE,standard,4,0.892,0.407,0,0,Saturday,2025,0
US,USD,GBP,ATM,68.65,68.65,1.41,0.8,FALSE,enhanced,367,0.939,0.176,0,0,Saturday,2025,0
US,USD,PHP,web,277.45,277.45,5.52,58.823529,FALSE,low,616,0.702,0.361,4,0.1,Saturday,2025,0
US,USD,EUR,web,574.8,574.8,9.12,0.925926,FALSE,enhanced,367,0.789,0.176,0,0,Saturday,2025,0
US,USD,MXN,mobile,107.41,107.41,1.81,17.241379,FALSE,standard,263,0.522,0.223,0,0.2,Saturday,2025,0
US,USD,USD,mobile,-83.93,83.93,9999.99,1,FALSE,standard,298,-0.1,0.166,0,0,Saturday,2025,0
UK,GBP,NGN,mobile,73.25,91.56,2,1388.888889,FALSE,standard,4,0.892,0.407,0,0.22,Saturday,2025,0
US,USD,CAD,mobile,113.1,113.1,3.78,1.351351,FALSE,enhanced,367,0.939,0.176,0,0,Sunday,2025,0
US,USD,NGN,mobile,264.88,264.88,5.62,1111.111111,FALSE,standard,1018,0.934,0.087,1,0.25,Sunday,2025,0
US,USD,NGN,mobile,28.75,28.75,0.8,1111.111111,FALSE,enhanced,367,0.939,0.176,0,0.25,Sunday,2025,0
CA,CAD,CAD,mobile,168.07,124.37,4.14,1,FALSE,standard,1035,0.497,0.236,1,0,Sunday,2025,0
US,USD,EUR,web,613.03,613.03,10.5,0.925926,FALSE,standard,298,0.336,0.166,1,0,Sunday,2025,0
US,USD,GBP,mobile,419.04,419.04,7.35,0.8,FALSE,standard,147,0.551,0.391,0,0,Sunday,2025,0
UK,GBP,CNY,web,63.13,78.91,2.42,8.928571,FALSE,low,566,0.731,0.422,0,0,Sunday,2025,0
US,USD,USD,mobile,62.63,62.63,1.85,1,FALSE,enhanced,367,0.939,0.176,0,0,Sunday,2025,0
US,USD,EUR,web,236.31,236.31,5.28,0.925926,FALSE,enhanced,257,0.894,0.257,0,0,Sunday,2025,0
US,USD,USD,web,51.53,51.53,1.91,1,FALSE,standard,1011,0.824,0.123,0,0,Monday,2025,0
US,USD,GBP,mobile,176.31,176.31,3.91,0.8,FALSE,standard,263,0.522,0.223,0,0,Monday,2025,0
US,USD,EUR,mobile,130.82,130.82,3.02,0.925926,FALSE,enhanced,367,0.939,0.176,0,0,Monday,2025,0
CA,CAD,CNY,web,316.32,234.08,5.94,5.285714,TRUE,low,615,0.515,0.355,0,0,Monday,2025,0
US,USD,NGN,mobile,130.29,130.29,2.88,1111.111111,FALSE,standard,263,0.522,0.223,0,0.25,Saturday,2025,0
US,USD,INR,ATM,186.82,186.82,3.85,83.333333,FALSE,standard,859,0.96,0.363,0,0,Monday,2025,0
US,USD,INR,mobile,354.8,354.8,5.57,83.333333,FALSE,standard,298,0.336,0.166,0,0,Monday,2025,0
UK,GBP,MXN,mobile,182.72,228.4,4.48,21.551724,TRUE,standard,4,0.892,0.407,0,0,Monday,2025,0
US,USD,PHP,web,194.48,194.48,3.71,58.823529,TRUE,enhanced,257,0.894,0.257,0,0.1,Tuesday,2025,0
US,USD,PHP,web,120.86,120.86,2.33,58.823529,FALSE,standard,147,0.551,0.391,0,0.1,Tuesday,2025,0
CA,CAD,EUR,mobile,83.17,61.55,2.12,0.685185,TRUE,standard,272,0.792,0.048,0,0,Tuesday,2025,0
CA,CAD,MXN,web,573.22,424.18,10.01,12.758621,FALSE,standard,172,0.881,0.199,0,0,Tuesday,2025,0
UK,GBP,USD,mobile,24.67,30.83,1.15,1.25,FALSE,standard,4,0.892,0.407,0,0,Tuesday,2025,0
CA,CAD,USD,mobile,58.91,43.59,2.05,0.74,TRUE,low,824,0.607,0.282,0,0,Tuesday,2025,0
US,USD,USD,mobile,424.34,424.34,6.7,1,FALSE,enhanced,367,0.939,0.176,0,0,Wednesday,2025,0
US,USD,NGN,mobile,339.33,339.33,6.72,1111.111111,FALSE,enhanced,257,0.894,0.257,3,0.25,Wednesday,2025,0
US,USD,PHP,mobile,313.44,410.97,-1,58.823529,TRUE,unknown,367,-0.1,0.176,0,0.1,Wednesday,2025,0
US,USD,CNY,mobile,71.2,71.2,1.57,7.142857,FALSE,standard,263,0.522,0.223,0,0,Wednesday,2025,0
US,USD,EUR,web,92.44,92.44,3.61,0.925926,FALSE,standard,263,0.372,0.223,0,0,Wednesday,2025,0
US,USD,CAD,mobile,595.36,595.36,9.45,1.351351,FALSE,standard,298,0.336,0.166,0,0,Wednesday,2025,0
UK,GBP,MXN,mobile,108.8,136,2.74,21.551724,FALSE,standard,718,0.953,0.169,0,0,Thursday,2025,0
US,USD,GBP,mobile,115.77,115.77,2.87,0.8,FALSE,standard,1018,0.784,0.087,0,0,Thursday,2025,0
UK,GBP,USD,web,683.88,854.85,11.12,1.25,FALSE,standard,4,0.892,0.407,0,0,Thursday,2025,1
US,USD,CAD,mobile,223.47,223.47,3.71,1.351351,FALSE,enhanced,367,0.939,0.176,0,0,Thursday,2025,0
US,USD,CNY,mobile,80.05,80.05,1.82,7.142857,FALSE,standard,830,0.799,0.102,0,0,Thursday,2025,1
US,USD,CAD,mobile,84.56,84.56,1.58,1.351351,FALSE,enhanced,367,0.939,0.176,0,0,Thursday,2025,0
US,USD,USD,mobile,647.02,647.02,11.64,1,FALSE,enhanced,661,0.92,0.259,0,0,Thursday,2025,0
US,USD,EUR,web,1229.03,1229.03,19.22,0.925926,FALSE,enhanced,367,0.939,0.176,0,0,Thursday,2025,0
UK,GBP,NGN,mobile,58.1,72.62,2.17,1388.888889,FALSE,standard,718,0.953,0.169,0,0.22,Thursday,2025,0
UK,GBP,CNY,mobile,87.08,108.85,2.97,8.928571,FALSE,standard,718,0.953,0.169,0,0,Friday,2025,0
CA,CAD,EUR,web,372.6,275.72,6.55,0.685185,TRUE,low,615,0.515,0.355,0,0,Friday,2025,0
US,USD,CAD,mobile,168.73,168.73,3.45,1.351351,FALSE,standard,263,0.522,0.223,0,0,Friday,2025,0
US,USD,CAD,mobile,400.39,400.39,7.03,1.351351,FALSE,standard,298,0.336,0.166,0,0,Friday,2025,0
US,USD,MXN,web,149.83,149.83,2.8,17.241379,FALSE,standard,1018,0.934,0.087,0,0.2,Friday,2025,0
US,USD,NGN,mobile,148.33,148.33,3.33,1111.111111,FALSE,standard,263,0.522,0.223,0,0.25,Friday,2025,0
US,USD,CAD,mobile,207.14,207.14,3.7,1.351351,TRUE,enhanced,257,0.894,0.257,0,0,Friday,2025,0
US,USD,GBP,mobile,125.97,125.97,2.68,0.8,FALSE,standard,1016,0.944,0.247,0,0,Friday,2025,0
US,USD,INR,mobile,92.47,92.47,1.12,83.333333,FALSE,standard,1018,0.934,0.087,0,0,Friday,2025,0
US,USD,CNY,mobile,155.25,155.25,3.7,7.142857,FALSE,standard,298,0.336,0.166,0,0,Friday,2025,0
US,USD,EUR,web,9997.34,9997.34,151.69,0.925926,FALSE,standard,298,0.336,0.166,0,0,Friday,2025,0
CA,CAD,GBP,web,244.35,180.82,4.95,0.592,TRUE,standard,1041,0.867,0.245,0,0,Friday,2025,0
UK,GBP,INR,mobile,126.96,158.71,3.36,104.166667,TRUE,standard,4,0.892,0.407,0,0,Friday,2025,0
US,USD,CNY,web,224.42,224.42,4.44,7.142857,FALSE,enhanced,367,0.939,0.176,0,0,Saturday,2025,0
US,USD,NGN,web,56.17,56.17,2.46,1111.111111,FALSE,standard,263,0.522,0.223,0,0.25,Saturday,2025,0
US,USD,CAD,mobile,349.87,349.87,7.22,1.351351,FALSE,enhanced,367,0.939,0.176,1,0,Saturday,2025,0
US,USD,GBP,mobile,51.3,51.3,2.27,0.8,FALSE,standard,298,0.186,0.166,0,0,Saturday,2025,0
CA,CAD,MXN,ATM,42.5,31.45,1.98,12.758621,FALSE,standard,947,0.625,0.268,0,0,Saturday,2025,0
US,USD,EUR,mobile,33.93,33.93,1.71,0.925926,FALSE,standard,1018,0.934,0.087,0,0,Sunday,2025,0
US,USD,GBP,web,94.61,94.61,2.48,0.8,FALSE,standard,1018,0.934,0.087,1,0,Sunday,2025,0
US,USD,MXN,web,209.4,209.4,4.42,17.241379,FALSE,standard,1018,0.934,0.087,0,0.2,Sunday,2025,0
US,USD,CAD,ATM,55.92,410.97,110.92,1.351351,FALSE,unknown,616,0.68,0.361,0,0,Sunday,2025,0
US,USD,USD,web,395.19,9995.95,-1,1,FALSE,standard,34,-0.1,0.068,0,0,Sunday,2025,0
US,USD,NGN,mobile,119.08,119.08,2.44,1111.111111,FALSE,low,616,0.702,0.361,0,0.25,Sunday,2025,0
US,USD,USD,web,436.84,436.84,6.82,1,FALSE,standard,263,0.522,0.223,0,0,Sunday,2025,0
US,USD,INR,mobile,173.45,173.45,4.15,83.333333,FALSE,standard,1018,0.934,0.087,0,0,Sunday,2025,0
US,USD,CNY,mobile,65.29,65.29,3.46,7.142857,FALSE,enhanced,661,0.92,0.259,0,0,Sunday,2025,0
US,USD,INR,mobile,488.41,488.41,8.36,83.333333,FALSE,enhanced,257,0.894,0.257,0,0,Sunday,2025,0
US,USD,NGN,web,75.54,75.54,1.67,1111.111111,FALSE,standard,1018,0.934,0.087,0,0.25,Sunday,2025,0
US,USD,INR,mobile,123.41,123.41,2.69,83.333333,FALSE,standard,1016,0.944,0.247,0,0,Sunday,2025,0
US,USD,GBP,mobile,115.42,115.42,3.06,0.8,FALSE,standard,1018,0.934,0.087,0,0,Monday,2025,0
UK,GBP,CNY,ATM,564.76,705.95,8.77,8.928571,FALSE,standard,718,0.953,0.169,0,0,Monday,2025,0
US,USD,CNY,mobile,52.19,52.19,2.31,7.142857,TRUE,standard,830,0.799,0.102,0,0,Monday,2025,0
US,USD,EUR,ATM,65.52,65.52,1.94,0.925926,FALSE,enhanced,257,0.894,0.257,0,0,Monday,2025,0
US,USD,USD,web,325.3,325.3,6.15,1,FALSE,standard,298,0.336,0.166,0,0,Monday,2025,0
US,USD,INR,mobile,502.68,502.68,8.71,83.333333,FALSE,enhanced,367,0.939,0.176,0,0,Monday,2025,0
US,USD,GBP,mobile,9994.78,9994.78,151.02,0.8,FALSE,standard,298,0.336,0.166,0,0,Monday,2025,0
US,USD,GBP,mobile,35.08,35.08,0.76,0.8,TRUE,standard,263,0.522,0.223,0,0,Monday,2025,0
US,USD,GBP,mobile,181.84,181.84,3.27,0.8,FALSE,standard,263,0.522,0.223,0,0,Monday,2025,0
US,USD,INR,mobile,235.21,235.21,3.99,83.333333,TRUE,standard,298,0.336,0.166,0,0,Monday,2025,0
US,USD,NGN,mobile,485.19,485.19,8.2,1111.111111,FALSE,standard,263,0.522,0.223,0,0.25,Tuesday,2025,0
US,USD,CAD,mobile,150.36,150.36,-1,1.351351,TRUE,standard,263,-0.1,0.223,0,0,Tuesday,2025,0
US,USD,PHP,mobile,197.13,197.13,3.52,58.823529,FALSE,enhanced,257,0.894,0.257,0,0.1,Tuesday,2025,0
UK,GBP,CAD,mobile,631.28,789.09,10.3,1.689189,FALSE,standard,4,0.742,0.407,0,0,Tuesday,2025,0
US,USD,GBP,web,45.21,45.21,1.06,0.8,FALSE,standard,1016,0.944,0.247,0,0,Tuesday,2025,0
US,USD,EUR,web,43.05,410.97,110.92,0.925926,FALSE,unknown,1018,0.68,0.087,0,0,Tuesday,2025,0
US,USD,USD,mobile,201.48,201.48,4.08,1,TRUE,standard,298,0.336,0.166,0,0,Tuesday,2025,0
US,USD,USD,web,46.24,46.24,1.28,1,FALSE,standard,263,0.522,0.223,0,0,Tuesday,2025,0
US,USD,EUR,mobile,38.92,38.92,1.08,0.925926,FALSE,standard,298,0.336,0.166,0,0,Tuesday,2025,0
US,USD,USD,web,96.43,96.43,2.56,1,FALSE,standard,263,0.522,0.223,0,0,Tuesday,2025,0
US,USD,PHP,mobile,19.21,19.21,1.5,58.823529,FALSE,standard,298,0.336,0.166,0,0.1,Tuesday,2025,0
UK,GBP,CNY,web,139.39,174.24,3.79,8.928571,FALSE,standard,718,0.953,0.169,0,0,Tuesday,2025,0
US,USD,CNY,mobile,167.22,167.22,3.5,7.142857,FALSE,standard,1018,0.934,0.087,0,0,Wednesday,2025,0
CA,CAD,EUR,mobile,240.81,178.2,4.28,0.685185,FALSE,low,824,0.607,0.282,4,0,-1,0,0
UK,GBP,USD,mobile,9992.31,12490.39,151.19,1.25,FALSE,standard,4,0.892,0.407,4,0,Wednesday,2025,0
CA,CAD,CAD,web,527.19,390.12,8.61,1,FALSE,standard,947,0.625,0.268,0,0,Wednesday,2025,0
US,USD,CNY,mobile,83.53,83.53,1.96,7.142857,FALSE,standard,263,0.372,0.223,0,0,Wednesday,2025,0
US,USD,INR,mobile,224.05,224.05,3.91,83.333333,FALSE,standard,298,0.336,0.166,0,0,Wednesday,2025,0
UK,GBP,INR,web,317.34,396.67,4.88,104.166667,FALSE,standard,718,0.953,0.169,0,0,Wednesday,2025,0
US,USD,USD,mobile,230.07,230.07,3.84,1,TRUE,standard,1018,0.934,0.087,0,0,Wednesday,2025,1
US,USD,INR,ATM,245.04,245.04,4.61,83.333333,TRUE,standard,147,0.551,0.391,1,0,Thursday,2025,0
US,USD,GBP,mobile,178.54,178.54,4.37,0.8,FALSE,standard,1018,0.934,0.087,0,0,Thursday,2025,0
US,USD,EUR,ATM,62.46,62.46,1.31,0.925926,FALSE,standard,263,0.522,0.223,0,0,Thursday,2025,0
UK,GBP,MXN,mobile,136.89,171.12,1.35,21.551724,TRUE,standard,437,0.806,0.334,0,0,Thursday,2025,0
US,USD,NGN,mobile,123.09,123.09,4.01,1111.111111,TRUE,standard,263,0.372,0.223,0,0.25,Thursday,2025,0
US,USD,EUR,mobile,381.79,410.97,110.92,0.925926,FALSE,unknown,367,0.68,0.176,0,0,Thursday,2025,0
UK,GBP,NGN,mobile,438.81,548.51,8.04,1388.888889,FALSE,standard,718,0.953,0.169,0,0.22,Thursday,2025,0
UK,GBP,INR,mobile,390.95,488.69,5.7,104.166667,FALSE,standard,589,0.801,0.282,0,0,Thursday,2025,0
CA,CAD,INR,web,184.04,136.19,3.39,61.666667,FALSE,standard,947,0.625,0.268,0,0.12,Thursday,2025,0
US,USD,USD,web,92.34,92.34,1.82,1,FALSE,enhanced,367,0.939,0.176,0,0,Thursday,2025,0
US,USD,NGN,mobile,38.02,38.02,2.26,1111.111111,FALSE,standard,298,0.336,0.166,0,0.25,Thursday,2025,0
CA,CAD,NGN,web,706.98,523.16,12.14,822.222222,FALSE,low,824,0.607,0.282,0,0,Thursday,2025,0
US,USD,USD,mobile,59.15,59.15,1.46,1,FALSE,enhanced,367,0.939,0.176,0,0,Thursday,2025,0
US,USD,EUR,mobile,103.57,103.57,2.24,0.925926,FALSE,standard,147,0.551,0.391,0,0,Friday,2025,0
CA,CAD,PHP,mobile,466.55,345.24,7.52,43.529412,FALSE,low,615,0.515,0.355,0,0,Friday,2025,0
US,USD,CAD,web,149.35,149.35,3.61,1.351351,FALSE,standard,263,0.522,0.223,0,0,Friday,2025,0
UK,GBP,NGN,mobile,60.76,75.95,1.54,1388.888889,TRUE,standard,4,0.892,0.407,0,0.22,Friday,2025,0
US,USD,CNY,mobile,166.68,166.68,3.26,7.142857,FALSE,standard,1018,0.934,0.087,0,0,Friday,2025,0
CA,CAD,INR,mobile,46.31,34.27,1.53,61.666667,FALSE,standard,947,0.625,0.268,0,0.12,Friday,2025,0
US,USD,EUR,mobile,154.75,154.75,4.13,0.925926,FALSE,enhanced,367,0.939,0.176,0,0,Friday,2025,0
US,USD,GBP,mobile,367.87,367.87,6.68,0.8,TRUE,standard,263,0.522,0.223,0,0,Friday,2025,0
CA,CAD,USD,ATM,108.8,80.51,2.02,0.74,FALSE,low,824,0.607,0.282,4,0,Friday,2025,0
US,USD,CNY,web,407.91,407.91,7.6,7.142857,FALSE,standard,298,0.186,0.166,0,0,Saturday,2025,0
US,USD,USD,web,294.8,294.8,4.3,1,FALSE,standard,1018,0.934,0.087,1,0,Saturday,2025,0
US,USD,INR,mobile,256.95,256.95,4.03,83.333333,FALSE,standard,1018,0.934,0.087,2,0,Saturday,2025,0
US,USD,MXN,mobile,128.2,128.2,3.21,17.241379,FALSE,standard,298,0.336,0.166,0,0.2,Saturday,2025,0
US,USD,NGN,mobile,225.94,225.94,4.56,1111.111111,FALSE,standard,147,0.551,0.391,0,0.25,Saturday,2025,0
US,USD,NGN,mobile,57.36,57.36,1.79,1111.111111,FALSE,enhanced,367,0.939,0.176,0,0.25,Saturday,2025,0
US,USD,PHP,mobile,115.18,115.18,2.98,58.823529,FALSE,standard,1018,0.934,0.087,0,0.1,Saturday,2025,0
US,USD,CAD,mobile,882.75,882.75,13.97,1.351351,FALSE,standard,1018,0.934,0.087,0,0,Saturday,2025,0
US,USD,EUR,web,195.92,195.92,4.08,0.925926,FALSE,standard,1016,0.944,0.247,0,0,Saturday,2025,0
US,USD,NGN,mobile,112.06,112.06,1.96,1111.111111,FALSE,standard,147,0.551,0.391,1,0.25,Saturday,2025,0
US,USD,CAD,web,177.29,177.29,3.47,1.351351,FALSE,enhanced,367,0.939,0.176,0,0,Saturday,2025,0
UK,GBP,INR,mobile,609.89,762.36,9.81,104.166667,FALSE,standard,4,0.892,0.407,0,0,Sunday,2025,0
US,USD,INR,mobile,437.76,437.76,7.47,83.333333,FALSE,standard,263,0.522,0.223,0,0,Sunday,2025,0
US,USD,INR,mobile,409.82,409.82,7.05,83.333333,FALSE,enhanced,257,0.894,0.257,0,0,Sunday,2025,0
US,USD,GBP,mobile,89.82,89.82,2.37,0.8,FALSE,standard,1018,0.934,0.087,0,0,Sunday,2025,0
US,USD,PHP,mobile,297.16,297.16,5.27,58.823529,FALSE,standard,263,0.522,0.223,0,0.1,Sunday,2025,0
US,USD,EUR,mobile,105.1,105.1,2.07,0.925926,FALSE,standard,147,0.551,0.391,0,0,Sunday,2025,0
US,USD,NGN,mobile,121.87,121.87,2.32,1111.111111,FALSE,standard,147,0.551,0.391,0,0.25,Sunday,2025,0
US,USD,CNY,mobile,164.38,164.38,3.79,7.142857,FALSE,standard,147,0.551,0.391,5,0,Sunday,2025,0
UK,GBP,EUR,mobile,121.22,151.53,3.02,1.157407,TRUE,standard,684,0.683,0.241,0,0.05,Sunday,2025,0
US,USD,EUR,mobile,181.39,181.39,3.33,0.925926,FALSE,enhanced,367,0.939,0.176,0,0,Sunday,2025,0
US,USD,GBP,mobile,129.29,129.29,2.63,0.8,FALSE,standard,298,0.336,0.166,0,0,Sunday,2025,0
US,USD,CNY,web,128.04,128.04,2.8,7.142857,FALSE,enhanced,367,0.939,0.176,0,0,Monday,2025,0
US,USD,GBP,mobile,135.27,135.27,2.99,0.8,FALSE,standard,263,0.522,0.223,0,0,Monday,2025,0
US,USD,GBP,web,123.88,123.88,2.44,0.8,FALSE,standard,147,0.551,0.391,0,0,Monday,2025,0
US,USD,EUR,web,271.13,271.13,4.99,0.925926,TRUE,standard,1018,0.934,0.087,0,0,Monday,2025,0
US,USD,NGN,web,244.38,244.38,4.82,1111.111111,FALSE,standard,1018,0.934,0.087,0,0.25,Monday,2025,0
US,USD,GBP,mobile,629.66,629.66,9.97,0.8,FALSE,standard,298,0.336,0.166,0,0,Monday,2025,0
UK,GBP,PHP,web,854.7,1068.37,13.59,73.529412,FALSE,standard,4,0.892,0.407,0,0,Monday,2025,0
US,USD,GBP,web,200.08,200.08,3.9,0.8,FALSE,standard,263,0.522,0.223,1,0,Monday,2025,0
US,USD,INR,mobile,239.55,239.55,4.15,83.333333,FALSE,enhanced,367,0.939,0.176,0,0,Monday,2025,0
UK,GBP,INR,mobile,324.84,406.04,5.89,104.166667,FALSE,standard,4,0.892,0.407,0,0,Monday,2025,0
US,USD,CAD,mobile,64.97,64.97,2.67,1.351351,FALSE,standard,147,0.551,0.391,0,0,Monday,2025,0
US,USD,USD,mobile,124.85,124.85,2.91,1,FALSE,standard,210,0.85,0.34,0,0,Tuesday,2025,0
UK,GBP,USD,mobile,247.22,309.03,4,1.25,TRUE,standard,4,0.892,0.407,0,0,Tuesday,2025,0
UK,GBP,CNY,mobile,385.57,481.96,7.17,8.928571,FALSE,standard,4,0.892,0.407,0,0,Tuesday,2025,0
CA,CAD,EUR,mobile,218.59,161.75,3.95,0.685185,FALSE,low,615,0.515,0.355,0,0,Tuesday,2025,0
US,USD,PHP,ATM,146.23,146.23,2.63,58.823529,TRUE,enhanced,257,0.894,0.257,0,0.1,Tuesday,2025,0
US,USD,USD,mobile,196.91,196.91,3.36,1,FALSE,standard,147,0.551,0.391,0,0,Tuesday,2025,0
US,USD,INR,web,98.79,98.79,2.79,83.333333,FALSE,standard,298,0.336,0.166,0,0,Tuesday,2025,0
US,USD,USD,mobile,211.63,211.63,3.22,1,FALSE,standard,1016,0.944,0.247,0,0,Tuesday,2025,0
US,USD,EUR,mobile,402.05,402.05,6.84,0.925926,TRUE,standard,263,0.522,0.223,5,0,Tuesday,2025,0
US,USD,NGN,ATM,108.21,108.21,3.16,1111.111111,FALSE,enhanced,257,0.894,0.257,0,0.25,Tuesday,2025,0
US,USD,CAD,mobile,96.21,96.21,1.67,1.351351,FALSE,standard,298,0.336,0.166,0,0,Tuesday,2025,0
US,USD,PHP,web,338.96,338.96,7.19,58.823529,FALSE,enhanced,367,0.939,0.176,0,0.1,Tuesday,2025,0
US,USD,GBP,web,272.24,272.24,5.12,0.8,TRUE,standard,263,0.522,0.223,0,0,Tuesday,2025,0
US,USD,PHP,mobile,205.07,205.07,4.35,58.823529,FALSE,enhanced,367,0.939,0.176,0,0.1,Tuesday,2025,0
US,USD,USD,web,88.84,88.84,2.28,1,FALSE,standard,1016,0.944,0.247,0,0,Tuesday,2025,0
US,USD,EUR,mobile,140.6,140.6,3.26,0.925926,FALSE,standard,263,0.522,0.223,0,0,Tuesday,2025,0
UK,GBP,GBP,mobile,161.59,201.99,3.7,1,FALSE,standard,718,0.953,0.169,0,0,Tuesday,2025,0
US,USD,INR,web,161.82,161.82,1.81,83.333333,FALSE,standard,263,0.522,0.223,0,0,Tuesday,2025,0
US,USD,INR,mobile,9998.7,9998.7,151.3,83.333333,FALSE,enhanced,367,0.939,0.176,0,0,Tuesday,2025,0
US,USD,EUR,web,26.54,26.54,0.92,0.925926,FALSE,standard,1018,0.934,0.087,0,0,Wednesday,2025,0
US,USD,GBP,mobile,67.73,67.73,1.46,0.8,FALSE,enhanced,257,0.894,0.257,0,0,Wednesday,2025,0
US,USD,GBP,mobile,211.37,211.37,4.82,0.8,TRUE,standard,298,0.336,0.166,0,0,Wednesday,2025,0
US,USD,PHP,web,425.62,425.62,7.29,58.823529,FALSE,enhanced,367,0.789,0.176,0,0.1,Wednesday,2025,0
US,USD,EUR,mobile,67.17,67.17,1.49,0.925926,FALSE,standard,263,0.522,0.223,0,0,Wednesday,2025,0
US,USD,USD,mobile,88.69,88.69,3.22,1,TRUE,low,616,0.702,0.361,0,0,Wednesday,2025,0
US,USD,GBP,mobile,9996.51,9996.51,151.27,0.8,FALSE,standard,147,0.551,0.391,1,0,Wednesday,2025,0
US,USD,USD,web,122.04,122.04,2.42,1,FALSE,standard,1018,0.934,0.087,0,0,Wednesday,2025,0
US,USD,CAD,web,86.52,86.52,3.21,1.351351,FALSE,standard,147,0.551,0.391,0,0,Thursday,2025,0
UK,GBP,USD,web,301.3,376.62,5.66,1.25,FALSE,standard,4,0.892,0.407,0,0,Thursday,2025,0
UK,GBP,CNY,mobile,298.25,372.82,5.35,8.928571,FALSE,standard,4,0.892,0.407,1,0,Thursday,2025,0
US,USD,NGN,mobile,75.62,75.62,1.99,1111.111111,FALSE,standard,263,0.522,0.223,0,0.25,Thursday,2025,0
US,USD,CAD,web,470.62,470.62,8.41,1.351351,FALSE,standard,147,0.551,0.391,0,0,Thursday,2025,0
CA,CAD,EUR,web,46.84,34.67,1.75,0.685185,TRUE,low,139,0.554,0.307,0,0,Thursday,2025,1
US,USD,PHP,web,65.89,65.89,1.82,58.823529,FALSE,standard,298,0.336,0.166,0,0.1,Thursday,2025,0
UK,GBP,NGN,mobile,69.33,86.67,1.63,1388.888889,FALSE,standard,718,0.953,0.169,0,0.22,Thursday,2025,0
US,USD,CNY,mobile,240.17,240.17,4.8,7.142857,FALSE,standard,147,0.551,0.391,0,0,Thursday,2025,0
US,USD,CNY,mobile,354.31,354.31,6.46,7.142857,FALSE,standard,298,0.336,0.166,0,0,Thursday,2025,0
US,USD,NGN,web,63.63,63.63,2.06,1111.111111,FALSE,standard,298,0.336,0.166,0,0.25,Thursday,2025,0
US,USD,MXN,mobile,78.73,410.97,110.92,17.241379,FALSE,unknown,1018,0.68,0.087,0,0.2,Thursday,2025,0
US,USD,INR,mobile,354.84,354.84,6.5,83.333333,FALSE,standard,298,0.336,0.166,0,0,Thursday,2025,0
US,USD,USD,mobile,85.21,85.21,2.32,1,FALSE,standard,34,0.427,0.068,0,0,Thursday,2025,0
US,USD,USD,mobile,1075.6,1075.6,17,1,FALSE,standard,830,0.799,0.102,0,0,Friday,2025,0
US,USD,USD,web,79.41,79.41,1.08,1,FALSE,enhanced,257,0.894,0.257,0,0,Friday,2025,0
US,USD,GBP,web,807.05,807.05,13.12,0.8,FALSE,standard,147,0.401,0.391,1,0,-1,0,0
UK,GBP,CAD,mobile,165.58,206.97,4,1.689189,FALSE,standard,4,0.892,0.407,0,0,Friday,2025,0
CA,CAD,CNY,mobile,85.18,63.03,2.85,5.285714,FALSE,low,214,0.596,0.233,0,0,Friday,2025,0
US,USD,INR,web,30.43,30.43,1.83,83.333333,TRUE,low,616,0.702,0.361,0,0,Friday,2025,0
US,USD,CNY,web,639.53,639.53,11.02,7.142857,FALSE,standard,888,0.904,0.469,1,0,Friday,2025,0
CA,CAD,CAD,ATM,59.83,44.28,2.12,1,FALSE,standard,947,0.625,0.268,0,0,Friday,2025,0
US,USD,EUR,ATM,119.87,119.87,2.62,0.925926,FALSE,standard,1016,0.944,0.247,0,0,Friday,2025,0
US,USD,GBP,ATM,85.44,85.44,1.4,0.8,FALSE,standard,1016,0.944,0.247,0,0,Friday,2025,0
UK,GBP,CAD,mobile,128.69,160.86,2.57,1.689189,FALSE,standard,4,0.892,0.407,0,0,Friday,2025,0
US,USD,EUR,mobile,398.98,398.98,6.78,0.925926,FALSE,enhanced,257,0.894,0.257,0,0,Friday,2025,0
UK,GBP,CAD,mobile,192.79,240.98,4.64,1.689189,FALSE,standard,4,0.892,0.407,0,0,Friday,2025,0
US,USD,EUR,mobile,108.13,108.13,3.26,0.925926,FALSE,standard,830,0.799,0.102,0,0,Saturday,2025,0
US,USD,PHP,mobile,89.13,89.13,2.17,58.823529,FALSE,enhanced,257,0.894,0.257,6,0.1,Saturday,2025,0
US,USD,NGN,web,117.2,117.2,3.22,1111.111111,TRUE,enhanced,257,0.894,0.257,0,0.25,Saturday,2025,1
US,USD,GBP,mobile,202.29,202.29,4.63,0.8,TRUE,standard,298,0.336,0.166,0,0,Saturday,2025,0
US,USD,USD,ATM,237.74,237.74,4.98,1,FALSE,standard,298,0.336,0.166,0,0,Saturday,2025,0
CA,CAD,CAD,mobile,53.81,39.82,1.04,1,FALSE,low,824,0.607,0.282,0,0,Saturday,2025,0
UK,GBP,NGN,ATM,1198.94,410.97,110.92,1388.888889,TRUE,unknown,4,0.68,0.407,0,0.22,Saturday,2025,0
US,USD,CAD,mobile,184.62,184.62,3.58,1.351351,FALSE,standard,298,0.336,0.166,0,0,Saturday,2025,0
US,USD,NGN,mobile,201.32,201.32,3.29,1111.111111,TRUE,standard,1018,0.934,0.087,1,0.25,Saturday,2025,0
US,USD,CNY,mobile,152.2,152.2,3.85,7.142857,FALSE,standard,263,0.522,0.223,1,0,Sunday,2025,0
US,USD,CAD,web,156.13,156.13,3.89,1.351351,FALSE,standard,147,0.551,0.391,1,0,Sunday,2025,0
UK,GBP,GBP,mobile,-60.45,75.56,9999.99,1,FALSE,standard,718,-0.1,0.169,0,0,Sunday,2025,0
US,USD,CNY,ATM,146.06,146.06,3.55,7.142857,FALSE,standard,298,0.336,0.166,1,0,Sunday,2025,0
US,USD,CNY,mobile,184.55,184.55,3.51,7.142857,FALSE,standard,34,0.427,0.068,0,0,Sunday,2025,0
US,USD,PHP,web,710.3,710.3,11.15,58.823529,FALSE,standard,263,0.522,0.223,0,0.1,Sunday,2025,0
US,USD,NGN,mobile,455.72,455.72,8.24,1111.111111,FALSE,standard,1018,0.934,0.087,0,0.25,Sunday,2025,0
US,USD,USD,mobile,50.05,50.05,2.53,1,FALSE,standard,830,0.799,0.102,0,0,Sunday,2025,0
US,USD,PHP,web,97.36,97.36,2.83,58.823529,FALSE,standard,263,0.522,0.223,0,0.1,Monday,2025,0
US,USD,USD,mobile,235.71,235.71,4.73,1,FALSE,standard,1018,0.934,0.087,0,0,Monday,2025,0
US,USD,MXN,mobile,20.99,20.99,1.41,17.241379,FALSE,enhanced,367,0.939,0.176,0,0.2,Monday,2025,0
US,USD,NGN,mobile,197.53,197.53,3.65,1111.111111,FALSE,enhanced,367,0.939,0.176,0,0.25,Monday,2025,0
US,USD,EUR,mobile,57.86,57.86,1.67,0.925926,FALSE,enhanced,257,0.894,0.257,0,0,Monday,2025,0
US,USD,GBP,mobile,292.38,292.38,5.89,0.8,FALSE,enhanced,257,0.894,0.257,0,0,Monday,2025,0
US,USD,MXN,ATM,72.3,72.3,2.16,17.241379,FALSE,standard,298,0.336,0.166,0,0.2,Monday,2025,1
US,USD,CAD,mobile,96.11,96.11,2.59,1.351351,FALSE,standard,1018,0.934,0.087,0,0,Monday,2025,0
US,USD,EUR,mobile,188.26,188.26,3.31,0.925926,FALSE,standard,1018,0.934,0.087,0,0,Monday,2025,0
CA,CAD,MXN,web,243.79,410.97,110.92,12.758621,FALSE,unknown,947,0.68,0.268,0,0,Tuesday,2025,0
US,USD,EUR,mobile,428.55,428.55,6.91,0.925926,FALSE,standard,263,0.522,0.223,0,0,Tuesday,2025,0
US,USD,CAD,mobile,-558.27,558.27,9999.99,1.351351,FALSE,standard,263,-0.1,0.223,0,0,Tuesday,2025,0
US,USD,MXN,ATM,246.26,246.26,3.92,17.241379,FALSE,standard,298,0.336,0.166,0,0.2,Tuesday,2025,0
US,USD,CNY,mobile,838.78,838.78,13.59,7.142857,FALSE,standard,147,0.551,0.391,0,0,Tuesday,2025,0
US,USD,CNY,mobile,222.06,222.06,3.65,7.142857,FALSE,standard,147,0.551,0.391,0,0,Tuesday,2025,0
UK,GBP,CNY,mobille,374.81,468.52,6.58,8.928571,FALSE,standard,718,0.953,0.169,0,0,Tuesday,2025,0
US,USD,USD,ATM,92.3,92.3,1.9,1,FALSE,standard,34,0.427,0.068,1,0,Tuesday,2025,0
US,USD,PHP,web,82.34,82.34,2.55,58.823529,FALSE,standard,298,0.336,0.166,0,0.1,Wednesday,2025,0
CA,CAD,CNY,mobile,121.53,89.93,1.93,5.285714,FALSE,low,615,0.515,0.355,0,0,Wednesday,2025,0
US,USD,USD,mobile,40.76,40.76,1.23,1,FALSE,low,616,0.702,0.361,0,0,Wednesday,2025,0
CA,CAD,NGN,mobile,113.26,83.81,2.93,822.222222,FALSE,low,615,0.515,0.355,0,0,Wednesday,2025,0
US,USD,EUR,mobile,252.79,252.79,4.23,0.925926,FALSE,enhanced,367,0.939,0.176,0,0,Wednesday,2025,0
US,USD,GBP,mobile,26.35,26.35,2.34,0.8,FALSE,standard,147,0.551,0.391,0,0,Wednesday,2025,0
US,USD,CNY,mobile,136.47,136.47,2.37,7.142857,FALSE,standard,830,0.799,0.102,0,0,Wednesday,2025,0
UK,GBP,USD,ATM,105.41,131.76,3.35,1.25,FALSE,standard,4,0.892,0.407,0,0,Wednesday,2025,0
US,USD,EUR,mobile,430.08,430.08,6.86,0.925926,FALSE,standard,263,0.522,0.223,0,0,Wednesday,2025,0
US,USD,CAD,mobile,362.26,362.26,5.52,1.351351,FALSE,enhanced,367,0.939,0.176,0,0,Wednesday,2025,0
US,USD,NGN,mobile,304.04,304.04,4.68,1111.111111,FALSE,enhanced,367,0.939,0.176,0,0.25,Wednesday,2025,0
UK,GBP,NGN,ATM,51.25,64.07,2.14,1388.888889,FALSE,standard,4,0.892,0.407,0,0.22,Thursday,2025,0
US,USD,USD,mobile,173.35,173.35,3.24,1,FALSE,standard,263,0.522,0.223,0,0,Thursday,2025,0
US,USD,CNY,web,176.58,176.58,3.48,7.142857,FALSE,standard,263,0.522,0.223,1,0,Thursday,2025,0
US,USD,INR,mobile,189.29,189.29,3.34,83.333333,FALSE,standard,298,0.186,0.166,0,0,Thursday,2025,0
US,USD,INR,mobile,396,396,7.75,83.333333,FALSE,enhanced,367,0.939,0.176,0,0,Thursday,2025,0
CA,CAD,PHP,mobile,126.19,93.38,1.58,43.529412,FALSE,standard,947,0.625,0.268,0,0,Thursday,2025,0
US,USD,NGN,mobile,9994.36,9994.36,150.75,1111.111111,FALSE,standard,298,0.336,0.166,0,0.25,Thursday,2025,0
US,USD,CAD,web,293.98,293.98,5.39,1.351351,FALSE,standard,263,0.522,0.223,5,0,Thursday,2025,1
US,USD,CAD,web,9998.91,9998.91,151.19,1.351351,FALSE,standard,298,0.336,0.166,0,0,Thursday,2025,0
US,USD,EUR,mobile,122.7,122.7,2.4,0.925926,FALSE,enhanced,257,0.894,0.257,0,0,Thursday,2025,0
CA,CAD,MXN,mobile,151.18,111.87,2.93,12.758621,TRUE,low,615,0.515,0.355,0,0,Thursday,2025,0
US,USD,CNY, web  ,51.61,51.61,2.15,7.142857,FALSE,standard,298,0.336,0.166,0,0,Wednesday,2025,0
US,USD,INR,web,432.97,432.97,7.39,83.333333,FALSE,standard,147,0.551,0.391,0,0,Thursday,2025,0
CA,CAD,GBP,mobile,104.51,77.34,2.21,0.592,FALSE,low,824,0.607,0.282,0,0,Thursday,2025,0
US,USD,PHP,mobile,247.23,247.23,4.94,58.823529,FALSE,standard,1018,0.934,0.087,0,0.1,Thursday,2025,0
US,USD,USD,mobile,148.08,148.08,3.93,1,TRUE,standard,263,0.522,0.223,3,0,Thursday,2025,0
US,USD,GBP,mobile,384.71,384.71,6.74,0.8,FALSE,enhanced,367,0.789,0.176,1,0,Friday,2025,0
US,USD,CAD,web,413.43,413.43,6.58,1.351351,FALSE,standard,263,0.522,0.223,0,0,Friday,2025,0
US,USD,CNY,mobile,268.88,410.97,110.92,7.142857,FALSE,unknown,34,0.68,0.068,0,0,Friday,2025,0
US,USD,USD,mobile,84.69,84.69,3.16,1,FALSE,standard,263,0.522,0.223,0,0,Friday,2025,0
UK,GBP,MXN,web,116.34,145.43,3.32,21.551724,FALSE,standard,4,0.892,0.407,0,0,Friday,2025,0
US,USD,MXN,mobile,187.65,187.65,3.46,17.241379,FALSE,enhanced,367,0.939,0.176,0,0.2,Friday,2025,0
US,USD,CNY,ATM,171.56,171.56,3.42,7.142857,FALSE,standard,1018,0.934,0.087,0,0,Friday,2025,0
US,USD,EUR,mobile,123.09,123.09,2.8,0.925926,FALSE,standard,147,0.551,0.391,0,0,Wednesday,2025,0
US,USD,PHP,web,189.18,189.18,3.87,58.823529,FALSE,standard,1018,0.934,0.087,0,0.1,Saturday,2025,0
UK,GBP,PHP,mobile,40.91,51.13,1.5,73.529412,FALSE,standard,4,0.892,0.407,0,0,Saturday,2025,0
US,USD,EUR,web,223.62,223.62,4.05,0.925926,FALSE,standard,1018,0.934,0.087,0,0,Saturday,2025,0
CA,CAD,GBP,ATM,78.87,58.37,1.83,0.592,FALSE,standard,903,0.774,0.18,0,0,Saturday,2025,0
UK,GBP,PHP,mobile,468.85,586.06,8.12,73.529412,FALSE,standard,4,0.892,0.407,0,0,Saturday,2025,0
US,USD,NGN,ATM,895.92,895.92,14.69,1111.111111,FALSE,enhanced,367,0.939,0.176,0,0.25,Saturday,2025,0
US,USD,MXN,web,74.53,74.53,2.78,17.241379,FALSE,standard,298,0.336,0.166,0,0.2,Saturday,2025,0
US,USD,CNY,mobile,234.73,234.73,5.01,7.142857,TRUE,standard,1018,0.934,0.087,1,0,Sunday,2025,0
US,USD,PHP,mobile,257.56,257.56,4.65,58.823529,FALSE,standard,147,0.551,0.391,1,0.1,Sunday,2025,0
US,USD,CAD,mobile,615.63,615.63,9.41,1.351351,FALSE,enhanced,367,0.939,0.176,0,0,Sunday,2025,0
CA,CAD,PHP,mobile,531.2,393.09,9.94,43.529412,FALSE,low,1066,0.522,0,0,0,Sunday,2025,0
US,USD,CAD,web,-542.88,542.88,9999.99,1.351351,FALSE,standard,446,-0.1,0.199,0,0,Sunday,2025,0
US,USD,MXN,web,131.15,131.15,2.32,17.241379,FALSE,enhanced,661,0.92,0.259,0,0.2,Sunday,2025,0
US,USD,INR,web,58.56,58.56,2.01,83.333333,FALSE,standard,298,0.336,0.166,0,0,Sunday,2025,0
US,USD,CAD,web,220.76,220.76,4,1.351351,FALSE,standard,1018,0.934,0.087,0,0,Sunday,2025,0
US,USD,PHP,mobile,55.78,55.78,2.46,58.823529,FALSE,standard,147,0.551,0.391,0,0.1,Monday,2025,0
US,USD,GBP,mobile,87.66,87.66,2.04,0.8,FALSE,standard,298,0.336,0.166,0,0,Monday,2025,0
US,USD,INR,mobile,279.18,279.18,5.24,83.333333,FALSE,standard,147,0.551,0.391,0,0,Monday,2025,0
US,USD,CNY,web,118.08,118.08,2.7,7.142857,FALSE,standard,34,0.427,0.068,0,0,Monday,2025,0
US,USD,CNY,web,9993.11,9993.11,150.98,7.142857,FALSE,standard,298,0.336,0.166,0,0,Monday,2025,0
UK,GBP,NGN,web,-47.22,59.03,9999.99,1388.888889,FALSE,standard,4,-0.1,0.407,0,0.22,Monday,2025,0
US,USD,GBP,weeb,196.42,196.42,-1,0.8,FALSE,standard,298,-0.1,0.166,0,0,Monday,2025,0
US,USD,NGN,mobile,69.94,69.94,1.45,1111.111111,FALSE,standard,1016,0.944,0.247,0,0.25,Monday,2025,0
US,USD,NGN,mobile,135.87,135.87,3.19,1111.111111,FALSE,low,954,0.576,0.332,0,0.25,Sunday,2025,0
US,USD,NGN,mobile,46.51,46.51,1.8,1111.111111,FALSE,standard,263,0.522,0.223,0,0.25,Monday,2025,0
UK,GBP,INR,ATM,402.21,410.97,110.92,104.166667,FALSE,unknown,4,0.68,0.407,0,0,Monday,2025,0
US,USD,CNY,mobile,9998.65,9998.65,151.24,7.142857,TRUE,standard,298,0.336,0.166,0,0,Monday,2025,0
US,USD,USD,mobile,68.91,68.91,2.69,1,FALSE,standard,1058,0.773,0.139,0,0,Monday,2025,0
US,USD,GBP,mobile,270.88,270.88,5.91,0.8,FALSE,standard,298,0.336,0.166,0,0,Monday,2025,0
US,USD,CAD,mobile,158.9,158.9,2.43,1.351351,FALSE,standard,298,0.336,0.166,0,0,Tuesday,2025,0
US,USD,USD,mobile,104.23,104.23,2.77,1,FALSE,standard,1018,0.934,0.087,0,0,Tuesday,2025,0
UK,GBP,USD,mobile,27.2,34,0.62,1.25,FALSE,standard,718,0.953,0.169,0,0,Tuesday,2025,0
CA,CAD,PHP,web,161.03,410.97,110.92,43.529412,FALSE,unknown,1041,0.68,0.245,1,0,Tuesday,2025,0
CA,CAD,CNY,ATM,125.96,93.21,3.01,5.285714,FALSE,standard,947,0.625,0.268,0,0,Tuesday,2025,0
UK,GBP,CAD,mobile,86.58,108.23,2.19,1.689189,TRUE,standard,4,0.892,0.407,0,0,Tuesday,2025,0
US,USD,CAD,web,132.95,132.95,3.27,1.351351,FALSE,standard,1018,0.934,0.087,0,0,Wednesday,2025,0
UK,GBP,INR,web,189.36,236.7,3.7,104.166667,FALSE,standard,718,0.953,0.169,1,0,Wednesday,2025,0
US,USD,EUR,mobile,442.92,442.92,7.27,0.925926,FALSE,enhanced,257,0.894,0.257,0,0,Wednesday,2025,0
US,USD,NGN,mobile,80.14,410.97,110.92,1111.111111,FALSE,unknown,1018,0.68,0.087,0,0.25,Wednesday,2025,0
US,USD,GBP,web,57.66,57.66,1.99,0.8,FALSE,standard,298,0.336,0.166,0,0,Wednesday,2025,0
US,USD,EUR,mobile,374.39,374.39,7.49,0.925926,FALSE,standard,1016,0.944,0.247,0,0,Wednesday,2025,0
UK,GBP,MXN,web,247,308.75,3.83,21.551724,FALSE,standard,718,0.953,0.169,0,0,Wednesday,2025,0
US,USD,GBP,web,241.43,241.43,4.58,0.8,FALSE,standard,1018,0.934,0.087,0,0,Wednesday,2025,0
US,USD,MXN,web,62.12,62.12,1.65,17.241379,FALSE,standard,830,0.799,0.102,0,0.2,Wednesday,2025,0
US,USD,CAD,mobile,254.98,254.98,4.94,1.351351,FALSE,standard,263,0.522,0.223,0,0,Wednesday,2025,0
US,USD,GBP,mobile,266.3,266.3,5.41,0.8,FALSE,standard,263,0.522,0.223,1,0,Thursday,2025,0
CA,CAD,USD,mobile,270.55,200.21,5.12,0.74,FALSE,low,824,0.457,0.282,0,0,Thursday,2025,0
US,USD,CAD,web,92.86,92.86,2.61,1.351351,FALSE,enhanced,367,0.939,0.176,0,0,Thursday,2025,0
US,USD,NGN,mobile,176.56,176.56,3.83,1111.111111,FALSE,standard,1018,0.934,0.087,0,0.25,Thursday,2025,0
US,USD,USD,mobile,473.22,473.22,8.77,1,TRUE,standard,1018,0.934,0.087,0,0,Thursday,2025,0
US,USD,USD,mobile,385.06,385.06,5.68,1,TRUE,standard,147,0.551,0.391,0,0,Thursday,2025,0
US,USD,EUR,mobile,151.66,151.66,2.52,0.925926,FALSE,standard,147,0.551,0.391,0,0,Thursday,2025,0
UK,GBP,MXN,mobile,220.13,275.16,4.36,21.551724,FALSE,standard,718,0.953,0.169,0,0,Friday,2025,0
US,USD,USD,mobile,47.49,47.49,1.76,1,FALSE,standard,263,0.372,0.223,0,0,Friday,2025,0
US,USD,EUR,mobile,231.31,231.31,4.26,0.925926,FALSE,standard,1018,0.934,0.087,0,0,Friday,2025,0
US,USD,INR,mobile,359.56,359.56,6.51,83.333333,FALSE,standard,1018,0.934,0.087,0,0,Friday,2025,0
UK,GBP,INR,mobile,423.7,529.62,7.11,104.166667,TRUE,standard,4,0.892,0.407,0,0,Friday,2025,0
UK,GBP,USD,mobile,85.4,106.75,2.79,1.25,FALSE,standard,4,0.892,0.407,0,0,Friday,2025,0
US,USD,USD,web,79.68,79.68,2.08,1,FALSE,standard,859,0.81,0.363,0,0,Tuesday,2025,0
UK,GBP,PHP,mobile,40.41,50.52,1.7,73.529412,FALSE,standard,4,0.892,0.407,1,0,Friday,2025,0
US,USD,CNY,mobile,90.86,90.86,3.58,7.142857,TRUE,standard,263,0.522,0.223,0,0,Friday,2025,0
CA,CAD,INR,mobile,22.07,16.33,1.46,61.666667,TRUE,low,615,0.515,0.355,0,0.12,Saturday,2025,0
UK,GBP,GBP,mobile,95.91,119.89,2.69,1,FALSE,standard,4,0.892,0.407,0,0,Saturday,2025,0
US,USD,USD,mobile,342.11,342.11,5.76,1,FALSE,standard,263,0.522,0.223,0,0,Saturday,2025,0
UK,GBP,NGN,mobile,9992.95,12491.18,150.67,1388.888889,FALSE,standard,4,0.892,0.407,0,0.22,Saturday,2025,0
UK,GBP,MXN,ATM,603.79,410.97,110.92,21.551724,TRUE,unknown,684,0.68,0.241,0,0,Saturday,2025,0
US,USD,GBP,mobile,129.05,129.05,2.68,0.8,TRUE,standard,298,0.336,0.166,0,0,Saturday,2025,0
UK,GBP,GBP,mobile,84.03,105.04,1.45,1,FALSE,standard,4,0.892,0.407,0,0,Saturday,2025,0
US,USD,PHP,web,137.09,137.09,2.75,58.823529,FALSE,standard,263,0.522,0.223,0,0.1,Sunday,2025,0
US,USD,USD,mobile,90.52,90.52,1.98,1,FALSE,standard,263,0.522,0.223,0,0,Sunday,2025,0
US,USD,USD,mobile,89.57,89.57,2.57,1,FALSE,enhanced,257,0.894,0.257,0,0,Sunday,2025,0
US,USD,PHP,web,9990.37,9990.37,150.57,58.823529,FALSE,standard,147,0.551,0.391,0,0.1,Sunday,2025,0
US,USD,CNY,mobile,32.62,32.62,1.18,7.142857,FALSE,enhanced,367,0.939,0.176,0,0,Sunday,2025,0
UK,GBP,INR,ATM,451.86,564.83,7.63,104.166667,FALSE,standard,4,0.892,0.407,0,0,Sunday,2025,0
US,USD,PHP,mobile,34.5,34.5,1.67,58.823529,FALSE,standard,1018,0.934,0.087,1,0.1,Sunday,2025,0
US,USD,GBP,mobile,43.69,43.69,1.68,0.8,FALSE,enhanced,367,0.939,0.176,0,0,Sunday,2025,0
US,USD,PHP,WEB,117.48,117.48,2.66,58.823529,FALSE,unknown,367,0.939,0.176,0,0.1,Monday,2025,0
US,USD,CAD,mobile,82.74,82.74,2.45,1.351351,FALSE,standard,298,0.336,0.166,0,0,Monday,2025,0
UK,GBP,USD,web,85.97,107.46,3,1.25,TRUE,standard,718,0.953,0.169,1,0,Monday,2025,0
US,USD,CAD,web,57.17,410.97,110.92,1.351351,FALSE,unknown,830,0.68,0.102,0,0,Monday,2025,0
CA,CAD,CNY,web,246.94,182.73,4.31,5.285714,FALSE,standard,172,0.881,0.199,0,0,Monday,2025,0
US,USD,CAD,web,183.35,183.35,3.48,1.351351,TRUE,enhanced,367,0.939,0.176,1,0,Thursday,2025,0
US,USD,GBP,mobile,195.38,195.38,4.61,0.8,FALSE,standard,859,0.96,0.363,0,0,Monday,2025,0
CA,CAD,USD,web,88.21,65.27,1.63,0.74,FALSE,low,824,0.607,0.282,0,0,Tuesday,2025,0
CA,CAD,PHP,mobile,9998.48,7398.88,150.66,43.529412,FALSE,standard,947,0.625,0.268,0,0,Tuesday,2025,0
US,USD,INR,mobile,164.08,164.08,3.16,83.333333,FALSE,standard,263,0.522,0.223,0,0,Tuesday,2025,0
US,USD,GBP,mobile,107.04,107.04,3.46,0.8,FALSE,enhanced,367,0.939,0.176,0,0,Tuesday,2025,0
 US  ,USD,CAD,mobille,31.67,31.67,2.25,1.351351,FALSE,standard,263,0.522,0.223,0,0,Tuesday,2025,0
US,USD,CNY,web,47.33,47.33,1.64,7.142857,FALSE,enhanced,257,0.894,0.257,0,0,Tuesday,2025,0
UK,GBP,PHP,web,246.06,307.58,5.42,73.529412,FALSE,standard,718,0.953,0.169,0,0,Tuesday,2025,0
UK,GBP,EUR,mobile,81.89,102.36,2.18,1.157407,FALSE,standard,4,0.892,0.407,0,0.05,Tuesday,2025,0
US,USD,EUR,web,113.68,113.68,2.46,0.925926,FALSE,standard,263,0.372,0.223,0,0,Tuesday,2025,0
UK,GBP,USD,web,45.38,56.73,1.87,1.25,FALSE,standard,4,0.892,0.407,0,0,Wednesday,2025,0
US,USD,GBP,mobile,38.62,38.62,1,0.8,FALSE,enhanced,367,0.939,0.176,0,0,Wednesday,2025,0
US,USD,CAD,mobile,567.89,567.89,9.66,1.351351,FALSE,enhanced,257,0.894,0.257,0,0,Wednesday,2025,0
UK,GBP,PHP,mobile,51.57,64.46,1.45,73.529412,FALSE,standard,4,0.892,0.407,4,0,Wednesday,2025,0
US,USD,PHP,ATM,168.49,168.49,3.3,58.823529,FALSE,enhanced,257,0.894,0.257,0,0.1,Wednesday,2025,0
US,USD,CNY,mobile,331.44,331.44,6.1,7.142857,FALSE,standard,263,0.522,0.223,0,0,Wednesday,2025,0
US,USD,PHP,mobile,150.44,150.44,2.54,58.823529,FALSE,standard,147,0.551,0.391,0,0.1,Wednesday,2025,0
US,USD,INR,MOBILE,317.97,317.97,5.02,83.333333,FALSE,standard,1018,0.934,0.087,0,0,Wednesday,2025,0
US,USD,EUR,ATM,133.67,133.67,3.01,0.925926,TRUE,enhanced,257,0.894,0.257,0,0,Wednesday,2025,0
US,USD,GBP,mobile,441.34,441.34,7.08,0.8,FALSE,enhanced,257,0.894,0.257,1,0,Wednesday,2025,0
US,USD,EUR,mobile,198.24,198.24,4.07,0.925926,FALSE,standard,1018,0.934,0.087,0,0,Thursday,2025,0
US,USD,EUR,web,136.25,410.97,110.92,0.925926,FALSE,unknown,1018,0.68,0.087,0,0,Thursday,2025,0
US,USD,PHP,ATM,167.83,167.83,3.02,58.823529,FALSE,standard,1018,0.934,0.087,0,0.1,Thursday,2025,0
CA,CAD,CAD,mobile,76.62,56.7,1.86,1,TRUE,standard,947,0.625,0.268,0,0,Thursday,2025,0
US,USD,PHP,mobile,359.16,359.16,6.54,58.823529,FALSE,standard,147,0.551,0.391,1,0.1,Thursday,2025,0
US,USD,NGN,ATM,55.4,55.4,1.2,1111.111111,FALSE,standard,147,0.551,0.391,0,0.25,Thursday,2025,0
US,USD,EUR,mobile,97.04,97.04,3.45,0.925926,TRUE,standard,298,0.336,0.166,0,0,Thursday,2025,0
US,USD,USD,mobile,112.07,112.07,2.81,1,FALSE,standard,1016,0.944,0.247,0,0,Thursday,2025,0
 US  ,USD,CAD,MOBILE,133.57,133.57,3.28,1.351351,FALSE,standard,298,0.336,0.166,0,0,Thursday,2025,0
US,USD,CNY,mobile,89.53,89.53,1.86,7.142857,FALSE,standard,1018,0.934,0.087,1,0,Friday,2025,0
US,USD,CAD,ATM,9993.83,9993.83,152.09,1.351351,FALSE,standard,298,0.336,0.166,0,0,Friday,2025,0
US,USD,CNY,mobile,66.82,66.82,2.17,7.142857,FALSE,enhanced,367,0.939,0.176,1,0,Friday,2025,0
US,USD,INR,web,291.61,291.61,5.42,83.333333,FALSE,enhanced,367,0.939,0.176,0,0,Friday,2025,0
US,USD,CNY,mobile,326.24,326.24,5.92,7.142857,FALSE,standard,147,0.551,0.391,0,0,Friday,2025,0
UK,GBP,GBP,ATM,113.58,141.98,3.33,1,FALSE,standard,4,0.892,0.407,0,0,Friday,2025,0
US,USD,GBP,ATM,169.77,169.77,2.56,0.8,FALSE,standard,298,0.336,0.166,0,0,Friday,2025,0
UK,GBP,NGN,mobile,13.56,16.95,1.66,1388.888889,FALSE,standard,4,0.892,0.407,0,0.22,Friday,2025,0
CA,CAD,GBP,mobile,280.72,207.74,4.3,0.592,TRUE,standard,947,0.625,0.268,0,0,Friday,2025,0
CA,CAD,CAD,mobile,155.33,114.95,2.6,1,FALSE,standard,947,0.625,0.268,0,0,Saturday,2025,0
US,USD,NGN,ATM,291.39,291.39,6.34,1111.111111,FALSE,enhanced,367,0.939,0.176,0,0.25,Saturday,2025,0
UK,GBP,USD,mobile,9990.92,12488.65,150.86,1.25,FALSE,standard,4,0.892,0.407,0,0,Saturday,2025,0
US,USD,CNY,mobile,138.77,138.77,3.02,7.142857,FALSE,enhanced,367,0.939,0.176,0,0,Saturday,2025,0
UK,GBP,MXN,mobile,574.78,718.48,9.15,21.551724,FALSE,standard,4,0.892,0.407,0,0,Saturday,2025,0
US,USD,EUR,mobile,333.01,333.01,6.15,0.925926,FALSE,standard,263,0.522,0.223,0,0,Saturday,2025,0
US,USD,GBP,mobile,47.03,47.03,1.21,0.8,FALSE,standard,638,0.839,0.244,0,0,Saturday,2025,0
US,USD,MXN,mobile,61.43,61.43,2.68,17.241379,FALSE,standard,298,0.336,0.166,0,0.2,Saturday,2025,0
UK,GBP,EUR,web,613.25,766.57,10.3,1.157407,FALSE,standard,4,0.892,0.407,0,0.05,Saturday,2025,0
UK,GBP,PHP,ATM,24.72,30.91,1.12,73.529412,FALSE,standard,4,0.892,0.407,0,0,Saturday,2025,0
UK,GBP,PHP,ATM,40.77,50.96,0.5,73.529412,FALSE,standard,718,0.953,0.169,0,0,Saturday,2025,0
US,USD,CNY,web,506.97,506.97,7.98,7.142857,FALSE,standard,147,0.401,0.391,0,0,Saturday,2025,0
US,USD,INR,mobile,163.1,163.1,4.02,83.333333,TRUE,standard,1018,0.934,0.087,0,0,Saturday,2025,0
US,USD,PHP,mobile,63.24,63.24,3.25,58.823529,FALSE,standard,263,0.522,0.223,0,0.1,Saturday,2025,0
CA,CAD,MXN,mobile,267.15,197.69,4.04,12.758621,FALSE,standard,172,0.881,0.199,0,0,Saturday,2025,0
US,USD,GBP,web,301.63,301.63,5.72,0.8,TRUE,standard,263,0.522,0.223,0,0,Saturday,2025,0
US,USD,USD,mobile,447.12,447.12,8.1,1,FALSE,enhanced,367,0.939,0.176,0,0,Saturday,2025,0
UK,GBP,CNY,mobile,90.89,113.62,2.12,8.928571,TRUE,standard,4,0.892,0.407,0,0,Saturday,2025,0
US,USD,GBP,mobile,206.66,206.66,3.56,0.8,FALSE,standard,1016,0.944,0.247,0,0,Sunday,2025,0
US,USD,USD,web,130.5,130.5,2.95,1,FALSE,standard,298,0.336,0.166,0,0,Sunday,2025,0
US,USD,CAD,mobile,75.38,75.38,1.79,1.351351,FALSE,standard,1018,0.934,0.087,0,0,Sunday,2025,0
US,USD,CNY,mobile,123.2,123.2,2.12,7.142857,FALSE,standard,263,0.522,0.223,0,0,Sunday,2025,0
US,USD,EUR,mobile,348.54,348.54,4.87,0.925926,FALSE,enhanced,257,0.894,0.257,0,0,Sunday,2025,0
US,USD,MXN,web,169.71,169.71,3.45,17.241379,FALSE,standard,1018,0.934,0.087,0,0.2,Sunday,2025,0
UK,GBP,INR,mobile,66.62,410.97,110.92,104.166667,FALSE,unknown,4,0.68,0.407,0,0,Sunday,2025,0
UK,GBP,NGN,mobile,151.29,189.11,3.29,1388.888889,FALSE,standard,35,0.496,0.129,0,0.22,Sunday,2025,0
US,USD,INR,mobile,39.07,39.07,2.22,83.333333,FALSE,standard,147,0.551,0.391,0,0,Sunday,2025,0
US,USD,EUR,mobile,118.3,118.3,1.5,0.925926,FALSE,standard,298,0.336,0.166,0,0,Monday,2025,0
UK,GBP,PHP,web,338.96,423.7,6.74,73.529412,FALSE,standard,4,0.892,0.407,0,0,Monday,2025,0
CA,CAD,GBP,mobile,42.67,410.97,110.92,0.592,FALSE,unknown,214,0.68,0.233,1,0,Monday,2025,0
CA,CAD,INR,mobile,45.07,33.35,2.42,61.666667,FALSE,standard,947,0.625,0.268,1,0.12,Monday,2025,0
US,USD,EUR,mobile,75.91,75.91,2.73,0.925926,FALSE,standard,263,0.522,0.223,0,0,Monday,2025,0
US,USD,EUR,mobile,351.04,351.04,6.35,0.925926,FALSE,enhanced,367,0.939,0.176,0,0,Monday,2025,0
US,USD,NGN,web,155.84,155.84,3.68,1111.111111,FALSE,standard,263,0.522,0.223,0,0.25,Monday,2025,0
US,USD,NGN,mobile,238.14,238.14,3.8,1111.111111,FALSE,standard,263,0.522,0.223,0,0.25,Monday,2025,0
UK,GBP,PHP,web,405.25,506.56,6.59,73.529412,FALSE,standard,4,0.892,0.407,0,0,Monday,2025,0
US,USD,MXN,mobile,843.31,843.31,13.29,17.241379,FALSE,standard,298,0.336,0.166,0,0.2,Monday,2025,0
US,USD,INR,mobile,222.92,222.92,4.11,83.333333,FALSE,standard,147,0.551,0.391,1,0,Monday,2025,0
US,USD,USD,web,202.69,202.69,5.12,1,FALSE,enhanced,367,0.939,0.176,0,0,Monday,2025,0
US,USD,CAD,mobile,9992.61,9992.61,151.39,1.351351,TRUE,standard,147,0.551,0.391,0,0,Monday,2025,0
US,USD,GBP,mobile,214.45,214.45,3.51,0.8,FALSE,standard,263,0.522,0.223,0,0,Monday,2025,0
US,USD,PHP,mobile,246.57,246.57,4.73,58.823529,FALSE,enhanced,367,0.939,0.176,0,0.1,Monday,2025,0
US,USD,USD,mobile,47.73,47.73,1.31,1,FALSE,standard,1018,0.934,0.087,0,0,Tuesday,2025,0
US,USD,CNY,mobile,312.94,312.94,4.63,7.142857,FALSE,enhanced,367,0.789,0.176,0,0,Tuesday,2025,0
US,USD,EUR, mobile  ,666.97,666.97,10.89,0.925926,FALSE,unknown,298,0.336,0.166,0,0,-1,0,0
US,USD,CNY,mobile,136.11,136.11,3.9,7.142857,FALSE,standard,263,0.522,0.223,0,0,Tuesday,2025,0
US,USD,NGN,web,49.46,49.46,0.5,1111.111111,FALSE,standard,263,0.522,0.223,0,0.25,Tuesday,2025,0
US,USD,PHP,mobile,85.72,85.72,2.54,58.823529,FALSE,standard,1018,0.934,0.087,0,0.1,Tuesday,2025,0
US,USD,EUR,mobile,114.04,114.04,3.1,0.925926,FALSE,enhanced,257,0.894,0.257,0,0,Tuesday,2025,0
US,USD,PHP,mobile,52.93,52.93,1.78,58.823529,FALSE,standard,263,0.522,0.223,0,0.1,Tuesday,2025,0
UK,GBP,INR,mobile,98.73,123.41,1.96,104.166667,FALSE,standard,4,0.892,0.407,0,0,Wednesday,2025,1
US,USD,INR,mobile,29.37,29.37,1.77,83.333333,FALSE,standard,263,0.522,0.223,0,0,Wednesday,2025,0
US,USD,CAD,web,25.31,25.31,1.07,1.351351,FALSE,enhanced,367,0.939,0.176,0,0,Wednesday,2025,0
US,USD,INR,web,286.68,286.68,5.16,83.333333,FALSE,enhanced,367,0.939,0.176,0,0,Wednesday,2025,0
US,USD,GBP,mobile,352.99,352.99,5.34,0.8,FALSE,standard,1016,0.944,0.247,0,0,Wednesday,2025,0
US,USD,GBP,mobile,167.8,167.8,3.69,0.8,FALSE,enhanced,367,0.939,0.176,0,0,Wednesday,2025,0
US,USD,PHP,mobile,214.6,214.6,4.07,58.823529,FALSE,standard,147,0.401,0.391,0,0.1,Wednesday,2025,0
US,USD,CNY,mobile,183.29,183.29,2.85,7.142857,FALSE,standard,1018,0.934,0.087,0,0,Wednesday,2025,0
US,USD,PHP,mobile,118.41,118.41,3.23,58.823529,FALSE,standard,263,0.522,0.223,0,0.1,Wednesday,2025,0
US,USD,MXN,mobile,61.65,61.65,2.1,17.241379,FALSE,standard,34,0.427,0.068,0,0.2,Thursday,2025,0
US,USD,GBP,web,144.61,144.61,3.29,0.8,FALSE,enhanced,367,0.939,0.176,0,0,Thursday,2025,0
US,USD,EUR,mobile,58.93,58.93,1.4,0.925926,FALSE,standard,298,0.336,0.166,0,0,Thursday,2025,0
US,USD,USD,mobile,42.19,42.19,1.82,1,FALSE,standard,147,0.551,0.391,1,0,Thursday,2025,0
US,USD,USD,mobile,10.12,10.12,1.76,1,TRUE,standard,147,0.551,0.391,0,0,Thursday,2025,0
US,USD,INR,mobile,298.09,298.09,5.15,83.333333,TRUE,standard,1018,0.934,0.087,0,0,Friday,2025,0
US,USD,USD,web,108.72,108.72,2.69,1,FALSE,standard,638,0.839,0.244,1,0,Friday,2025,0
US,USD,EUR,ATM,417.74,417.74,6.34,0.925926,FALSE,standard,638,0.839,0.244,0,0,Friday,2025,0
US,USD,CNY,mobile,227.57,227.57,4.67,7.142857,FALSE,standard,859,0.96,0.363,0,0,Friday,2025,0
US,USD,INR,mobile,63.26,410.97,110.92,83.333333,FALSE,unknown,263,0.68,0.223,0,0,Saturday,2025,0
US,USD,INR,ATM,155.69,155.69,3.92,83.333333,FALSE,standard,298,0.186,0.166,0,0,Saturday,2025,0
UK,GBP,GBP,web,62.44,78.05,-1,1,FALSE,standard,4,-0.1,0.407,0,0,Saturday,2025,0
CA,CAD,USD,mobile,150.39,111.29,3.64,0.74,FALSE,standard,172,0.881,0.199,0,0,Saturday,2025,0
UK,GBP,INR,mobile,53.77,67.21,1.41,104.166667,FALSE,standard,4,0.892,0.407,0,0,Saturday,2025,0
US,USD,USD,web,119.94,119.94,3.58,1,FALSE,standard,147,0.551,0.391,1,0,Saturday,2025,0
US,USD,EUR,mobile,145.77,145.77,2.7,0.925926,FALSE,standard,1018,0.784,0.087,0,0,Saturday,2025,0
UK,GBP,EUR,mobile,59.92,74.9,1.42,1.157407,FALSE,standard,4,0.892,0.407,0,0.05,Saturday,2025,0
CA,CAD,MXN,mobile,211.15,410.97,110.92,12.758621,FALSE,unknown,615,0.68,0.355,0,0,Saturday,2025,0
US,USD,INR,mobile,472.11,472.11,7.84,83.333333,FALSE,enhanced,367,0.939,0.176,0,0,Sunday,2025,0
US,USD,CAD,MOBILE,289.35,289.35,5.86,1.351351,FALSE,standard,263,0.522,0.223,0,0,Sunday,2025,0
CA,CAD,CAD,mobile,354.41,262.27,7.33,1,FALSE,standard,947,0.625,0.268,0,0,Sunday,2025,0
US,USD,CAD,web,132.16,132.16,3.11,1.351351,FALSE,standard,263,0.522,0.223,0,0,Sunday,2025,0
US,USD,CAD,mobile,148.37,148.37,2.97,1.351351,FALSE,standard,1018,0.934,0.087,0,0,Sunday,2025,0
US,USD,PHP,mobile,69.39,69.39,1.88,58.823529,FALSE,standard,1018,0.934,0.087,1,0.1,Sunday,2025,0
CA,CAD,NGN,web,114.84,84.98,3.21,822.222222,FALSE,standard,947,0.625,0.268,0,0,Sunday,2025,0
UK,GBP,USD,mobile,71.78,89.73,1.73,1.25,FALSE,standard,4,0.892,0.407,0,0,Sunday,2025,0
UK,GBP,CAD,mobile,411.84,514.8,6.64,1.689189,FALSE,standard,4,0.892,0.407,0,0,Sunday,2025,0
US,USD,INR,unknown,142.82,142.82,3.16,83.333333,FALSE,standard,147,0.551,0.391,0,0,Sunday,2025,0
UK,GBP,GBP,mobile,199.03,248.79,3.66,1,FALSE,standard,4,0.892,0.407,0,0,Monday,2025,0
UK,GBP,PHP,mobile,63.31,79.14,1.22,73.529412,FALSE,standard,4,0.892,0.407,0,0,Monday,2025,0
US,USD,GBP,mobile,90.83,90.83,2.45,0.8,FALSE,standard,298,0.336,0.166,0,0,Monday,2025,0
US,USD,GBP,mobile,77.21,77.21,2.76,0.8,FALSE,standard,1018,0.934,0.087,0,0,Monday,2025,0
US,USD,CAD,mobile,35.64,35.64,2.03,1.351351,FALSE,standard,263,0.522,0.223,0,0,Monday,2025,0
US,USD,EUR,ATM,384.88,384.88,6.74,0.925926,FALSE,standard,298,0.336,0.166,0,0,Monday,2025,0
US,USD,CNY,web,75.15,75.15,1.93,7.142857,TRUE,standard,298,0.336,0.166,0,0,Monday,2025,0
US,USD,CNY,mobile,149.08,149.08,3.65,7.142857,FALSE,standard,830,0.799,0.102,0,0,Monday,2025,0
US,USD,PHP,mobile,374.51,374.51,6.43,58.823529,FALSE,enhanced,367,0.939,0.176,0,0.1,Monday,2025,0
US,USD,CAD,mobile,247.02,247.02,4.73,1.351351,FALSE,standard,263,0.522,0.223,0,0,Monday,2025,0
US,USD,NGN,web,206.3,206.3,3.92,1111.111111,FALSE,standard,298,0.336,0.166,0,0.25,Monday,2025,0
US,USD,INR,mobile,52.09,52.09,0.5,83.333333,FALSE,standard,147,0.551,0.391,0,0,Monday,2025,0
CA,CAD,INR,mobile,429.77,318.03,7.02,61.666667,FALSE,standard,947,0.625,0.268,0,0.12,Monday,2025,0
US,USD,USD,mobile,86.69,86.69,2.13,1,FALSE,standard,298,0.336,0.166,0,0,Tuesday,2025,0
US,USD,NGN,mobile,305.49,305.49,4.3,1111.111111,FALSE,standard,1018,0.934,0.087,0,0.25,Tuesday,2025,0
US,USD,CAD,mobile,84.84,84.84,2.66,1.351351,FALSE,standard,298,0.186,0.166,0,0,Tuesday,2025,0
US,USD,PHP,mobile,18.05,18.05,1.46,58.823529,FALSE,standard,1058,0.923,0.139,1,0.1,Thursday,2025,0
CA,CAD,MXN,unknown,27.12,20.07,0.82,12.758621,FALSE,standard,947,0.625,0.268,0,0,Tuesday,2025,0
US,USD,GBP,web,406.43,406.43,6.79,0.8,FALSE,standard,1016,0.794,0.247,0,0,Tuesday,2025,0
US,USD,USD,mobile,194.61,194.61,3.8,1,FALSE,standard,1018,0.934,0.087,0,0,Tuesday,2025,0
US,USD,NGN,mobile,114.56,114.56,3.11,1111.111111,FALSE,standard,34,0.427,0.068,0,0.25,Tuesday,2025,0
US,USD,USD,mobile,46.45,46.45,1.66,1,FALSE,standard,298,0.336,0.166,0,0,Wednesday,2025,0
US,USD,EUR,ATM,28.45,28.45,2.63,0.925926,FALSE,standard,263,0.522,0.223,0,0,Wednesday,2025,0
CA,CAD,MXN,web,143.62,106.28,2.69,12.758621,FALSE,standard,947,0.625,0.268,0,0,Wednesday,2025,0
UK,GBP,PHP,mobile,657.75,410.97,110.92,73.529412,FALSE,unknown,4,0.68,0.407,0,0,Wednesday,2025,0
CA,CAD,INR,mobile,245.65,181.78,5.2,61.666667,FALSE,standard,947,0.475,0.268,0,0.12,Wednesday,2025,0
US,USD,CNY,ATM,38.52,38.52,1.57,7.142857,FALSE,standard,298,0.336,0.166,0,0,Thursday,2025,0
US,USD,INR,web,82.03,82.03,2.41,83.333333,FALSE,enhanced,367,0.939,0.176,3,0,Thursday,2025,0
UK,GBP,PHP,mobile,146.15,182.69,2.59,73.529412,FALSE,standard,1088,0.866,0.123,0,0,Thursday,2025,0
US,USD,USD,mobile,355.56,355.56,5.45,1,FALSE,standard,263,0.522,0.223,0,0,Thursday,2025,0
UK,GBP,INR,mobile,271.26,339.08,5,104.166667,FALSE,standard,718,0.953,0.169,0,0,Thursday,2025,0
UK,GBP,CNY,mobile,357.75,447.18,6.66,8.928571,FALSE,standard,4,0.892,0.407,0,0,Thursday,2025,0
UK,GBP,PHP,ATM,157.42,196.78,3.66,73.529412,FALSE,standard,4,0.892,0.407,0,0,Thursday,2025,0
US,USD,NGN,mobile,35.55,35.55,1.49,1111.111111,FALSE,standard,1089,0.864,0.366,0,0.25,Thursday,2025,0
CA,CAD,PHP,web,157.73,116.72,2.95,43.529412,FALSE,standard,947,0.625,0.268,0,0,Thursday,2025,0
 US  ,USD,MXN, mobile  ,28.93,410.97,110.92,17.241379,FALSE,unknown,367,0.68,0.176,0,0.2,Thursday,2025,0
US,USD,CAD,mobile,109.58,109.58,2.67,1.351351,FALSE,standard,1018,0.934,0.087,0,0,Thursday,2025,0
US,USD,USD,mobile,49.88,49.88,1.86,1,FALSE,enhanced,367,0.939,0.176,0,0,Friday,2025,0
CA,CAD,EUR,web,132.83,98.29,3.61,0.685185,FALSE,standard,172,0.881,0.199,0,0,Friday,2025,0
UK,GBP,INR,mobile,154.77,193.47,3.22,104.166667,FALSE,standard,718,0.953,0.169,1,0,Friday,2025,0
UK,GBP,MXN,mobile,63.91,79.89,2,21.551724,FALSE,standard,4,0.892,0.407,0,0,Friday,2025,0
US,USD,GBP,mobile,99.91,99.91,2.71,0.8,FALSE,standard,1018,0.784,0.087,0,0,Friday,2025,0
US,USD,PHP,web,9996.93,9996.93,151.17,58.823529,TRUE,enhanced,257,0.894,0.257,0,0.1,Friday,2025,0
US,USD,INR,mobile,361.42,361.42,6.37,83.333333,FALSE,standard,147,0.551,0.391,0,0,Friday,2025,0
US,USD,CAD,web,156.17,156.17,3.81,1.351351,FALSE,standard,263,0.522,0.223,0,0,Friday,2025,0
UK,GBP,MXN,web,115.32,144.14,2.66,21.551724,FALSE,standard,4,0.892,0.407,0,0,Friday,2025,0
US,USD,EUR,web,663.33,663.33,10.18,0.925926,FALSE,enhanced,257,0.894,0.257,0,0,Friday,2025,0
UK,GBP,EUR,mobile,271.88,339.85,4.78,1.157407,FALSE,standard,718,0.953,0.169,0,0.05,Friday,2025,0
US,USD,EUR,mobile,76.54,76.54,2.84,0.925926,FALSE,enhanced,367,0.939,0.176,0,0,Friday,2025,0
US,USD,GBP,ATM,396,396,7.26,0.8,TRUE,standard,1018,0.934,0.087,0,0,Saturday,2025,0
US,USD,INR,mobile,96.61,96.61,1.97,83.333333,FALSE,standard,298,0.336,0.166,0,0,Saturday,2025,0
US,USD,USD,ATM,252.12,410.97,110.92,1,FALSE,unknown,367,0.68,0.176,7,0,Saturday,2025,0
US,USD,EUR,mobile,512.77,410.97,110.92,0.925926,FALSE,unknown,263,0.68,0.223,0,0,Saturday,2025,0
US,USD,INR,mobile,374.01,374.01,5.93,83.333333,FALSE,enhanced,367,0.939,0.176,0,0,Saturday,2025,0
CA,CAD,GBP,web,60.68,44.9,2.23,0.592,FALSE,low,824,0.457,0.282,0,0,Saturday,2025,0
US,USD,MXN,mobile,453.1,453.1,7.37,17.241379,FALSE,standard,147,0.551,0.391,0,0.2,Saturday,2025,0
US,USD,USD, mobile  ,101.52,101.52,2.09,1,FALSE,enhanced,367,0.939,0.176,0,0,Saturday,2025,0
UK,GBP,EUR,mobile,288.82,361.03,5.42,1.157407,FALSE,standard,4,0.892,0.407,0,0.05,Sunday,2025,0
US,USD,CNY,mobile,617.79,617.79,9.32,7.142857,TRUE,standard,147,0.551,0.391,0,0,Sunday,2025,0
US,USD,NGN,mobile,95.74,95.74,1.95,1111.111111,FALSE,standard,1058,0.923,0.139,0,0.25,Sunday,2025,0
US,USD,MXN,web,20.73,20.73,0.5,17.241379,FALSE,enhanced,257,0.894,0.257,0,0.2,Sunday,2025,0
UK,GBP,EUR,mobile,906.28,1132.85,14.21,1.157407,TRUE,standard,718,0.953,0.169,0,0.05,Sunday,2025,0
CA,CAD,CNY,mobile,33.32,24.65,1.5,5.285714,FALSE,standard,172,0.881,0.199,0,0,Sunday,2025,0
US,USD,NGN,web,107.39,107.39,2.92,1111.111111,FALSE,enhanced,257,0.894,0.257,0,0.25,Sunday,2025,1
US,USD,GBP,mobile,179.92,179.92,3.68,0.8,FALSE,standard,298,0.336,0.166,0,0,Sunday,2025,0
UK,GBP,CNY,web,156.73,195.92,3.5,8.928571,TRUE,standard,4,0.892,0.407,1,0,Monday,2025,0
UK,GBP,NGN,web,105.14,131.43,1.55,1388.888889,FALSE,standard,718,0.953,0.169,0,0.22,Monday,2025,0
US,USD,PHP,mobile,93.99,93.99,2.16,58.823529,FALSE,standard,147,0.401,0.391,0,0.1,Monday,2025,0
US,USD,PHP,mobile,186.06,186.06,3.6,58.823529,FALSE,standard,298,0.336,0.166,0,0.1,Monday,2025,0
US,USD,GBP,mobile,231.11,231.11,4.41,0.8,FALSE,standard,263,0.522,0.223,0,0,-1,0,0
 CA  ,CAD,EUR, mobile  ,120.43,89.12,2.38,0.685185,TRUE,standard,947,0.625,0.268,9,0,Monday,2025,0
US,USD,NGN,mobile,95.05,95.05,2.93,1111.111111,FALSE,standard,263,0.522,0.223,0,0.25,Monday,2025,0
US,USD,CAD,ATM,211.86,211.86,4.13,1.351351,TRUE,standard,263,0.522,0.223,0,0,Monday,2025,0
US,USD,PHP,mobile,143.94,143.94,3.1,58.823529,TRUE,standard,1018,0.934,0.087,0,0.1,Monday,2025,0
US,USD,EUR,ATM,25.95,25.95,1.77,0.925926,FALSE,standard,147,0.551,0.391,0,0,Monday,2025,0
US,USD,CAD,mobile,70.27,70.27,2.46,1.351351,FALSE,standard,147,0.551,0.391,0,0,Tuesday,2025,0
US,USD,INR,mobile,61.76,61.76,2.34,83.333333,FALSE,standard,147,0.401,0.391,0,0,Tuesday,2025,0
US,USD,CNY,mobile,64.63,64.63,1.99,7.142857,FALSE,standard,298,0.336,0.166,0,0,Tuesday,2025,0
US,USD,CAD,ATM,214.04,214.04,4.42,1.351351,TRUE,standard,293,0.836,0.529,0,0,Tuesday,2025,0
US,USD,CNY,ATM,20.62,20.62,1.05,7.142857,FALSE,low,954,0.576,0.332,0,0,Tuesday,2025,0
UK,GBP,CAD,mobile,67.61,84.51,3.03,1.689189,FALSE,standard,718,0.953,0.169,1,0,Tuesday,2025,0
US,USD,USD,web,560.8,560.8,9.6,1,FALSE,enhanced,257,0.744,0.257,0,0,Tuesday,2025,0
US,USD,GBP,mobile,114.63,114.63,2.18,0.8,FALSE,standard,298,0.336,0.166,0,0,Tuesday,2025,0
UK,GBP,USD,mobile,195.53,410.97,110.92,1.25,FALSE,unknown,4,0.68,0.407,0,0,Tuesday,2025,0
US,USD,INR,mobile,105.82,105.82,2.47,83.333333,FALSE,standard,147,0.401,0.391,1,0,Tuesday,2025,0
US,USD,MXN,web,278.54,278.54,5.98,17.241379,FALSE,standard,147,0.551,0.391,0,0.2,Tuesday,2025,0
US,USD,INR,mobile,111.28,111.28,2.72,83.333333,FALSE,standard,298,0.336,0.166,0,0,Tuesday,2025,0
US,USD,INR,mobile,186.79,186.79,3.84,83.333333,FALSE,standard,263,0.372,0.223,1,0,Tuesday,2025,0
US,USD,INR,mobile,31.62,31.62,1.72,83.333333,FALSE,standard,263,0.522,0.223,0,0,Tuesday,2025,0
US,USD,PHP,mobile,615.77,615.77,9.99,58.823529,FALSE,standard,147,0.551,0.391,0,0.1,Wednesday,2025,0
US,USD,EUR,mobile,256.11,256.11,4.23,0.925926,FALSE,standard,1016,0.944,0.247,0,0,Wednesday,2025,0
UK,GBP,PHP,web,61.33,76.66,2.27,73.529412,FALSE,standard,4,0.892,0.407,0,0,Wednesday,2025,0
US,USD,INR,mobile,-105.28,105.28,9999.99,83.333333,FALSE,standard,298,-0.1,0.166,0,0,Wednesday,2025,0
UK,GBP,CNY,web,192.13,240.16,4.03,8.928571,FALSE,low,704,0.515,0.283,0,0,Wednesday,2025,0
UK,GBP,CAD,mobile,108.32,135.4,2.83,1.689189,FALSE,standard,4,0.892,0.407,0,0,Wednesday,2025,0
US,USD,EUR,web,102.15,102.15,1.84,0.925926,FALSE,enhanced,257,0.894,0.257,0,0,Wednesday,2025,0
US,USD,CAD,mobile,220.83,220.83,3.47,1.351351,FALSE,standard,298,0.336,0.166,0,0,Wednesday,2025,0
US,USD,PHP,mobile,388.44,388.44,7.36,58.823529,FALSE,enhanced,367,0.939,0.176,0,0.1,Wednesday,2025,0
US,USD,CNY,web,61.27,61.27,1.91,7.142857,TRUE,standard,298,0.336,0.166,0,0,Wednesday,2025,0
CA,CAD,CAD,ATM,97.53,72.17,2.39,1,TRUE,low,824,0.607,0.282,0,0,Wednesday,2025,0
US,USD,NGN,mobile,75.26,75.26,2.14,1111.111111,FALSE,standard,147,0.551,0.391,0,0.25,Wednesday,2025,0
US,USD,GBP,web,91.63,91.63,2.55,0.8,FALSE,standard,298,0.336,0.166,0,0,Wednesday,2025,0
UK,GBP,EUR,mobile,244.46,305.58,4.26,1.157407,FALSE,standard,4,0.892,0.407,0,0.05,Wednesday,2025,0
US,USD,CNY,mobile,136.46,136.46,2.78,7.142857,FALSE,standard,298,0.336,0.166,0,0,Thursday,2025,0
US,USD,EUR,mobile,9995.28,9995.28,150.33,0.925926,FALSE,standard,34,0.427,0.068,1,0,Thursday,2025,0
US,USD,NGN,web,154.68,154.68,4.28,1111.111111,FALSE,standard,298,0.336,0.166,0,0.25,Thursday,2025,0
UK,GBP,USD,web,76.15,95.19,1.17,1.25,FALSE,standard,4,0.892,0.407,0,0,Thursday,2025,0
US,USD,EUR,mobile,233.9,233.9,-1,0.925926,FALSE,standard,263,-0.1,0.223,0,0,Thursday,2025,0
US,USD,INR,mobile,9995.08,9995.08,150.75,83.333333,FALSE,enhanced,367,0.939,0.176,0,0,Thursday,2025,0
US,USD,INR,ATM,424.81,424.81,7.32,83.333333,FALSE,standard,263,0.522,0.223,1,0,Friday,2025,0
US,USD,PHP,mobile,303.89,303.89,5.55,58.823529,FALSE,enhanced,367,0.939,0.176,0,0.1,Friday,2025,0
US,USD,PHP,mobile,88.15,88.15,1.79,58.823529,FALSE,standard,1018,0.934,0.087,0,0.1,Friday,2025,0
UK,GBP,NGN,mobile,119.15,148.93,2.71,1388.888889,FALSE,standard,4,0.892,0.407,0,0.22,Friday,2025,0
US,USD,NGN,mobile,106.3,106.3,1.72,1111.111111,TRUE,standard,298,0.336,0.166,0,0.25,Friday,2025,0
US,USD,CNY,mobile,141.24,141.24,2.89,7.142857,FALSE,standard,298,0.336,0.166,0,0,Friday,2025,0
US,USD,GBP,web,165.17,165.17,4.07,0.8,FALSE,standard,263,0.522,0.223,0,0,Friday,2025,0
US,USD,USD,mobile,145.48,145.48,3.95,1,FALSE,standard,34,0.427,0.068,0,0,Friday,2025,0
US,USD,CAD,web,69.43,69.43,2.24,1.351351,FALSE,standard,298,0.336,0.166,0,0,Friday,2025,0
CA,CAD,USD,mobile,98.89,73.18,3,0.74,FALSE,standard,725,0.824,0.212,0,0,Saturday,2025,0
US,USD,USD,mobile,179.13,179.13,4.09,1,FALSE,standard,298,0.336,0.166,0,0,Saturday,2025,0
CA,CAD,INR,ATM,261.23,193.31,4.32,61.666667,FALSE,low,615,0.515,0.355,0,0.12,Saturday,2025,0
US,USD,EUR,mobile,75.39,75.39,1.96,0.925926,FALSE,standard,263,0.522,0.223,0,0,Saturday,2025,0
US,USD,USD,ATM,138.43,138.43,4.18,1,FALSE,standard,263,0.522,0.223,3,0,Saturday,2025,0
US,USD,USD,mobile,316.77,316.77,6.1,1,FALSE,standard,263,0.522,0.223,0,0,Saturday,2025,0
CA,CAD,NGN,mobile,143.06,105.87,4.12,822.222222,FALSE,low,615,0.515,0.355,0,0,Saturday,2025,0
US,USD,GBP,mobile,181.25,181.25,3.54,0.8,FALSE,standard,298,0.336,0.166,0,0,Saturday,2025,0
US,USD,MXN,mobile,333.72,333.72,5.96,17.241379,TRUE,standard,263,0.522,0.223,0,0.2,Sunday,2025,0
US,USD,USD,mobile,108.48,108.48,2.76,1,FALSE,standard,147,0.551,0.391,0,0,Sunday,2025,0
CA,CAD,CNY,mobile,415.34,410.97,110.92,5.285714,FALSE,unknown,1074,0.68,0.225,0,0,Sunday,2025,0
US,USD,GBP,web,302.23,302.23,5.63,0.8,FALSE,standard,263,0.522,0.223,0,0,Sunday,2025,0
US,USD,INR,web,171.47,171.47,3.81,83.333333,FALSE,standard,1018,0.934,0.087,0,0,Sunday,2025,0
US,USD,EUR,mobile,115.89,410.97,110.92,0.925926,FALSE,unknown,1018,0.68,0.087,0,0,Sunday,2025,0
US,USD,NGN,mobile,142.07,142.07,3.71,1111.111111,FALSE,standard,1016,0.944,0.247,0,0.25,Sunday,2025,0
UK,GBP,PHP,mobile,65.99,82.49,2.77,73.529412,FALSE,standard,4,0.892,0.407,0,0,Sunday,2025,0
US,USD,EUR,web,64.45,64.45,1.31,0.925926,FALSE,enhanced,367,0.939,0.176,0,0,Sunday,2025,0
US,USD,CNY,web,97.16,97.16,3.19,7.142857,FALSE,standard,263,0.522,0.223,0,0,Sunday,2025,0
UK,GBP,USD,ATM,53.74,67.18,2.41,1.25,FALSE,standard,4,0.892,0.407,0,0,Monday,2025,0
US,USD,NGN,mobile,614.19,614.19,10.21,1111.111111,FALSE,standard,298,0.336,0.166,0,0.25,Sunday,2025,0
US,USD,USD,mobile,81.01,81.01,1.16,1,FALSE,standard,298,0.336,0.166,0,0,Sunday,2025,0
US,USD,EUR,mobile,554.02,554.02,8.75,0.925926,TRUE,standard,263,0.372,0.223,0,0,Sunday,2025,0
US,USD,GBP,mobile,263.94,263.94,4.48,0.8,FALSE,standard,1018,0.934,0.087,0,0,Sunday,2025,0
US,USD,PHP,mobile,202.48,202.48,3.69,58.823529,TRUE,standard,147,0.551,0.391,0,0.1,Sunday,2025,0
US,USD,GBP,mobile,117.83,117.83,3.18,0.8,FALSE,standard,298,0.336,0.166,0,0,Sunday,2025,0
US,USD,CAD,mobile,29.24,29.24,1.64,1.351351,FALSE,enhanced,367,0.939,0.176,0,0,Monday,2025,0
US,USD,CNY,web,110.84,110.84,3.11,7.142857,FALSE,standard,298,0.336,0.166,1,0,Monday,2025,0
CA,CAD,INR,mobile,167.35,123.84,3.76,61.666667,FALSE,standard,564,0.658,0.4,0,0.12,Monday,2025,0
US,USD,CNY,web,56.18,56.18,2.08,7.142857,FALSE,standard,298,0.336,0.166,0,0,Monday,2025,0
US,USD,CAD,mobile,31.08,31.08,1.15,1.351351,FALSE,low,616,0.702,0.361,0,0,Monday,2025,0
UK,GBP,MXN,mobile,48.72,60.9,2.01,21.551724,FALSE,standard,4,0.892,0.407,0,0,Monday,2025,0
US,USD,NGN,mobile,842.93,842.93,14.03,1111.111111,TRUE,enhanced,257,0.894,0.257,0,0.25,Monday,2025,0
US,USD,PHP,ATM,130,130,2.14,58.823529,FALSE,standard,147,0.551,0.391,0,0.1,Tuesday,2025,0
US,USD,INR,web,1862.76,1862.76,29.67,83.333333,FALSE,standard,298,0.186,0.166,0,0,Tuesday,2025,0
UK,GBP,EUR,web,-361.29,451.62,9999.99,1.157407,FALSE,standard,4,-0.1,0.407,0,0.05,Tuesday,2025,0
UK,GBP,NGN,web,129.68,162.1,2.46,1388.888889,FALSE,standard,4,0.892,0.407,0,0.22,Tuesday,2025,0
US,USD,GBP,mobile,108.74,108.74,1.69,0.8,FALSE,standard,298,0.336,0.166,0,0,Tuesday,2025,0
US,USD,GBP,ATM,103.07,103.07,3.34,0.8,FALSE,standard,298,0.336,0.166,6,0,Tuesday,2025,0
CA,CAD,CAD,mobile,275.51,203.88,4.24,1,FALSE,standard,172,0.881,0.199,0,0,Tuesday,2025,0
US,USD,PHP,ATM,121.29,121.29,3.1,58.823529,TRUE,standard,263,0.522,0.223,0,0.1,Tuesday,2025,0
US,USD,NGN,web,1409.18,1409.18,22.52,1111.111111,FALSE,enhanced,257,0.894,0.257,1,0.25,Tuesday,2025,0
US,USD,CAD,mobile,225.02,225.02,4.08,1.351351,FALSE,standard,263,0.522,0.223,0,0,Tuesday,2025,0
US,USD,NGN,mobile,155.78,155.78,3.66,1111.111111,FALSE,standard,147,0.551,0.391,0,0.25,Wednesday,2025,0
US,USD,PHP,mobile,173.15,173.15,2.93,58.823529,FALSE,standard,1048,0.79,0.125,0,0.1,Wednesday,2025,0
US,USD,PHP,mobile,200.71,200.71,3.86,58.823529,FALSE,standard,263,0.522,0.223,0,0.1,Wednesday,2025,0
US,USD,EUR,web,163.83,163.83,3.34,0.925926,FALSE,standard,147,0.551,0.391,1,0,Wednesday,2025,0
US,USD,USD,mobile,346.13,346.13,5.69,1,FALSE,enhanced,367,0.939,0.176,0,0,Wednesday,2025,0
US,USD,GBP,web,46.67,46.67,2.89,0.8,FALSE,standard,263,0.522,0.223,1,0,Wednesday,2025,0
US,USD,INR,mobile,77.82,77.82,2.95,83.333333,FALSE,enhanced,367,0.939,0.176,0,0,Thursday,2025,0
UK,GBP,NGN,web,191.47,239.34,4.41,1388.888889,FALSE,standard,4,0.892,0.407,0,0.22,Thursday,2025,1
US,USD,MXN,mobile,110.65,110.65,3.67,17.241379,FALSE,enhanced,367,0.939,0.176,0,0.2,Thursday,2025,0
US,USD,USD,web,105.2,105.2,2.74,1,FALSE,standard,263,0.522,0.223,0,0,Thursday,2025,0
CA,CAD,NGN,mobile,135.95,100.6,3.2,822.222222,FALSE,low,615,0.515,0.355,0,0,Thursday,2025,0
US,USD,INR,web,84.27,84.27,2.44,83.333333,FALSE,enhanced,257,0.894,0.257,0,0,Thursday,2025,0
US,USD,EUR,ATM,261.34,261.34,4.7,0.925926,FALSE,standard,298,0.336,0.166,0,0,Thursday,2025,0
US,USD,EUR,mobile,131.61,131.61,3.16,0.925926,FALSE,standard,263,0.522,0.223,0,0,Thursday,2025,0
US,USD,EUR,web,91.8,91.8,2.67,0.925926,FALSE,standard,263,0.522,0.223,0,0,Thursday,2025,0
US,USD,USD,mobile,184.12,184.12,4.08,1,FALSE,standard,263,0.522,0.223,0,0,Thursday,2025,0
US,USD,NGN,mobile,231.12,231.12,4,1111.111111,TRUE,standard,263,0.522,0.223,0,0.25,Thursday,2025,0
US,USD,USD,mobile,186.61,186.61,4.05,1,FALSE,standard,263,0.522,0.223,0,0,Thursday,2025,0
US,USD,PHP,mobile,424.87,424.87,7.56,58.823529,FALSE,standard,263,0.522,0.223,0,0.1,Thursday,2025,0
US,USD,INR,mobile,156.89,156.89,4.26,83.333333,FALSE,low,616,0.702,0.361,0,0,Thursday,2025,0
US,USD,PHP,mobile,-109.64,109.64,9999.99,58.823529,FALSE,standard,1018,-0.1,0.087,0,0.1,Friday,2025,0
US,USD,GBP,mobile,72.97,72.97,1.46,0.8,FALSE,enhanced,257,0.894,0.257,0,0,Friday,2025,0
US,USD,PHP,mobile,136.18,136.18,3.25,58.823529,FALSE,enhanced,257,0.894,0.257,0,0.1,Friday,2025,0
US,USD,CAD,ATM,46.11,46.11,1.65,1.351351,FALSE,standard,1018,0.934,0.087,0,0,Friday,2025,0
US,USD,EUR,web,92.58,410.97,110.92,0.925926,FALSE,unknown,298,0.68,0.166,0,0,Friday,2025,1
US,USD,NGN,web,100.38,100.38,1.81,1111.111111,FALSE,standard,147,0.551,0.391,1,0.25,Friday,2025,0
US,USD,GBP,web,35.36,35.36,1.49,0.8,FALSE,standard,298,0.336,0.166,0,0,Friday,2025,0
US,USD,USD,web,144.98,144.98,4.32,1,FALSE,enhanced,661,0.92,0.259,1,0,Saturday,2025,0
UK,GBP,NGN,web,54.54,68.17,0.5,1388.888889,FALSE,standard,4,0.892,0.407,0,0.22,Saturday,2025,0
US,USD,PHP,web,183.3,183.3,3.76,58.823529,FALSE,standard,1089,0.864,0.366,0,0.1,Saturday,2025,0
US,USD,EUR,mobile,757.21,757.21,12.5,0.925926,FALSE,standard,263,0.522,0.223,0,0,Saturday,2025,0
US,USD,NGN,mobile,231.2,231.2,4.63,1111.111111,FALSE,standard,263,0.522,0.223,0,0.25,Saturday,2025,0
UK,GBP,USD,mobile,108.57,135.71,1.68,1.25,FALSE,standard,4,0.892,0.407,0,0,Saturday,2025,0
US,USD,MXN,mobile,80.6,410.97,110.92,17.241379,FALSE,unknown,367,0.68,0.176,0,0.2,Saturday,2025,0
US,USD,EUR,mobile,58.52,58.52,2.11,0.925926,FALSE,standard,638,0.839,0.244,6,0,Saturday,2025,0
US,USD,MXN,ATM,92.15,92.15,1.27,17.241379,FALSE,standard,794,0.77,0.22,0,0.2,Saturday,2025,0
UK,GBP,MXN,mobile,158.62,198.27,3.53,21.551724,FALSE,standard,718,0.953,0.169,0,0,Saturday,2025,0
UK,GBP,CNY,mobile,197.47,246.83,4.04,8.928571,FALSE,standard,4,0.892,0.407,0,0,Thursday,2025,0
US,USD,EUR,mobile,239.48,239.48,5,0.925926,FALSE,standard,263,0.522,0.223,0,0,Saturday,2025,0
CA,CAD,NGN,mobile,87.22,64.55,2.47,822.222222,FALSE,standard,272,0.642,0.048,0,0,Saturday,2025,0
UK,GBP,EUR,mobile,394.02,410.97,110.92,1.157407,FALSE,unknown,718,0.68,0.169,1,0.05,Saturday,2025,0
UK,GBP,USD,mobile,181.6,410.97,110.92,1.25,FALSE,unknown,718,0.68,0.169,0,0,Sunday,2025,0
CA,CAD,CNY,mobile,102.59,75.92,2.66,5.285714,TRUE,low,615,0.515,0.355,7,0,Sunday,2025,1
US,USD,NGN,mobile,119,119,2.67,1111.111111,FALSE,standard,1018,0.934,0.087,0,0.25,Sunday,2025,0
US,USD,USD,mobile,104,104,2.73,1,FALSE,enhanced,257,0.894,0.257,0,0,Sunday,2025,0
UK,GBP,CAD,web,147.4,184.25,3.09,1.689189,FALSE,standard,4,0.892,0.407,0,0,Sunday,2025,0
US,USD,EUR,mobile,42.45,42.45,1.73,0.925926,FALSE,standard,298,0.336,0.166,0,0,Sunday,2025,0
US,USD,EUR,web,182.05,182.05,2.04,0.925926,FALSE,standard,298,0.336,0.166,0,0,Sunday,2025,0
US,USD,EUR,web,73.43,73.43,2.12,0.925926,FALSE,standard,263,0.522,0.223,0,0,Sunday,2025,0
US,USD,NGN,mobile,133.16,133.16,2.54,1111.111111,FALSE,enhanced,367,0.939,0.176,0,0.25,Sunday,2025,0
US,USD,USD,web,47.75,47.75,2.01,1,FALSE,low,616,0.702,0.361,0,0,Sunday,2025,0
CA,CAD,NGN,mobile,173.6,128.47,3.81,822.222222,FALSE,standard,947,0.625,0.268,1,0,Sunday,2025,0
US,USD,CNY,mobile,73.02,73.02,2.49,7.142857,FALSE,standard,859,0.96,0.363,0,0,Monday,2025,0
US,USD,INR,mobile,271.15,271.15,4.96,83.333333,FALSE,standard,147,0.551,0.391,0,0,Monday,2025,0
US,USD,GBP,mobile,230.88,230.88,4.49,0.8,FALSE,standard,1016,0.944,0.247,0,0,Monday,2025,0
US,USD,PHP,web,262.04,262.04,5.43,58.823529,FALSE,standard,1018,0.934,0.087,0,0.1,Monday,2025,0
UK,GBP,CNY,web,298.54,373.17,4.84,8.928571,FALSE,standard,684,0.833,0.241,1,0,Monday,2025,0
UK,GBP,CNY,mobile,250.28,312.85,4.47,8.928571,TRUE,standard,546,0.805,0.311,0,0,Monday,2025,0
US,USD,USD,mobile,233.13,233.13,3.65,1,FALSE,enhanced,367,0.939,0.176,0,0,Friday,2025,0
US,USD,CAD,mobile,402.71,402.71,6.86,1.351351,FALSE,standard,298,0.336,0.166,0,0,Monday,2025,0
US,USD,GBP,mobile,231.44,410.97,110.92,0.8,FALSE,unknown,298,0.68,0.166,0,0,Monday,2025,0
UK,GBP,PHP,mobile,117.14,146.42,-1,73.529412,TRUE,standard,4,-0.1,0.407,0,0,Monday,2025,0
US,USD,GBP,mobile,513.51,513.51,7.93,0.8,FALSE,enhanced,257,0.894,0.257,0,0,Monday,2025,0
UK,GBP,NGN,mobile,183.55,229.44,4.47,1388.888889,TRUE,standard,4,0.892,0.407,1,0.22,Monday,2025,1
US,USD,USD,web,71.82,71.82,3.14,1,FALSE,standard,1018,0.934,0.087,0,0,Tuesday,2025,0
UK,GBP,INR,mobile,251.59,314.48,4.65,104.166667,TRUE,standard,4,0.892,0.407,0,0,Tuesday,2025,0
US,USD,INR,mobile,88.74,88.74,2.8,83.333333,TRUE,enhanced,367,0.939,0.176,0,0,Tuesday,2025,0
US,USD,CNY,web,235.63,235.63,4.12,7.142857,FALSE,standard,1018,0.934,0.087,0,0,Tuesday,2025,0
US,USD,CAD,ATM,42.34,42.34,1.41,1.351351,FALSE,standard,298,0.336,0.166,0,0,Tuesday,2025,1
US,USD,NGN,mobile,9995.13,9995.13,151.29,1111.111111,FALSE,standard,263,0.522,0.223,0,0.25,Tuesday,2025,0
US,USD,CAD,mobile,115.62,115.62,2.66,1.351351,FALSE,low,616,0.702,0.361,4,0,Tuesday,2025,0
US,USD,USD,web,141.67,141.67,3.46,1,FALSE,standard,1016,0.944,0.247,0,0,Tuesday,2025,0
UK,GBP,NGN,mobile,68.9,86.12,1.75,1388.888889,FALSE,standard,4,0.892,0.407,0,0.22,Tuesday,2025,0
CA,CAD,USD,mobile,131.75,97.49,3.22,0.74,TRUE,standard,172,0.881,0.199,0,0,Tuesday,2025,0
US,USD,CNY,web,61.95,61.95,1.9,7.142857,TRUE,standard,1018,0.934,0.087,0,0,Tuesday,2025,0
US,USD,INR,mobile,182.53,182.53,3.66,83.333333,FALSE,standard,1016,0.944,0.247,0,0,Wednesday,2025,0
UK,GBP,GBP,mobile,307.12,383.9,6.06,1,FALSE,standard,718,0.953,0.169,0,0,Wednesday,2025,0
US,USD,CNY,mobile,66.53,66.53,1.97,7.142857,FALSE,standard,263,0.522,0.223,0,0,Wednesday,2025,0
US,USD,INR,ATM,96.09,96.09,2.29,83.333333,FALSE,standard,298,0.336,0.166,0,0,Wednesday,2025,0
US,USD,EUR,web,32.36,32.36,1.03,0.925926,FALSE,standard,1018,0.934,0.087,0,0,Wednesday,2025,0
US,USD,USD,mobile,43.15,43.15,1.68,1,FALSE,standard,298,0.336,0.166,0,0,Wednesday,2025,0
UK,GBP,EUR,mobile,96.98,121.22,1.71,1.157407,FALSE,standard,4,0.892,0.407,0,0.05,Wednesday,2025,0
US,USD,GBP,mobile,157.99,157.99,2.89,0.8,FALSE,enhanced,367,0.939,0.176,0,0,Wednesday,2025,0
US,USD,CNY,mobile,258.46,258.46,5.15,7.142857,FALSE,standard,147,0.551,0.391,5,0,Wednesday,2025,0
US,USD,CAD,mobile,104.79,104.79,2.24,1.351351,FALSE,standard,830,0.799,0.102,0,0,Wednesday,2025,0
US,USD,CNY,mobile,416.59,416.59,6.99,7.142857,FALSE,enhanced,367,0.939,0.176,0,0,Wednesday,2025,0
US,USD,PHP,mobile,113.4,113.4,2.71,58.823529,FALSE,standard,1018,0.934,0.087,0,0.1,Wednesday,2025,0
US,USD,CAD,web,251.64,251.64,5.02,1.351351,FALSE,enhanced,367,0.939,0.176,0,0,Thursday,2025,0
US,USD,INR,web,138.04,138.04,3.49,83.333333,FALSE,standard,1018,0.934,0.087,1,0,Thursday,2025,0
US,USD,PHP,web,148.19,148.19,2.8,58.823529,TRUE,standard,263,0.522,0.223,0,0.1,Thursday,2025,1
US,USD,NGN,mobile,67.75,67.75,1.98,1111.111111,FALSE,standard,1016,0.944,0.247,0,0.25,Thursday,2025,0
US,USD,EUR,web,25.82,25.82,2.1,0.925926,FALSE,standard,1016,0.944,0.247,0,0,Thursday,2025,0
US,USD,INR,mobile,227.5,227.5,4.44,83.333333,FALSE,standard,298,0.336,0.166,0,0,Thursday,2025,0
US,USD,CNY,mobile,82.14,82.14,1.57,7.142857,TRUE,enhanced,367,0.939,0.176,0,0,-1,0,0
US,USD,USD,mobile,231.58,231.58,4.06,1,FALSE,standard,1018,0.934,0.087,0,0,Thursday,2025,0
US,USD,EUR,web,150.13,150.13,2.93,0.925926,TRUE,enhanced,257,0.894,0.257,0,0,Thursday,2025,0
US,USD,PHP,mobile,145.59,410.97,110.92,58.823529,FALSE,unknown,263,0.68,0.223,0,0.1,Thursday,2025,0
US,USD,PHP,mobile,263.93,263.93,4.5,58.823529,FALSE,enhanced,257,0.894,0.257,0,0.1,Friday,2025,0
US,USD,PHP,mobile,319.05,319.05,5.73,58.823529,FALSE,standard,1018,0.934,0.087,0,0.1,Friday,2025,0
UK,GBP,GBP,web,272.86,341.07,5.61,1,TRUE,standard,4,0.892,0.407,0,0,Friday,2025,0
US,USD,EUR,web,80.6,80.6,2.6,0.925926,FALSE,enhanced,367,0.939,0.176,0,0,Friday,2025,0
US,USD,EUR,mobile,49.74,49.74,2.37,0.925926,FALSE,standard,638,0.839,0.244,0,0,Friday,2025,0
US,USD,EUR,mobile,123.35,123.35,2.38,0.925926,FALSE,standard,859,0.96,0.363,0,0,Friday,2025,0
UK,GBP,CAD,web,26.17,32.71,0.71,1.689189,FALSE,standard,437,0.806,0.334,0,0,Friday,2025,0
US,USD,USD,ATM,20.08,410.97,110.92,1,FALSE,unknown,367,0.68,0.176,1,0,Friday,2025,0
UK,GBP,CAD,web,388.3,485.37,5.84,1.689189,FALSE,standard,718,0.953,0.169,0,0,Friday,2025,0
US,USD,GBP,mobile,38.3,410.97,110.92,0.8,FALSE,unknown,1018,0.68,0.087,0,0,Friday,2025,0
US,USD,CAD,mobile,39.89,410.97,110.92,1.351351,TRUE,unknown,298,0.68,0.166,0,0,Friday,2025,0
US,USD,MXN,mobile,132.71,132.71,3.86,17.241379,FALSE,enhanced,257,0.894,0.257,0,0.2,Saturday,2025,0
US,USD,CNY,mobile,232.33,232.33,4.15,7.142857,FALSE,enhanced,257,0.744,0.257,0,0,Saturday,2025,0
UK,GBP,GBP,web,120.48,150.6,3.37,1,FALSE,standard,4,0.892,0.407,0,0,Saturday,2025,0
US,USD,NGN,mobile,93.81,93.81,1.2,1111.111111,FALSE,standard,1018,0.934,0.087,0,0.25,Saturday,2025,0
US,USD,NGN,mobile,87.37,87.37,2.56,1111.111111,FALSE,low,616,0.702,0.361,0,0.25,Saturday,2025,0
US,USD,CAD,mobile,39.97,39.97,0.72,1.351351,FALSE,standard,1018,0.934,0.087,0,0,Saturday,2025,0
US,USD,NGN,mobille,389.57,389.57,6.6,1111.111111,FALSE,unknown,1018,0.934,0.087,0,0.25,Saturday,2025,0
US,USD,NGN,mobile,34.88,34.88,1.32,1111.111111,FALSE,standard,263,0.522,0.223,0,0.25,Sunday,2025,0
US,USD,GBP,ATM,119.34,119.34,2.53,0.8,FALSE,standard,1018,0.934,0.087,0,0,Sunday,2025,0
US,USD,CAD,mobile,140.66,140.66,4.07,1.351351,FALSE,standard,263,0.522,0.223,0,0,Sunday,2025,0
US,USD,EUR,mobile,852.36,852.36,13.63,0.925926,FALSE,standard,147,0.551,0.391,0,0,Sunday,2025,0
US,USD,CNY,web,547.47,547.47,8.95,7.142857,FALSE,standard,1018,0.784,0.087,0,0,Sunday,2025,0
UK,GBP,EUR,mobile,179.02,223.77,3.32,1.157407,FALSE,standard,4,0.892,0.407,0,0.05,Sunday,2025,1
US,USD,INR,web,38.49,38.49,0.83,83.333333,FALSE,standard,298,0.336,0.166,0,0,Sunday,2025,0
UK,GBP,MXN,mobile,83.65,104.56,2.39,21.551724,FALSE,standard,4,0.742,0.407,0,0,Sunday,2025,0
US,USD,USD,mobile,349.83,349.83,5.81,1,FALSE,enhanced,257,0.894,0.257,1,0,Sunday,2025,0
US,USD,NGN,web,317.58,410.97,110.92,1111.111111,FALSE,unknown,298,0.68,0.166,0,0.25,Sunday,2025,0
US,USD,CNY,mobile,493.06,493.06,8.8,7.142857,FALSE,enhanced,367,0.939,0.176,0,0,Sunday,2025,0
US,USD,USD,ATM,105.28,105.28,2.62,1,FALSE,standard,1018,0.934,0.087,0,0,Sunday,2025,0
US,USD,PHP,mobile,71.8,71.8,2.14,58.823529,FALSE,standard,298,0.336,0.166,0,0.1,Sunday,2025,0
US,USD,GBP,mobile,269.13,269.13,5,0.8,FALSE,standard,1016,0.944,0.247,0,0,Sunday,2025,0
US,USD,GBP,mobile,664,664,11.66,0.8,FALSE,standard,1018,0.934,0.087,0,0,Tuesday,2025,0
UK,GBP,MXN,mobille,120.43,150.53,3.53,21.551724,FALSE,standard,4,0.892,0.407,0,0,Monday,2025,0
US,USD,CAD,web,31.69,31.69,0.93,1.351351,FALSE,standard,298,0.336,0.166,0,0,Monday,2025,0
US,USD,PHP,ATM,398.6,398.6,6.78,58.823529,TRUE,standard,147,0.551,0.391,1,0.1,Monday,2025,0
US,USD,CNY,ATM,186.52,186.52,4,7.142857,FALSE,standard,34,0.427,0.068,0,0,Monday,2025,0
UK,GBP,MXN,web,53.36,66.7,1.66,21.551724,FALSE,standard,4,0.892,0.407,0,0,Monday,2025,1
US,USD,EUR,web,149.68,149.68,2.46,0.925926,FALSE,standard,34,0.427,0.068,0,0,Monday,2025,0
US,USD,USD,mobile,370.47,370.47,6.27,1,FALSE,standard,263,0.522,0.223,0,0,Monday,2025,0
UK,GBP,USD,mobile,114.23,142.79,2.92,1.25,FALSE,standard,718,0.953,0.169,0,0,Monday,2025,0
US,USD,USD,web,692.67,692.67,11.75,1,FALSE,standard,1016,0.944,0.247,0,0,Monday,2025,0
UK,GBP,INR,mobile,248.52,310.65,5.38,104.166667,FALSE,standard,4,0.892,0.407,0,0,Monday,2025,0
US,USD,CAD,mobile,130.02,130.02,3.81,1.351351,FALSE,standard,298,0.336,0.166,0,0,Monday,2025,0
US,USD,CAD,web,64.58,64.58,2.18,1.351351,FALSE,enhanced,257,0.894,0.257,0,0,Monday,2025,0
US,USD,PHP,mobile,168.75,168.75,3.53,58.823529,FALSE,standard,1018,0.934,0.087,0,0.1,Tuesday,2025,0
CA,CAD,CAD,mobile,296.74,219.59,4.83,1,FALSE,standard,172,0.881,0.199,0,0,Tuesday,2025,0
US,USD,GBP,mobile,508.75,508.75,8.4,0.8,TRUE,standard,1018,0.934,0.087,1,0,Tuesday,2025,0
US,USD,CNY,web,518.14,518.14,8.62,7.142857,FALSE,standard,298,0.336,0.166,0,0,Tuesday,2025,0
US,USD,EUR,web,120.81,120.81,3.03,0.925926,FALSE,standard,263,0.522,0.223,0,0,Tuesday,2025,0
US,USD,CNY,web,28.93,28.93,1.15,7.142857,FALSE,enhanced,257,0.894,0.257,0,0,Tuesday,2025,0
US,USD,NGN,web,150.23,150.23,3.64,1111.111111,TRUE,standard,1018,0.934,0.087,0,0.25,Tuesday,2025,0
US,USD,NGN,mobile,225.12,225.12,4.06,1111.111111,FALSE,enhanced,661,0.92,0.259,0,0.25,Wednesday,2025,0
UK,GBP,MXN,web,97.33,121.66,2.31,21.551724,FALSE,standard,4,0.892,0.407,0,0,Wednesday,2025,0
US,USD,EUR,mobile,116.48,116.48,2.19,0.925926,FALSE,standard,263,0.522,0.223,0,0,Wednesday,2025,0
UK,GBP,NGN,WEB,81.9,102.37,2.07,1388.888889,TRUE,standard,4,0.892,0.407,0,0.22,Wednesday,2025,1
US,USD,MXN,web,189.2,189.2,3.61,17.241379,FALSE,standard,34,0.427,0.068,0,0.2,Wednesday,2025,0
US,USD,CNY,mobile,89.82,89.82,1.7,7.142857,FALSE,standard,147,0.551,0.391,0,0,Wednesday,2025,0
US,USD,GBP,web,117.73,117.73,2.63,0.8,FALSE,standard,298,0.336,0.166,0,0,Wednesday,2025,0
US,USD,NGN,mobile,78.87,78.87,2.42,1111.111111,FALSE,enhanced,257,0.894,0.257,0,0.25,Wednesday,2025,0
US,USD,CNY,mobile,271.67,271.67,3.8,7.142857,FALSE,standard,298,0.336,0.166,0,0,Wednesday,2025,0
CA,CAD,EUR,mobile,329.56,243.87,5.97,0.685185,FALSE,standard,947,0.625,0.268,0,0,Wednesday,2025,0
UK,GBP,MXN,web,22.92,28.65,1.6,21.551724,FALSE,standard,4,0.892,0.407,0,0,Thursday,2025,0
US,USD,PHP,web,50.56,50.56,1.04,58.823529,FALSE,standard,298,0.336,0.166,0,0.1,Thursday,2025,0
CA,CAD,NGN,ATM,382.38,282.96,6.31,822.222222,FALSE,low,824,0.607,0.282,0,0,Thursday,2025,0
CA,CAD,PHP,mobile,397.91,294.45,6.52,43.529412,FALSE,standard,725,0.824,0.212,6,0,Thursday,2025,0
UK,GBP,EUR,mobile,-277.33,346.66,9999.99,1.157407,FALSE,standard,718,-0.1,0.169,0,0.05,Thursday,2025,0
US,USD,PHP,ATM,15.46,410.97,110.92,58.823529,TRUE,unknown,263,0.68,0.223,0,0.1,Thursday,2025,0
CA,CAD,MXN,mobile,156.8,116.03,3.27,12.758621,FALSE,standard,947,0.625,0.268,0,0,Thursday,2025,0
 US  ,USD,NGN,weeb,84.36,84.36,2.89,1111.111111,FALSE,standard,298,0.336,0.166,0,0.25,Thursday,2025,0
US,USD,PHP,mobile,78.26,78.26,2.57,58.823529,FALSE,standard,263,0.522,0.223,0,0.1,Friday,2025,0
 US  ,USD,CNY, mobile  ,45.79,45.79,1.36,7.142857,FALSE,standard,298,0.336,0.166,0,0,Friday,2025,0
US,USD,NGN,mobile,80.52,80.52,2.78,1111.111111,FALSE,standard,147,0.551,0.391,0,0.25,Friday,2025,0
US,USD,INR,web,112.35,112.35,1.53,83.333333,FALSE,standard,298,0.336,0.166,0,0,Friday,2025,0
US,USD,CAD,mobile,70.83,70.83,2.17,1.351351,FALSE,enhanced,367,0.939,0.176,0,0,Friday,2025,0
US,USD,USD,web,267.01,267.01,5.74,1,FALSE,standard,1018,0.934,0.087,0,0,Friday,2025,0
US,USD,MXN,mobile,41.49,41.49,0.52,17.241379,FALSE,standard,298,0.336,0.166,0,0.2,Friday,2025,0
US,USD,EUR,mobile,115.29,115.29,2.35,0.925926,FALSE,standard,298,0.336,0.166,0,0,Friday,2025,0
US,USD,MXN,web,65.43,65.43,1.96,17.241379,FALSE,standard,298,0.336,0.166,0,0.2,Friday,2025,0
US,USD,CAD,web,131.53,131.53,3.47,1.351351,FALSE,enhanced,367,0.789,0.176,0,0,Friday,2025,0
US,USD,GBP,mobile,73.84,73.84,0.7,0.8,FALSE,enhanced,367,0.939,0.176,0,0,Friday,2025,0
UK,GBP,PHP,mobile,252.95,316.19,4.24,73.529412,FALSE,standard,718,0.953,0.169,0,0,Friday,2025,0
US,USD,USD,mobile,154.65,154.65,3.6,1,FALSE,standard,1016,0.944,0.247,0,0,Saturday,2025,0
UK,GBP,CNY,web,133.35,166.69,3.36,8.928571,TRUE,standard,4,0.892,0.407,0,0,Saturday,2025,0
US,USD,USD,ATM,105.64,105.64,3.03,1,TRUE,standard,830,0.799,0.102,0,0,Saturday,2025,0
US,USD,PHP,mobile,243.33,243.33,4.25,58.823529,FALSE,standard,147,0.551,0.391,0,0.1,Saturday,2025,0
US,USD,GBP,mobile,105.85,105.85,2.78,0.8,TRUE,standard,147,0.551,0.391,0,0,Saturday,2025,0
US,USD,GBP,mobile,191.29,191.29,3.91,0.8,TRUE,enhanced,257,0.894,0.257,0,0,Saturday,2025,0
US,USD,EUR, mobile  ,119.9,119.9,3.16,0.925926,FALSE,unknown,298,0.336,0.166,0,0,Saturday,2025,0
US,USD,EUR,mobile,94.34,94.34,2.42,0.925926,FALSE,standard,263,0.522,0.223,1,0,Saturday,2025,0
UK,GBP,USD,mobile,222.22,277.78,3.98,1.25,FALSE,standard,718,0.953,0.169,0,0,Sunday,2025,0
US,USD,PHP,mobile,268.03,268.03,5.34,58.823529,FALSE,standard,587,0.906,0.224,0,0.1,Sunday,2025,0
US,USD,MXN,mobile,171.84,171.84,3.46,17.241379,FALSE,standard,1018,0.934,0.087,0,0.2,Sunday,2025,0
CA,CAD,CAD,mobile,225.55,166.91,4.74,1,FALSE,low,824,0.607,0.282,0,0,Sunday,2025,0
US,USD,CAD,web,45.2,45.2,2.08,1.351351,FALSE,standard,263,0.522,0.223,0,0,Sunday,2025,0
US,USD,NGN,mobile,90.01,90.01,2.55,1111.111111,FALSE,standard,263,0.522,0.223,0,0.25,Sunday,2025,0
 US  ,USD,EUR,mobille,72.97,72.97,2.79,0.925926,FALSE,standard,298,0.336,0.166,0,0,Sunday,2025,0
US,USD,PHP,ATM,220.37,220.37,4.95,58.823529,FALSE,standard,830,0.799,0.102,0,0.1,Monday,2025,0
US,USD,GBP,mobile,52.44,52.44,1.91,0.8,FALSE,standard,147,0.551,0.391,0,0,Monday,2025,0
US,USD,CNY,mobile,52.26,52.26,2.55,7.142857,FALSE,standard,298,0.336,0.166,0,0,Monday,2025,0
UK,GBP,CAD,mobile,289.29,410.97,110.92,1.689189,FALSE,unknown,718,0.68,0.169,0,0,Monday,2025,0
US,USD,GBP,mobile,216.96,216.96,3.93,0.8,FALSE,enhanced,367,0.939,0.176,4,0,Monday,2025,0
US,USD,PHP,mobile,9995.16,9995.16,151.32,58.823529,FALSE,enhanced,367,0.939,0.176,0,0.1,Monday,2025,0
US,USD,CNY,web,276.16,276.16,4.64,7.142857,FALSE,enhanced,367,0.939,0.176,0,0,Tuesday,2025,0
CA,CAD,INR,mobile,74.97,55.48,2.07,61.666667,FALSE,low,824,0.607,0.282,0,0.12,Tuesday,2025,0
US,USD,CAD,mobile,172.05,172.05,3.74,1.351351,FALSE,standard,298,0.336,0.166,0,0,Tuesday,2025,0
US,USD,NGN,mobile,76.54,76.54,1.63,1111.111111,FALSE,standard,147,0.551,0.391,0,0.25,Tuesday,2025,0
US,USD,CNY,mobile,141.47,141.47,3.6,7.142857,FALSE,standard,1018,0.934,0.087,0,0,Tuesday,2025,0
UK,GBP,PHP,web,109.12,410.97,110.92,73.529412,FALSE,unknown,4,0.68,0.407,0,0,Tuesday,2025,0
US,USD,CNY,mobile,62.62,62.62,2.03,7.142857,FALSE,standard,298,0.336,0.166,0,0,Wednesday,2025,0
CA,CAD,NGN,mobile,243.35,180.08,4.38,822.222222,FALSE,low,615,0.515,0.355,0,0,Wednesday,2025,0
US,USD,NGN,mobile,217.11,217.11,3.48,1111.111111,FALSE,standard,147,0.551,0.391,7,0.25,Wednesday,2025,0
US,USD,GBP,mobile,49.1,49.1,2.03,0.8,FALSE,enhanced,367,0.939,0.176,0,0,Wednesday,2025,0
UK,GBP,CNY,web,67.07,83.84,1.89,8.928571,FALSE,standard,718,0.953,0.169,0,0,Wednesday,2025,0
US,USD,CNY,mobile,249.61,249.61,3.89,7.142857,FALSE,standard,1018,0.934,0.087,0,0,Wednesday,2025,0
US,USD,CAD,mobile,108.23,108.23,2.77,1.351351,FALSE,standard,1018,0.934,0.087,0,0,Thursday,2025,0
US,USD,INR,mobile,67.41,67.41,1.68,83.333333,FALSE,standard,147,0.551,0.391,0,0,Thursday,2025,0
US,USD,NGN,mobile,602.49,602.49,10.07,1111.111111,FALSE,enhanced,257,0.894,0.257,0,0.25,Thursday,2025,0
US,USD,EUR,mobile,205.68,205.68,3.84,0.925926,FALSE,enhanced,367,0.939,0.176,3,0,Thursday,2025,0
US,USD,INR,mobile,132.02,132.02,2.87,83.333333,TRUE,standard,298,0.336,0.166,0,0,Thursday,2025,0
US,USD,NGN,mobile,212.52,212.52,4.17,1111.111111,FALSE,standard,1016,0.794,0.247,0,0.25,Thursday,2025,0
US,USD,CAD,mobile,75.44,75.44,1.64,1.351351,FALSE,standard,298,0.336,0.166,0,0,Thursday,2025,0
US,USD,NGN,mobile,412.91,412.91,7.31,1111.111111,FALSE,enhanced,367,0.939,0.176,0,0.25,Thursday,2025,0
US,USD,CNY,mobile,124.34,124.34,2.42,7.142857,FALSE,enhanced,257,0.894,0.257,0,0,Friday,2025,0
UK,GBP,INR,mobile,239.35,299.19,4.17,104.166667,FALSE,standard,4,0.892,0.407,0,0,Friday,2025,0
US,USD,USD,mobile,51.88,51.88,1.2,1,FALSE,standard,263,0.522,0.223,0,0,Friday,2025,0
CA,CAD,PHP,mobile,15.08,11.16,1.2,43.529412,FALSE,standard,947,0.625,0.268,0,0,Friday,2025,0
US,USD,NGN,mobile,79.49,79.49,1.89,1111.111111,FALSE,standard,147,0.401,0.391,0,0.25,Friday,2025,0
US,USD,GBP,web,128.8,128.8,2.38,0.8,TRUE,standard,147,0.551,0.391,1,0,Friday,2025,0
US,USD,INR,mobile,9997.94,9997.94,150.95,83.333333,TRUE,enhanced,367,0.939,0.176,0,0,Friday,2025,0
UK,GBP,EUR,mobile,332.42,415.53,5.92,1.157407,FALSE,standard,718,0.953,0.169,0,0.05,Friday,2025,0
US,USD,EUR,web,68.47,68.47,1.72,0.925926,FALSE,standard,298,0.186,0.166,0,0,Saturday,2025,0
US,USD,EUR,mobile,172.34,172.34,3.91,0.925926,TRUE,standard,1016,0.944,0.247,0,0,Saturday,2025,0
US,USD,USD,web,151.57,151.57,4.4,1,FALSE,standard,34,0.427,0.068,0,0,Saturday,2025,0
US,USD,CAD,mobile,73.57,73.57,2.82,1.351351,FALSE,standard,1018,0.934,0.087,0,0,Saturday,2025,0
US,USD,CAD,mobile,681.55,681.55,10.44,1.351351,FALSE,standard,263,0.522,0.223,0,0,Saturday,2025,0
US,USD,GBP,mobile,242.35,242.35,4.29,0.8,FALSE,standard,298,0.336,0.166,0,0,Saturday,2025,0
US,USD,EUR,mobile,114.22,114.22,3.82,0.925926,FALSE,standard,859,0.96,0.363,0,0,Saturday,2025,0
US,USD,INR,mobile,69.35,69.35,1.68,83.333333,FALSE,enhanced,367,0.939,0.176,0,0,Saturday,2025,0
US,USD,USD,mobile,113.8,113.8,1.98,1,TRUE,standard,1018,0.934,0.087,0,0,Sunday,2025,0
US,USD,USD,web,472.5,472.5,8.73,1,FALSE,standard,1018,0.934,0.087,0,0,Sunday,2025,0
US,USD,USD,mobile,153.41,153.41,3.13,1,FALSE,standard,859,0.96,0.363,0,0,Sunday,2025,0
US,USD,MXN,mobile,142.41,142.41,2.62,17.241379,FALSE,standard,298,0.336,0.166,0,0.2,Sunday,2025,0
US,USD,USD,web,69.41,69.41,1.62,1,FALSE,enhanced,257,0.894,0.257,0,0,Sunday,2025,0
US,USD,GBP,web,165.41,165.41,3.94,0.8,FALSE,standard,147,0.551,0.391,0,0,Sunday,2025,0
US,USD,PHP,mobile,99.09,99.09,2.08,58.823529,FALSE,enhanced,367,0.789,0.176,0,0.1,Sunday,2025,0
UK,GBP,GBP,mobile,126.48,158.1,3.17,1,FALSE,standard,4,0.892,0.407,0,0,Monday,2025,0
UK,GBP,NGN,mobile,99.55,124.44,3.5,1388.888889,FALSE,standard,718,0.953,0.169,1,0.22,Monday,2025,0
US,USD,NGN,mobile,383.83,383.83,7,1111.111111,FALSE,standard,298,0.336,0.166,0,0.25,Monday,2025,0
CA,CAD,CNY,mobile,116.02,85.86,2.8,5.285714,FALSE,low,615,0.515,0.355,0,0,Monday,2025,0
US,USD,GBP,web,470.24,470.24,8.75,0.8,TRUE,standard,298,0.336,0.166,0,0,Monday,2025,0
US,USD,EUR,web,119.87,119.87,2.34,0.925926,FALSE,standard,298,0.336,0.166,0,0,Monday,2025,0
US,USD,CAD,web,105.91,105.91,3.21,1.351351,FALSE,enhanced,367,0.939,0.176,0,0,Monday,2025,0
UK,GBP,EUR,web,41.36,51.7,1.89,1.157407,FALSE,standard,4,0.742,0.407,0,0.05,Monday,2025,0
US,USD,EUR,web,84.38,84.38,3.28,0.925926,FALSE,standard,147,0.401,0.391,0,0,Monday,2025,0
UK,GBP,USD,web,136.44,170.55,3.03,1.25,TRUE,standard,4,0.892,0.407,0,0,Tuesday,2025,0
US,USD,CAD,web,97.89,97.89,1.82,1.351351,FALSE,enhanced,367,0.939,0.176,0,0,Tuesday,2025,0
CA,CAD,CNY,mobile,135.32,100.14,3.37,5.285714,FALSE,standard,947,0.625,0.268,2,0,Tuesday,2025,0
US,USD,MXN,mobile,429.26,429.26,7.64,17.241379,FALSE,standard,263,0.372,0.223,4,0.2,Saturday,2025,0
UK,GBP,USD,mobile,734.6,918.25,11.46,1.25,FALSE,standard,4,0.892,0.407,0,0,Tuesday,2025,0
 US  ,USD,PHP,MOBILE,146.98,146.98,3.59,58.823529,FALSE,standard,298,0.336,0.166,0,0.1,Tuesday,2025,0
US,USD,CAD,mobile,295.6,295.6,5.06,1.351351,FALSE,standard,263,0.522,0.223,0,0,Wednesday,2025,0
US,USD,INR,ATM,395.19,1541.55,-1,83.333333,FALSE,enhanced,367,-0.1,0.176,0,0,Wednesday,2025,0
UK,GBP,INR,mobile,212.3,265.37,4.99,104.166667,FALSE,standard,4,0.742,0.407,0,0,Wednesday,2025,0
US,USD,NGN,mobile,83.13,83.13,2.53,1111.111111,FALSE,standard,1016,0.944,0.247,4,0.25,Wednesday,2025,0
US,USD,CAD,mobile,56.78,56.78,1.48,1.351351,FALSE,standard,263,0.522,0.223,0,0,Wednesday,2025,0
US,USD,USD,mobile,120.24,120.24,3.27,1,FALSE,enhanced,367,0.939,0.176,0,0,Wednesday,2025,0
US,USD,CAD,mobile,152.97,152.97,2.82,1.351351,FALSE,standard,298,0.336,0.166,0,0,Wednesday,2025,0
US,USD,PHP,mobile,137.76,137.76,3.15,58.823529,FALSE,enhanced,367,0.789,0.176,0,0.1,Wednesday,2025,0
US,USD,GBP,mobile,195.23,195.23,4.78,0.8,FALSE,standard,263,0.522,0.223,0,0,Thursday,2025,0
US,USD,EUR,mobile,35.65,35.65,1.34,0.925926,TRUE,standard,1018,0.934,0.087,0,0,Thursday,2025,0
US,USD,GBP,mobile,-56.07,56.07,9999.99,0.8,FALSE,standard,1016,-0.1,0.247,0,0,Thursday,2025,0
US,USD,CAD,mobile,379.53,379.53,5.58,1.351351,FALSE,standard,1016,0.944,0.247,0,0,Thursday,2025,0
US,USD,EUR,mobile,112.66,112.66,2.12,0.925926,TRUE,standard,298,0.336,0.166,0,0,Thursday,2025,0
US,USD,PHP,web,144.76,144.76,2.87,58.823529,FALSE,enhanced,257,0.894,0.257,0,0.1,Thursday,2025,0
US,USD,NGN,mobile,99.51,99.51,2.74,1111.111111,FALSE,standard,263,0.522,0.223,0,0.25,Thursday,2025,0
US,USD,USD,web,34.92,34.92,2.16,1,FALSE,standard,147,0.551,0.391,0,0,Thursday,2025,0
US,USD,PHP,mobile,409.59,409.59,6.63,58.823529,TRUE,standard,298,0.336,0.166,0,0.1,Thursday,2025,0
US,USD,USD,mobile,-22.57,22.57,9999.99,1,FALSE,enhanced,367,-0.1,0.176,0,0,Friday,2025,0
US,USD,CAD,mobile,384.72,384.72,6.96,1.351351,TRUE,standard,147,0.551,0.391,0,0,Friday,2025,0
US,USD,USD,mobile,237.37,237.37,4.88,1,FALSE,standard,147,0.551,0.391,1,0,Friday,2025,0
US,USD,PHP,mobile,206.29,206.29,4.96,58.823529,FALSE,standard,298,0.336,0.166,0,0.1,Friday,2025,0
US,USD,INR,mobile,805.66,805.66,12.86,83.333333,FALSE,standard,298,0.336,0.166,0,0,Friday,2025,0
UK,GBP,MXN,mobile,142.88,178.6,2.71,21.551724,FALSE,standard,4,0.892,0.407,0,0,Monday,2025,0
US,USD,NGN,mobile,170.3,170.3,2.92,1111.111111,FALSE,standard,298,0.336,0.166,0,0.25,Friday,2025,0
US,USD,USD,mobile,779.92,779.92,12.23,1,FALSE,enhanced,367,0.939,0.176,1,0,Friday,2025,0
US,USD,NGN,web,193.03,193.03,3.59,1111.111111,TRUE,enhanced,367,0.939,0.176,0,0.25,Saturday,2025,0
US,USD,EUR,mobile,164.9,164.9,3.99,0.925926,FALSE,enhanced,367,0.939,0.176,0,0,Saturday,2025,0
US,USD,NGN,web,148.62,148.62,1.94,1111.111111,FALSE,standard,1018,0.934,0.087,0,0.25,Saturday,2025,0
UK,GBP,USD,web,515.06,643.83,9.04,1.25,FALSE,standard,4,0.892,0.407,0,0,Saturday,2025,0
UK,GBP,PHP,web,164.08,205.1,3.61,73.529412,FALSE,standard,4,0.892,0.407,0,0,Saturday,2025,0
US,USD,CAD,web,149.93,149.93,2.49,1.351351,FALSE,low,616,0.702,0.361,0,0,Saturday,2025,0
US,USD,CAD,mobile,72.59,72.59,2.15,1.351351,FALSE,enhanced,257,0.894,0.257,0,0,Saturday,2025,0
CA,CAD,CAD,ATM,322.79,238.86,7.29,1,FALSE,standard,947,0.625,0.268,0,0,Saturday,2025,0
US,USD,EUR,web,130.14,130.14,3.11,0.925926,FALSE,standard,263,0.522,0.223,0,0,Saturday,2025,0
US,USD,INR,mobile,23.54,23.54,1.77,83.333333,FALSE,standard,298,0.336,0.166,0,0,Tuesday,2025,0
UK,GBP,INR,mobile,233.16,291.45,5.22,104.166667,FALSE,standard,4,0.892,0.407,0,0,Sunday,2025,0
UK,GBP,NGN,mobile,255.87,319.83,5.17,1388.888889,FALSE,standard,4,0.892,0.407,1,0.22,Sunday,2025,0
US,USD,PHP,mobile,54.21,54.21,1.45,58.823529,FALSE,standard,298,0.336,0.166,0,0.1,Sunday,2025,0
US,USD,CAD,web,88.28,88.28,3.01,1.351351,FALSE,standard,147,0.401,0.391,0,0,Sunday,2025,0
US,USD,USD,mobile,50.83,50.83,0.91,1,FALSE,standard,298,0.336,0.166,0,0,Sunday,2025,0
US,USD,GBP,mobile,217.59,217.59,3.89,0.8,FALSE,standard,263,0.522,0.223,0,0,Sunday,2025,0
US,USD,GBP,web,34.47,34.47,1.74,0.8,FALSE,enhanced,367,0.939,0.176,0,0,Sunday,2025,0
US,USD,NGN,mobile,254.63,254.63,5.26,1111.111111,FALSE,standard,298,0.336,0.166,0,0.25,Sunday,2025,0
UK,GBP,GBP,mobile,53.05,410.97,110.92,1,FALSE,unknown,4,0.68,0.407,0,0,Sunday,2025,0
US,USD,USD,web,140.52,140.52,2.11,1,FALSE,standard,263,0.522,0.223,0,0,Sunday,2025,0
UK,GBP,CAD,web,472.98,591.22,8.77,1.689189,FALSE,standard,4,0.892,0.407,0,0,Sunday,2025,0
US,USD,PHP,web,249.66,249.66,3.72,58.823529,FALSE,standard,1089,0.864,0.366,0,0.1,Sunday,2025,0
US,USD,CNY,mobile,91.78,91.78,2.18,7.142857,FALSE,enhanced,257,0.894,0.257,0,0,Monday,2025,0
US,USD,INR,mobile,369.78,369.78,6.23,83.333333,TRUE,standard,707,0.516,0.217,0,0,Monday,2025,0
US,USD,USD,web,166.73,166.73,3.9,1,FALSE,enhanced,367,0.939,0.176,0,0,Monday,2025,0
US,USD,EUR,mobile,331.02,331.02,5.35,0.925926,FALSE,standard,298,0.336,0.166,0,0,Monday,2025,0
UK,GBP,NGN,web,166.38,207.97,5.01,1388.888889,FALSE,standard,4,0.892,0.407,0,0.22,Monday,2025,0
US,USD,INR,mobile,106.17,106.17,2.74,83.333333,FALSE,standard,263,0.522,0.223,0,0,Monday,2025,0
US,USD,GBP,web,305.08,305.08,4.91,0.8,FALSE,standard,1016,0.944,0.247,0,0,Monday,2025,0
US,USD,EUR,mobile,540.81,540.81,8.68,0.925926,FALSE,enhanced,367,0.939,0.176,0,0,Monday,2025,0
US,USD,INR,web,169.42,169.42,2.9,83.333333,FALSE,standard,1018,0.934,0.087,0,0,Monday,2025,0
US,USD,INR,mobile,116.13,116.13,2.13,83.333333,FALSE,standard,263,0.372,0.223,0,0,Monday,2025,0
US,USD,CAD,mobile,294.97,294.97,5.3,1.351351,FALSE,standard,147,0.551,0.391,0,0,Monday,2025,0
US,USD,CNY,web,207.54,207.54,4.79,7.142857,FALSE,standard,147,0.551,0.391,0,0,Tuesday,2025,0
CA,CAD,PHP,mobile,69.43,51.38,1.83,43.529412,FALSE,standard,853,0.83,0.29,0,0,Tuesday,2025,0
US,USD,PHP,mobile,359.12,359.12,6.4,58.823529,TRUE,standard,263,0.372,0.223,0,0.1,Tuesday,2025,0
US,USD,INR,mobile,112.89,112.89,3.95,83.333333,FALSE,standard,1016,0.944,0.247,0,0,Tuesday,2025,0
UK,GBP,INR,mobile,335.6,419.5,5.51,104.166667,FALSE,standard,4,0.892,0.407,0,0,Tuesday,2025,0
UK,GBP,CNY,web,121.19,151.48,2.19,8.928571,FALSE,standard,4,0.892,0.407,0,0,Wednesday,2025,0
US,USD,PHP,web,288.84,288.84,5.4,58.823529,FALSE,standard,1018,0.934,0.087,0,0.1,Wednesday,2025,0
US,USD,PHP,mobile,234.46,234.46,4.58,58.823529,FALSE,standard,298,0.336,0.166,0,0.1,Wednesday,2025,0
US,USD,PHP,web,482.61,482.61,8.05,58.823529,FALSE,enhanced,367,0.939,0.176,0,0.1,Wednesday,2025,0
US,USD,USD,mobile,188.76,188.76,3.88,1,FALSE,standard,298,0.336,0.166,0,0,Wednesday,2025,0
US,USD,NGN,mobile,111.82,111.82,2.66,1111.111111,FALSE,standard,147,0.551,0.391,0,0.25,Wednesday,2025,0
US,USD,PHP,mobile,179.75,179.75,3.82,58.823529,FALSE,standard,298,0.336,0.166,0,0.1,Wednesday,2025,0
UK,GBP,NGN,mobile,251.66,314.58,5.25,1388.888889,FALSE,standard,4,0.892,0.407,0,0.22,Wednesday,2025,0
US,USD,INR,mobile,79.77,79.77,2.8,83.333333,FALSE,enhanced,257,0.894,0.257,0,0,Wednesday,2025,0
US,USD,CAD,web,70.46,70.46,2.42,1.351351,FALSE,standard,147,0.551,0.391,0,0,Wednesday,2025,0
US,USD,CNY,mobile,144.55,144.55,3.08,7.142857,FALSE,standard,830,0.799,0.102,0,0,Thursday,2025,0
US,USD,CAD,mobile,70.66,70.66,2.37,1.351351,FALSE,standard,298,0.336,0.166,0,0,Thursday,2025,0
US,USD,EUR,mobile,103.72,103.72,2.87,0.925926,FALSE,standard,263,0.522,0.223,0,0,Thursday,2025,0
US,USD,GBP,mobile,283.12,283.12,5.07,0.8,FALSE,enhanced,367,0.939,0.176,0,0,Thursday,2025,0
US,USD,INR,mobile,73.37,73.37,1.74,83.333333,FALSE,enhanced,367,0.939,0.176,0,0,Thursday,2025,0
US,USD,INR,mobile,102.55,102.55,2.95,83.333333,FALSE,standard,1018,0.934,0.087,0,0,Thursday,2025,0
US,USD,EUR,mobile,131.22,131.22,2.8,0.925926,FALSE,standard,298,0.336,0.166,8,0,Thursday,2025,0
UK,GBP,MXN,mobile,152.23,190.29,3.8,21.551724,FALSE,standard,4,0.892,0.407,0,0,Thursday,2025,0
CA,CAD,USD,mobile,122.96,90.99,2.95,0.74,FALSE,low,615,0.515,0.355,0,0,Friday,2025,0
CA,CAD,INR,mobile,67.74,50.13,1.37,61.666667,FALSE,standard,947,0.625,0.268,1,0.12,Friday,2025,0
US,USD,EUR,mobile,206.69,206.69,4.05,0.925926,FALSE,standard,147,0.551,0.391,0,0,Friday,2025,0
US,USD,INR,mobile,188.44,188.44,4.05,83.333333,FALSE,standard,1016,0.944,0.247,0,0,Friday,2025,0
US,USD,GBP,mobile,175.24,175.24,3.51,0.8,TRUE,standard,263,0.522,0.223,3,0,Friday,2025,0
US,USD,EUR,mobile,34.84,34.84,2.76,0.925926,FALSE,standard,859,0.96,0.363,0,0,Friday,2025,0
US,USD,USD,mobile,380.93,380.93,6.08,1,FALSE,standard,263,0.522,0.223,0,0,Friday,2025,0
US,USD,PHP,mobile,121.32,121.32,2.45,58.823529,FALSE,standard,1018,0.934,0.087,0,0.1,Friday,2025,0
UK,GBP,PHP,ATM,301.8,377.24,5.31,73.529412,FALSE,standard,718,0.953,0.169,1,0,Friday,2025,0
US,USD,INR,mobile,130.22,130.22,3.07,83.333333,FALSE,enhanced,257,0.894,0.257,0,0,Friday,2025,0
US,USD,INR,web,208.12,208.12,4.52,83.333333,FALSE,standard,147,0.551,0.391,1,0,Friday,2025,0
US,USD,INR,web,69.02,69.02,2.36,83.333333,FALSE,standard,147,0.551,0.391,0,0,Friday,2025,0
UK,GBP,GBP,web,65.93,82.41,2.21,1,FALSE,standard,4,0.892,0.407,0,0,Friday,2025,0
US,USD,CNY,mobile,388.36,388.36,6.77,7.142857,FALSE,standard,147,0.401,0.391,0,0,Friday,2025,0
US,USD,CNY,mobile,95.63,95.63,2.69,7.142857,FALSE,standard,298,0.336,0.166,0,0,Saturday,2025,0
US,USD,PHP,web,192.48,192.48,4.39,58.823529,FALSE,standard,298,0.336,0.166,0,0.1,Saturday,2025,0
CA,CAD,PHP,mobile,-325.79,241.08,9999.99,43.529412,FALSE,standard,1041,-0.1,0.245,0,0,Saturday,2025,0
US,USD,CAD,web,41.34,41.34,1.27,1.351351,FALSE,standard,298,0.336,0.166,0,0,Saturday,2025,0
US,USD,NGN,web,106.7,106.7,2.37,1111.111111,FALSE,standard,263,0.522,0.223,0,0.25,Saturday,2025,0
UK,GBP,NGN,mobile,93.18,116.47,1.97,1388.888889,FALSE,standard,4,0.892,0.407,0,0.22,Saturday,2025,0
UK,GBP,INR,web,463.13,578.91,8.12,104.166667,FALSE,standard,4,0.892,0.407,0,0,Saturday,2025,0
US,USD,USD,mobile,349,349,5.83,1,FALSE,standard,298,0.336,0.166,0,0,Saturday,2025,0
UK,GBP,GBP,mobile,193.82,242.27,4.06,1,FALSE,standard,4,0.892,0.407,0,0,Thursday,2025,0
CA,CAD,EUR,web,1163.92,861.3,18.35,0.685185,FALSE,standard,947,0.625,0.268,0,0,Saturday,2025,0
UK,GBP,CAD,web,37.81,47.26,1.03,1.689189,FALSE,standard,4,0.892,0.407,0,0,Saturday,2025,1
US,USD,CNY,mobile,81.29,81.29,1.86,7.142857,TRUE,standard,298,0.336,0.166,0,0,Sunday,2025,0
US,USD,GBP,mobile,78.45,78.45,3.23,0.8,FALSE,standard,263,0.522,0.223,6,0,Sunday,2025,0
US,USD,EUR,mobile,248.69,248.69,4.88,0.925926,FALSE,standard,147,0.551,0.391,0,0,Sunday,2025,0
CA,CAD,CNY,ATM,98.02,72.53,2.18,5.285714,TRUE,standard,947,0.625,0.268,0,0,Sunday,2025,0
UK,GBP,CNY,ATM,355.23,444.03,6.42,8.928571,FALSE,standard,4,0.892,0.407,0,0,Monday,2025,0
US,USD,EUR,mobile,79.57,79.57,2.26,0.925926,FALSE,standard,147,0.551,0.391,0,0,Sunday,2025,0
UK,GBP,USD,mobile,45.44,56.8,1.88,1.25,FALSE,standard,4,0.892,0.407,8,0,Sunday,2025,0
US,USD,PHP,web,157.69,157.69,2.68,58.823529,FALSE,standard,263,0.522,0.223,0,0.1,Sunday,2025,0
US,USD,USD,mobile,81.99,81.99,2.41,1,TRUE,standard,298,0.336,0.166,0,0,Sunday,2025,0
US,USD,NGN,mobile,99.73,99.73,2.24,1111.111111,FALSE,standard,263,0.522,0.223,0,0.25,Sunday,2025,0
US,USD,CAD,web,949.1,410.97,110.92,1.351351,TRUE,unknown,1018,0.68,0.087,0,0,Monday,2025,0
US,USD,NGN,mobile,1221.25,1221.25,19.15,1111.111111,FALSE,standard,263,0.522,0.223,0,0.25,Monday,2025,0
US,USD,USD,mobile,243.87,243.87,4.81,1,FALSE,standard,1018,0.934,0.087,0,0,Monday,2025,0
US,USD,EUR,mobile,163.42,163.42,3.88,0.925926,FALSE,standard,147,0.401,0.391,0,0,Monday,2025,0
US,USD,NGN,ATM,229.71,229.71,4.92,1111.111111,FALSE,standard,298,0.336,0.166,0,0.25,Tuesday,2025,0
US,USD,GBP,web,147.24,147.24,2.89,0.8,FALSE,standard,263,0.372,0.223,0,0,Tuesday,2025,0
US,USD,PHP,mobile,55.52,55.52,1.59,58.823529,FALSE,enhanced,257,0.894,0.257,0,0.1,Tuesday,2025,0
US,USD,USD,mobile,66.86,66.86,1.33,1,FALSE,enhanced,367,0.939,0.176,0,0,Tuesday,2025,0
US,USD,EUR,mobile,122.26,122.26,2.34,0.925926,FALSE,low,954,0.576,0.332,0,0,Tuesday,2025,0
US,USD,EUR,mobile,132.98,132.98,2.6,0.925926,FALSE,standard,147,0.401,0.391,0,0,Tuesday,2025,0
US,USD,MXN,mobile,52.44,52.44,0.98,17.241379,FALSE,standard,298,0.336,0.166,8,0.2,Tuesday,2025,0
US,USD,PHP,mobile,169.48,169.48,3.13,58.823529,FALSE,enhanced,257,0.894,0.257,0,0.1,Tuesday,2025,0
US,USD,PHP,mobile,120.24,120.24,2.38,58.823529,FALSE,standard,1018,0.934,0.087,0,0.1,Tuesday,2025,0
US,USD,EUR,mobile,21.61,21.61,1.78,0.925926,FALSE,standard,298,0.336,0.166,0,0,Tuesday,2025,0
US,USD,NGN,mobile,185.11,185.11,3.44,1111.111111,FALSE,standard,298,0.336,0.166,0,0.25,Tuesday,2025,0
US,USD,EUR,web,208.79,208.79,3.74,0.925926,TRUE,standard,1018,0.934,0.087,0,0,Tuesday,2025,0
UK,GBP,MXN,mobile,215.82,410.97,110.92,21.551724,FALSE,unknown,718,0.68,0.169,0,0,Tuesday,2025,0
US,USD,INR,web,120.19,120.19,3.61,83.333333,FALSE,enhanced,367,0.789,0.176,0,0,Wednesday,2025,0
US,USD,USD,mobile,373.36,373.36,6.68,1,FALSE,standard,263,0.522,0.223,0,0,Wednesday,2025,0
US,USD,GBP,mobile,367.38,367.38,6.08,0.8,FALSE,standard,1018,0.934,0.087,0,0,Wednesday,2025,0
US,USD,USD,mobile,80.01,80.01,2.86,1,FALSE,standard,263,0.522,0.223,1,0,Wednesday,2025,0
US,USD,MXN,ATM,191.26,191.26,3.17,17.241379,TRUE,enhanced,367,0.939,0.176,1,0.2,Wednesday,2025,0
UK,GBP,EUR,mobile,73.94,92.42,3.07,1.157407,FALSE,standard,4,0.892,0.407,0,0.05,Wednesday,2025,0
US,USD,USD,mobile,59.09,59.09,2.26,1,TRUE,standard,147,0.551,0.391,0,0,Wednesday,2025,0
US,USD,PHP,mobile,72.61,72.61,2.6,58.823529,FALSE,standard,147,0.551,0.391,0,0.1,Wednesday,2025,0
US,USD,GBP,mobile,99.04,99.04,1.98,0.8,FALSE,standard,298,0.336,0.166,0,0,Thursday,2025,0
US,USD,INR,mobile,118.98,118.98,2.85,83.333333,FALSE,standard,263,0.522,0.223,0,0,Thursday,2025,0
US,USD,NGN,web,214.4,214.4,4.74,1111.111111,FALSE,standard,263,0.522,0.223,0,0.25,Thursday,2025,0
US,USD,USD,mobile,88.56,88.56,2.9,1,FALSE,enhanced,367,0.939,0.176,0,0,Thursday,2025,0
US,USD,CAD,mobile,75.22,75.22,2.58,1.351351,TRUE,standard,34,0.427,0.068,0,0,Thursday,2025,0
US,USD,USD,mobile,113.85,113.85,2.32,1,FALSE,standard,263,0.522,0.223,0,0,Thursday,2025,0
US,USD,EUR,mobile,206.99,206.99,4.15,0.925926,FALSE,standard,298,0.336,0.166,0,0,Thursday,2025,0
US,USD,MXN,web,347.29,347.29,6.36,17.241379,FALSE,standard,298,0.336,0.166,0,0.2,Thursday,2025,0
UK,GBP,MXN,web,106.36,132.94,1.86,21.551724,FALSE,standard,718,0.803,0.169,1,0,Thursday,2025,0
US,USD,USD,mobile,74.34,410.97,110.92,1,FALSE,unknown,298,0.68,0.166,4,0,Thursday,2025,0
US,USD,CNY,mobile,192.18,192.18,4.57,7.142857,FALSE,standard,1058,0.923,0.139,0,0,Thursday,2025,0
US,USD,EUR,ATM,39.8,39.8,2.01,0.925926,FALSE,standard,1016,0.944,0.247,1,0,Thursday,2025,0
US,USD,MXN,web,191.6,191.6,3.57,17.241379,FALSE,standard,263,0.372,0.223,0,0.2,Thursday,2025,0
US,USD,NGN,web,155.85,155.85,3.94,1111.111111,FALSE,standard,147,0.551,0.391,0,0.25,Thursday,2025,1
UK,GBP,USD,web,245.84,307.3,4.09,1.25,FALSE,standard,4,0.892,0.407,0,0,Thursday,2025,0
UK,GBP,INR,mobile,568.78,710.98,10.72,104.166667,FALSE,standard,4,0.892,0.407,0,0,-1,0,0
US,USD,INR,mobile,100.48,100.48,1.59,83.333333,FALSE,low,954,0.576,0.332,1,0,Friday,2025,0
US,USD,NGN,ATM,71.75,71.75,2.9,1111.111111,FALSE,standard,298,0.186,0.166,0,0.25,Friday,2025,0
US,USD,PHP,ATM,236.27,236.27,3.66,58.823529,FALSE,standard,147,0.551,0.391,1,0.1,Friday,2025,0
US,USD,EUR,mobile,9993.94,410.97,110.92,0.925926,FALSE,unknown,263,0.68,0.223,0,0,Friday,2025,0
US,USD,USD,mobile,212.37,212.37,3.98,1,FALSE,standard,298,0.336,0.166,0,0,Friday,2025,0
US,USD,PHP,mobile,161.29,161.29,3.79,58.823529,FALSE,standard,1018,0.934,0.087,7,0.1,Friday,2025,0
US,USD,CNY,mobile,103.6,103.6,2.4,7.142857,FALSE,standard,263,0.522,0.223,0,0,Friday,2025,0
US,USD,NGN,mobile,43.23,43.23,1.38,1111.111111,FALSE,standard,298,0.336,0.166,0,0.25,Friday,2025,0
US,USD,GBP,WEB,34.88,34.88,1.16,0.8,FALSE,enhanced,367,0.939,0.176,0,0,Saturday,2025,0
UK,GBP,CNY,mobile,175.86,219.83,3.31,8.928571,FALSE,standard,4,0.892,0.407,0,0,Saturday,2025,0
UK,GBP,NGN,mobile,298.61,373.26,6.65,1388.888889,FALSE,standard,4,0.892,0.407,0,0.22,Saturday,2025,0
UK,GBP,PHP,web,92.25,115.31,1.88,73.529412,FALSE,standard,4,0.892,0.407,0,0,Sunday,2025,0
CA,CAD,PHP,web,9998.24,7398.7,150.68,43.529412,FALSE,standard,947,0.625,0.268,0,0,Sunday,2025,0
US,USD,PHP,mobile,345.22,345.22,5.66,58.823529,FALSE,standard,1018,0.934,0.087,0,0.1,Sunday,2025,0
UK,GBP,CNY,mobile,82.19,102.74,2.28,8.928571,TRUE,standard,718,0.953,0.169,0,0,Sunday,2025,0
US,USD,CAD,mobile,71.36,71.36,1.74,1.351351,FALSE,standard,1018,0.934,0.087,0,0,Sunday,2025,0
US,USD,PHP,mobile,125.26,125.26,2.45,58.823529,FALSE,standard,298,0.336,0.166,0,0.1,Sunday,2025,0
CA,CAD,USD,mobile,-579.86,429.1,9999.99,0.74,FALSE,standard,947,-0.1,0.268,0,0,Sunday,2025,0
UK,GBP,CNY,mobile,84.8,106,2.99,8.928571,FALSE,standard,718,0.953,0.169,0,0,Sunday,2025,0
UK,GBP,CAD,mobile,145.97,182.46,3.57,1.689189,FALSE,standard,4,0.892,0.407,1,0,Thursday,2025,0
US,USD,CAD,mobile,88.77,88.77,1.71,1.351351,TRUE,standard,263,0.522,0.223,0,0,Monday,2025,0
UK,GBP,CAD,web,123.9,154.87,3.85,1.689189,FALSE,standard,4,0.892,0.407,0,0,Monday,2025,0
US,USD,PHP,ATM,298.79,298.79,6.24,58.823529,FALSE,standard,298,0.336,0.166,0,0.1,Monday,2025,0
US,USD,CNY,web,33.79,33.79,1.39,7.142857,FALSE,enhanced,257,0.894,0.257,0,0,Monday,2025,0
US,USD,PHP,mobile,177.48,177.48,3.26,58.823529,FALSE,standard,147,0.551,0.391,0,0.1,Monday,2025,0
US,USD,CNY,mobile,131.87,131.87,2.56,7.142857,FALSE,standard,1018,0.934,0.087,0,0,Monday,2025,0
US,USD,NGN,web,65.83,65.83,1.7,1111.111111,FALSE,standard,298,0.336,0.166,0,0.25,Monday,2025,0
US,USD,MXN,web,1032.78,1032.78,16.52,17.241379,FALSE,enhanced,257,0.894,0.257,0,0.2,Monday,2025,0
US,USD,NGN,mobile,97.66,97.66,2.47,1111.111111,FALSE,standard,298,0.336,0.166,0,0.25,Monday,2025,0
UK,GBP,USD,ATM,95.75,119.68,1.05,1.25,FALSE,standard,718,0.953,0.169,0,0,Monday,2025,0
US,USD,CNY,ATM,289.82,289.82,5.9,7.142857,FALSE,standard,147,0.551,0.391,0,0,Monday,2025,0
US,USD,INR,mobile,202.25,202.25,3.34,83.333333,FALSE,standard,263,0.372,0.223,0,0,Monday,2025,0
US,USD,GBP,web,463.05,463.05,7.81,0.8,FALSE,standard,263,0.522,0.223,0,0,Tuesday,2025,0
US,USD,NGN,mobile,178.62,178.62,4.57,1111.111111,FALSE,standard,298,0.336,0.166,0,0.25,Tuesday,2025,0
US,USD,CNY,mobile,36.38,36.38,1.17,7.142857,FALSE,enhanced,367,0.939,0.176,0,0,Tuesday,2025,0
US,USD,CAD,mobile,819.6,819.6,13.64,1.351351,FALSE,standard,34,0.277,0.068,0,0,Tuesday,2025,0
UK,GBP,EUR,mobile,240.68,300.85,4.71,1.157407,FALSE,standard,4,0.892,0.407,0,0.05,Tuesday,2025,0
UK,GBP,EUR,mobile,126.52,158.15,3.39,1.157407,FALSE,standard,718,0.953,0.169,1,0.05,Tuesday,2025,0
US,USD,CAD,web,277.7,277.7,5.43,1.351351,FALSE,standard,1018,0.934,0.087,0,0,Tuesday,2025,0
US,USD,USD,web,133.89,133.89,2.46,1,FALSE,standard,298,0.336,0.166,0,0,Wednesday,2025,0
CA,CAD,MXN,web,865.71,640.63,14.56,12.758621,FALSE,low,824,0.607,0.282,0,0,Wednesday,2025,0
UK,GBP,INR,web,207.36,259.2,4.13,104.166667,FALSE,standard,4,0.892,0.407,0,0,Wednesday,2025,0
US,USD,PHP,mobile,345.05,345.05,5.78,58.823529,FALSE,standard,859,0.96,0.363,0,0.1,Wednesday,2025,0
US,USD,NGN,mobile,117.04,117.04,2.64,1111.111111,FALSE,standard,1018,0.934,0.087,0,0.25,Wednesday,2025,0
US,USD,INR,mobile,175.86,175.86,3.43,83.333333,FALSE,enhanced,367,0.939,0.176,1,0,Wednesday,2025,0
US,USD,GBP,ATM,124.2,124.2,2.97,0.8,FALSE,standard,859,0.96,0.363,0,0,Wednesday,2025,0
 US  ,USD,CNY,WEB,104.34,104.34,3.38,7.142857,FALSE,standard,263,0.522,0.223,0,0,Wednesday,2025,0
US,USD,CAD,mobile,173.55,173.55,3.89,1.351351,FALSE,standard,1018,0.934,0.087,0,0,Wednesday,2025,0
US,USD,INR,ATM,92.18,92.18,1.99,83.333333,FALSE,standard,1018,0.934,0.087,0,0,Wednesday,2025,0
US,USD,USD,mobile,51.46,51.46,2.44,1,FALSE,standard,263,0.522,0.223,0,0,Wednesday,2025,0
UK,GBP,NGN,ATM,182.39,227.98,3.61,1388.888889,FALSE,standard,718,0.953,0.169,1,0.22,Monday,2025,0
UK,GBP,MXN,mobile,51.4,64.25,1.51,21.551724,FALSE,standard,4,0.892,0.407,0,0,Thursday,2025,0
US,USD,CAD,web,210.25,210.25,4.22,1.351351,FALSE,standard,263,0.372,0.223,0,0,Thursday,2025,0
US,USD,MXN,mobile,60.21,60.21,1.29,17.241379,FALSE,standard,298,0.336,0.166,0,0.2,Thursday,2025,0
US,USD,USD,mobile,68.96,68.96,1.73,1,FALSE,standard,147,0.551,0.391,1,0,Thursday,2025,0
 US  ,USD,NGN,MOBILE,483.92,483.92,7.81,1111.111111,TRUE,standard,263,0.522,0.223,0,0.25,Thursday,2025,0
UK,GBP,USD,mobile,61.29,76.61,2.17,1.25,FALSE,standard,4,0.892,0.407,0,0,Thursday,2025,0
US,USD,EUR,web,111.44,111.44,2.25,0.925926,FALSE,standard,263,0.522,0.223,1,0,Thursday,2025,0
UK,GBP,PHP,mobile,75.69,94.61,1.67,73.529412,FALSE,standard,4,0.892,0.407,1,0,Thursday,2025,0
US,USD,CAD,ATM,140.04,410.97,110.92,1.351351,FALSE,unknown,298,0.68,0.166,0,0,Thursday,2025,0
UK,GBP,USD,mobile,469.97,587.46,8.21,1.25,FALSE,standard,4,0.892,0.407,0,0,Friday,2025,0
US,USD,CNY,ATM,238.69,238.69,4.64,7.142857,FALSE,enhanced,257,0.894,0.257,0,0,Friday,2025,0
US,USD,CAD,mobile,26.88,26.88,1.25,1.351351,TRUE,enhanced,257,0.894,0.257,1,0,Friday,2025,0
UK,GBP,INR,mobile,41.43,51.79,1.54,104.166667,FALSE,standard,718,0.953,0.169,0,0,Friday,2025,0
UK,GBP,MXN,ATM,55.87,69.83,2.81,21.551724,FALSE,standard,4,0.892,0.407,1,0,Friday,2025,0
US,USD,PHP,mobile,69.09,69.09,1.4,58.823529,FALSE,standard,263,0.372,0.223,0,0.1,Friday,2025,0
US,USD,USD,mobile,181.92,181.92,3.59,1,FALSE,standard,298,0.336,0.166,0,0,Friday,2025,0
UK,GBP,GBP,mobile,430.05,537.57,6.32,1,FALSE,standard,4,0.892,0.407,0,0,Friday,2025,0
UK,GBP,INR,mobile,469.77,587.22,8.09,104.166667,FALSE,standard,4,0.892,0.407,0,0,Friday,2025,0
US,USD,CAD,web,50.49,50.49,1.37,1.351351,FALSE,standard,1018,0.934,0.087,0,0,Friday,2025,0
US,USD,CAD,web,58.82,58.82,1.06,1.351351,FALSE,standard,147,0.551,0.391,0,0,Friday,2025,0
CA,CAD,EUR,mobile,87.87,65.02,2.13,0.685185,FALSE,low,615,0.515,0.355,0,0,Saturday,2025,0
US,USD,INR,web,86.78,86.78,3.04,83.333333,FALSE,standard,1016,0.944,0.247,0,0,Saturday,2025,0
UK,GBP,NGN,mobile,192.63,240.79,4.78,1388.888889,FALSE,standard,4,0.892,0.407,0,0.22,Sunday,2025,0
US,USD,GBP,mobile,211.05,211.05,3.92,0.8,FALSE,enhanced,367,0.789,0.176,0,0,Sunday,2025,0
US,USD,INR,mobile,359.24,359.24,6.58,83.333333,FALSE,enhanced,367,0.939,0.176,0,0,Sunday,2025,0
US,USD,CAD,mobile,258.4,258.4,-1,1.351351,TRUE,standard,147,-0.1,0.391,1,0,Sunday,2025,0
US,USD,CAD,mobille,124.23,124.23,2.59,1.351351,FALSE,standard,298,0.336,0.166,0,0,Sunday,2025,0
US,USD,NGN,web,625.96,625.96,10.12,1111.111111,FALSE,standard,147,0.401,0.391,0,0.25,Sunday,2025,0
CA,CAD,PHP,web,-66.93,49.53,9999.99,43.529412,FALSE,low,824,-0.1,0.282,0,0,Sunday,2025,0
US,USD,USD,web,76.99,76.99,1.43,1,FALSE,standard,263,0.522,0.223,1,0,Sunday,2025,0
US,USD,EUR,web,124.14,124.14,2.84,0.925926,FALSE,standard,1018,0.934,0.087,0,0,Sunday,2025,0
US,USD,MXN,mobile,82.62,82.62,2.45,17.241379,FALSE,enhanced,661,0.77,0.259,0,0.2,Sunday,2025,0
UK,GBP,PHP,web,119.51,149.39,3.44,73.529412,FALSE,low,454,0.71,0.238,0,0,Sunday,2025,0
US,USD,EUR,mobile,71.46,71.46,2.01,0.925926,FALSE,standard,263,0.522,0.223,0,0,Monday,2025,0
US,USD,CNY,mobile,145.02,145.02,2.75,7.142857,FALSE,enhanced,367,0.939,0.176,0,0,Monday,2025,0
US,USD,INR,mobile,19.93,19.93,1.51,83.333333,FALSE,standard,298,0.336,0.166,0,0,Monday,2025,0
US,USD,PHP,mobile,175.84,175.84,3.72,58.823529,FALSE,standard,147,0.551,0.391,0,0.1,Monday,2025,0
UK,GBP,GBP,ATM,142.07,177.59,2.68,1,FALSE,standard,4,0.892,0.407,0,0,Monday,2025,0
 US  ,USD,EUR,WEB,124.17,124.17,2.81,0.925926,FALSE,standard,263,0.522,0.223,0,0,Monday,2025,0
US,USD,EUR,web,-141.5,141.5,9999.99,0.925926,FALSE,standard,830,-0.1,0.102,0,0,Monday,2025,0
UK,GBP,PHP,web,45.65,57.07,2.11,73.529412,FALSE,standard,718,0.953,0.169,0,0,Monday,2025,0
US,USD,MXN,mobile,382.13,382.13,7.27,17.241379,FALSE,standard,1016,0.944,0.247,0,0.2,Monday,2025,0
UK,GBP,CNY,web,112.23,140.28,3.15,8.928571,FALSE,standard,4,0.892,0.407,0,0,Tuesday,2025,0
US,USD,INR,ATM,77.98,77.98,2.73,83.333333,FALSE,standard,1018,0.934,0.087,0,0,Tuesday,2025,0
unknown,USD,NGN,unknown,110.08,110.08,2.5,1111.111111,FALSE,standard,298,0.336,0.166,0,0.25,Friday,2025,0
UK,GBP,USD,web,378.53,473.16,6.99,1.25,TRUE,standard,4,0.892,0.407,0,0,Tuesday,2025,0
CA,CAD,CAD,mobile,273.14,202.12,5.49,1,FALSE,low,615,0.515,0.355,0,0,Tuesday,2025,0
UK,GBP,INR,mobile,113.66,142.08,2.44,104.166667,TRUE,standard,4,0.892,0.407,1,0,Tuesday,2025,0
US,USD,CNY,mobile,57.12,410.97,110.92,7.142857,FALSE,unknown,1018,0.68,0.087,0,0,Tuesday,2025,0
US,USD,EUR,ATM,492.21,492.21,7.93,0.925926,FALSE,standard,147,0.551,0.391,3,0,Tuesday,2025,0
US,USD,INR,mobile,223.63,223.63,4.91,83.333333,FALSE,standard,1018,0.934,0.087,0,0,Wednesday,2025,0
US,USD,PHP,web,231.83,231.83,4.68,58.823529,FALSE,standard,263,0.522,0.223,0,0.1,Wednesday,2025,0
US,USD,USD,mobile,230.09,230.09,4.01,1,FALSE,enhanced,367,0.939,0.176,0,0,Wednesday,2025,0
US,USD,INR,mobile,299.6,299.6,5.55,83.333333,FALSE,low,616,0.702,0.361,0,0,Wednesday,2025,0
US,USD,USD,mobile,110.69,110.69,3.14,1,FALSE,standard,1018,0.934,0.087,0,0,Wednesday,2025,0
US,USD,EUR, mobile  ,47.55,47.55,1.33,0.925926,TRUE,standard,298,0.336,0.166,0,0,Wednesday,2025,0
CA,CAD,CAD,mobile,187.8,138.97,4.83,1,FALSE,standard,741,0.818,0.241,0,0,Wednesday,2025,0
US,USD,INR,mobile,333.98,333.98,5.46,83.333333,FALSE,enhanced,367,0.789,0.176,0,0,Wednesday,2025,0
US,USD,NGN,mobile,479.61,479.61,8.19,1111.111111,FALSE,standard,830,0.649,0.102,0,0.25,Thursday,2025,0
US,USD,GBP,mobile,617.43,617.43,9.29,0.8,FALSE,standard,1018,0.934,0.087,1,0,Thursday,2025,0
US,USD,CAD,mobile,42.8,42.8,1.25,1.351351,FALSE,standard,263,0.372,0.223,0,0,Thursday,2025,0
US,USD,EUR,mobile,122.72,122.72,3.25,0.925926,TRUE,standard,34,0.427,0.068,0,0,Thursday,2025,0
US,USD,NGN,mobile,260.02,260.02,4.53,1111.111111,FALSE,standard,147,0.551,0.391,1,0.25,Thursday,2025,0
UK,GBP,CNY,mobile,462.53,578.17,7.16,8.928571,FALSE,enhanced,803,0.882,0.285,0,0,Thursday,2025,0
US,USD,GBP,web,225.47,225.47,5.26,0.8,FALSE,standard,1018,0.934,0.087,0,0,Friday,2025,0
US,USD,USD,mobile,170.64,170.64,3.6,1,FALSE,standard,298,0.336,0.166,0,0,Friday,2025,0
US,USD,CAD,mobile,108.38,108.38,3.1,1.351351,FALSE,standard,1018,0.934,0.087,1,0,Friday,2025,0
US,USD,PHP,mobile,9997.49,9997.49,150.33,58.823529,FALSE,standard,1018,0.934,0.087,0,0.1,Friday,2025,0
UK,GBP,CNY,mobile,301.29,376.61,5.76,8.928571,FALSE,standard,4,0.892,0.407,0,0,Friday,2025,0
US,USD,MXN,ATM,210.11,210.11,3.63,17.241379,FALSE,standard,263,0.522,0.223,0,0.2,Friday,2025,0
US,USD,PHP,mobile,151.33,151.33,3.69,58.823529,FALSE,standard,263,0.372,0.223,0,0.1,Friday,2025,0
UK,GBP,NGN,web,274.44,343.05,4.71,1388.888889,FALSE,standard,4,0.892,0.407,0,0.22,Friday,2025,0
US,USD,CAD,mobile,757.38,757.38,10.86,1.351351,FALSE,enhanced,367,0.939,0.176,0,0,Friday,2025,0
UK,GBP,CNY,mobile,193.54,241.92,3.99,8.928571,FALSE,standard,4,0.892,0.407,0,0,Friday,2025,0
UK,GBP,MXN,ATM,430.05,537.56,6.8,21.551724,FALSE,standard,4,0.892,0.407,0,0,Friday,2025,0
UK,GBP,NGN,ATM,57.64,72.05,2.22,1388.888889,FALSE,standard,4,0.892,0.407,1,0.22,Friday,2025,0
US,USD,EUR,web,201.77,201.77,4.31,0.925926,FALSE,standard,298,0.336,0.166,0,0,-1,0,0
UK,GBP,NGN,mobile,51.96,64.95,1.91,1388.888889,FALSE,standard,684,0.683,0.241,4,0.22,Friday,2025,0
UK,GBP,CNY,mobile,40.25,50.31,1.73,8.928571,TRUE,standard,4,0.892,0.407,0,0,Saturday,2025,0
US,USD,INR,web,218.78,218.78,3.78,83.333333,FALSE,enhanced,257,0.894,0.257,0,0,Saturday,2025,1
US,USD,PHP,mobile,27.56,27.56,1.24,58.823529,FALSE,standard,1018,0.934,0.087,0,0.1,Saturday,2025,0
US,USD,EUR,mobile,35.19,35.19,1.1,0.925926,FALSE,standard,263,0.522,0.223,0,0,Saturday,2025,0
US,USD,PHP,mobile,364.71,364.71,7.48,58.823529,FALSE,standard,638,0.839,0.244,0,0.1,Saturday,2025,0
US,USD,USD,ATM,239.14,239.14,3.85,1,FALSE,standard,298,0.336,0.166,0,0,Saturday,2025,0
UK,GBP,CAD,mobile,23.82,29.78,1.2,1.689189,FALSE,standard,4,0.892,0.407,0,0,Saturday,2025,0
US,USD,USD,web,113.74,113.74,1.78,1,FALSE,enhanced,367,0.939,0.176,0,0,Saturday,2025,0
CA,CAD,GBP,mobile,54.74,40.5,1.05,0.592,FALSE,standard,947,0.625,0.268,0,0,Saturday,2025,0
US,USD,CAD,mobile,43.28,43.28,1.82,1.351351,FALSE,enhanced,257,0.894,0.257,0,0,Saturday,2025,0
US,USD,INR,web,-67.99,67.99,9999.99,83.333333,FALSE,standard,263,-0.1,0.223,1,0,Saturday,2025,0
UK,GBP,CAD,mobile,-862.99,1078.73,9999.99,1.689189,FALSE,standard,4,-0.1,0.407,0,0,Saturday,2025,0
US,USD,USD,web,64.33,64.33,1.99,1,FALSE,standard,1018,0.934,0.087,0,0,Sunday,2025,0
US,USD,CAD,mobile,57.23,57.23,1.36,1.351351,FALSE,standard,298,0.186,0.166,0,0,Sunday,2025,0
US,USD,EUR,web,119.46,119.46,2.29,0.925926,FALSE,standard,147,0.401,0.391,0,0,Sunday,2025,0
US,USD,CAD,mobile,9992.05,9992.05,150.56,1.351351,FALSE,standard,263,0.522,0.223,0,0,Sunday,2025,0
US,USD,MXN,mobile,265.57,265.57,5.27,17.241379,FALSE,standard,1016,0.944,0.247,0,0.2,Sunday,2025,0
US,USD,PHP,web,103.44,103.44,3.49,58.823529,FALSE,standard,263,0.522,0.223,0,0.1,Sunday,2025,0
US,USD,CAD,mobile,45.73,45.73,1.97,1.351351,FALSE,enhanced,367,0.939,0.176,0,0,Sunday,2025,0
CA,CAD,USD,mobile,34.28,25.37,1.59,0.74,FALSE,low,824,0.607,0.282,0,0,Sunday,2025,0
US,USD,CNY,mobile,69.04,69.04,0.73,7.142857,FALSE,standard,147,0.551,0.391,0,0,Sunday,2025,0
US,USD,NGN,web,220.75,220.75,3.76,1111.111111,FALSE,enhanced,367,0.939,0.176,0,0.25,Sunday,2025,0
US,USD,GBP,mobile,225.86,225.86,4.15,0.8,FALSE,standard,263,0.522,0.223,0,0,Sunday,2025,0
US,USD,USD,mobile,97.36,97.36,2.63,1,FALSE,enhanced,257,0.894,0.257,0,0,Sunday,2025,0
US,USD,USD,web,135.65,135.65,3.96,1,FALSE,enhanced,257,0.894,0.257,0,0,Monday,2025,0
US,USD,MXN,mobile,352.2,352.2,6.3,17.241379,FALSE,standard,1018,0.934,0.087,0,0.2,Monday,2025,0
US,USD,CAD,mobile,59.03,59.03,0.71,1.351351,FALSE,enhanced,257,0.894,0.257,0,0,Monday,2025,0
US,USD,CNY,web,113.54,113.54,2.06,7.142857,FALSE,standard,298,0.336,0.166,0,0,Monday,2025,0
US,USD,CNY,web,127.96,127.96,3.33,7.142857,FALSE,low,458,0.52,0.005,0,0,Monday,2025,0
US,USD,INR,ATM,156.8,156.8,3.95,83.333333,FALSE,enhanced,257,0.894,0.257,0,0,Monday,2025,0
US,USD,NGN,ATM,1349.6,1349.6,20.59,1111.111111,FALSE,standard,1018,0.934,0.087,2,0.25,Monday,2025,0
US,USD,NGN,mobile,78.84,78.84,2.28,1111.111111,FALSE,standard,1018,0.934,0.087,0,0.25,Monday,2025,0
UK,GBP,INR,mobile,165.61,207.01,2.53,104.166667,FALSE,standard,718,0.953,0.169,1,0,Monday,2025,0
UK,GBP,USD,web,150.55,188.19,3.66,1.25,FALSE,standard,4,0.892,0.407,0,0,Monday,2025,0
CA,CAD,NGN,mobile,159.88,118.31,3.2,822.222222,FALSE,standard,947,0.625,0.268,0,0,Tuesday,2025,0
US,USD,PHP,web,216.13,410.97,110.92,58.823529,FALSE,unknown,367,0.68,0.176,0,0.1,Tuesday,2025,0
US,USD,NGN,mobile,260.21,260.21,3.87,1111.111111,FALSE,standard,147,0.551,0.391,0,0.25,Tuesday,2025,0
CA,CAD,GBP,mobile,43.51,32.2,1.95,0.592,FALSE,standard,947,0.625,0.268,1,0,Tuesday,2025,0
US,USD,PHP,mobile,78.79,78.79,2.07,58.823529,FALSE,standard,263,0.522,0.223,0,0.1,Tuesday,2025,0
US,USD,GBP,web,243.83,243.83,5.27,0.8,FALSE,standard,1018,0.934,0.087,0,0,Tuesday,2025,0
UK,GBP,INR,web,252.73,315.91,6.16,104.166667,FALSE,standard,4,0.892,0.407,0,0,Wednesday,2025,1
US,USD,USD,mobile,48.43,48.43,1.65,1,FALSE,low,415,0.568,0.304,0,0,Wednesday,2025,0
US,USD,EUR,MOBILE,585.11,585.11,9,0.925926,FALSE,standard,147,0.551,0.391,0,0,Wednesday,2025,0
US,USD,CNY,mobile,178.54,178.54,2.89,7.142857,FALSE,standard,1016,0.944,0.247,0,0,Wednesday,2025,0
US,USD,NGN,ATM,83.52,83.52,2.03,1111.111111,FALSE,enhanced,257,0.894,0.257,0,0.25,Wednesday,2025,0
CA,CAD,PHP,mobile,384.28,284.37,6.66,43.529412,FALSE,standard,947,0.475,0.268,0,0,Wednesday,2025,0
US,USD,INR,mobile,230.17,230.17,4.08,83.333333,FALSE,standard,859,0.96,0.363,0,0,Wednesday,2025,0
US,USD,USD,mobile,74.68,74.68,1.93,1,FALSE,standard,1018,0.934,0.087,0,0,Wednesday,2025,0
US,USD,INR,mobile,459.56,459.56,7.47,83.333333,FALSE,standard,859,0.96,0.363,0,0,Wednesday,2025,0
US,USD,GBP,mobile,388.18,388.18,6.28,0.8,FALSE,enhanced,367,0.939,0.176,0,0,Thursday,2025,0
US,USD,CNY,ATM,214.28,214.28,3.88,7.142857,FALSE,standard,263,0.522,0.223,0,0,Thursday,2025,0
US,USD,NGN,ATM,246.24,246.24,4.95,1111.111111,FALSE,standard,263,0.522,0.223,0,0.25,Thursday,2025,0
UK,GBP,USD,mobile,194.96,243.7,4.03,1.25,FALSE,standard,4,0.892,0.407,0,0,Thursday,2025,0
UK,GBP,INR,web,281.89,352.36,4.48,104.166667,FALSE,standard,4,0.892,0.407,0,0,Thursday,2025,0
UK,GBP,USD,web,92.35,115.44,2.32,1.25,FALSE,standard,4,0.742,0.407,0,0,Thursday,2025,0
UK,GBP,MXN,mobile,288.68,360.85,5.34,21.551724,FALSE,standard,4,0.892,0.407,0,0,Thursday,2025,0
US,USD,CNY,mobile,44.02,44.02,0.75,7.142857,FALSE,standard,263,0.372,0.223,0,0,Thursday,2025,0
CA,CAD,EUR,mobile,222.27,164.48,4.31,0.685185,FALSE,standard,272,0.792,0.048,0,0,Thursday,2025,0
US,USD,MXN,mobile,292.03,292.03,4.61,17.241379,FALSE,enhanced,257,0.894,0.257,0,0.2,Thursday,2025,0
CA,CAD,EUR,mobile,232.98,172.41,4.2,0.685185,FALSE,low,824,0.607,0.282,0,0,Thursday,2025,0
US,USD,CAD,mobile,89.51,89.51,1.88,1.351351,FALSE,standard,298,0.336,0.166,0,0,Friday,2025,0
UK,GBP,EUR,web,144.4,180.5,3.66,1.157407,FALSE,standard,4,0.892,0.407,1,0.05,Friday,2025,0
US,USD,NGN,web,64.6,64.6,0.82,1111.111111,FALSE,standard,147,0.551,0.391,0,0.25,Friday,2025,0
US,USD,CNY,ATM,251.77,251.77,4.84,7.142857,FALSE,standard,298,0.336,0.166,1,0,Friday,2025,0
US,USD,INR,mobile,80.63,80.63,2.35,83.333333,FALSE,standard,298,0.336,0.166,1,0,Friday,2025,0
UK,GBP,INR,web,248.69,310.87,5.23,104.166667,TRUE,standard,718,0.953,0.169,0,0,Friday,2025,0
US,USD,CNY,mobile,130.3,130.3,3.37,7.142857,TRUE,standard,263,0.522,0.223,0,0,Friday,2025,0
US,USD,CAD,ATM,75.08,75.08,2.67,1.351351,FALSE,standard,1018,0.934,0.087,0,0,Friday,2025,0
US,USD,NGN,web,68.87,68.87,2.5,1111.111111,TRUE,enhanced,367,0.939,0.176,0,0.25,Friday,2025,0
US,USD,USD,mobile,285.66,285.66,5.42,1,TRUE,standard,147,0.551,0.391,0,0,Friday,2025,0
CA,CAD,CAD,mobile,316.06,233.88,5.32,1,FALSE,low,824,0.607,0.282,0,0,Friday,2025,0
UK,GBP,MXN,ATM,120.48,150.6,2.35,21.551724,TRUE,standard,4,0.892,0.407,0,0,Friday,2025,0
US,USD,CNY,web,87,87,3.48,7.142857,FALSE,standard,298,0.336,0.166,0,0,Friday,2025,0
US,USD,CAD,mobile,213.24,213.24,4.37,1.351351,FALSE,standard,992,0.627,0.155,0,0,Saturday,2025,0
US,USD,GBP,web,375.35,375.35,6.2,0.8,FALSE,standard,298,0.336,0.166,0,0,Saturday,2025,0
US,USD,CNY,web,383.67,383.67,6.8,7.142857,FALSE,enhanced,367,0.939,0.176,0,0,Saturday,2025,0
CA,CAD,USD,mobile,47.61,35.23,1.17,0.74,FALSE,standard,947,0.475,0.268,0,0,Saturday,2025,0
UK,GBP,CNY,mobile,89.01,111.26,1.53,8.928571,FALSE,standard,4,0.892,0.407,0,0,Saturday,2025,0
UK,GBP,USD,mobile,32.14,40.17,1.77,1.25,FALSE,standard,718,0.953,0.169,0,0,Saturday,2025,0
US,USD,NGN,mobile,297.76,297.76,4.87,1111.111111,FALSE,standard,1018,0.934,0.087,0,0.25,Sunday,2025,0
US,USD,PHP,mobile,221.46,221.46,4.58,58.823529,TRUE,standard,147,0.551,0.391,0,0.1,Sunday,2025,0
US,USD,MXN,mobile,306.73,306.73,5.3,17.241379,FALSE,standard,263,0.522,0.223,0,0.2,Sunday,2025,0
CA,CAD,NGN,web,-125.82,93.11,9999.99,822.222222,FALSE,standard,947,-0.1,0.268,0,0,Sunday,2025,0
US,USD,NGN,web,427.38,427.38,7.34,1111.111111,TRUE,enhanced,257,0.894,0.257,0,0.25,Sunday,2025,0
US,USD,CNY,mobile,128.33,128.33,3.16,7.142857,FALSE,enhanced,257,0.894,0.257,0,0,Sunday,2025,0
US,USD,CNY,mobile,156.73,156.73,3.06,7.142857,FALSE,standard,263,0.522,0.223,1,0,Sunday,2025,0
US,USD,NGN,mobile,66.07,66.07,2.07,1111.111111,FALSE,enhanced,367,0.939,0.176,0,0.25,Monday,2025,0
US,USD,NGN,web,165.05,165.05,3.08,1111.111111,FALSE,enhanced,367,0.939,0.176,0,0.25,Monday,2025,0
UK,GBP,USD,mobile,222.46,278.07,3.97,1.25,TRUE,standard,4,0.892,0.407,0,0,Monday,2025,0
US,USD,USD,mobile,472.14,472.14,7.62,1,FALSE,standard,263,0.522,0.223,0,0,Monday,2025,0
US,USD,USD,web,83.42,83.42,1.93,1,FALSE,enhanced,257,0.894,0.257,0,0,Monday,2025,0
CA,CAD,NGN,mobile,214.49,158.73,3.73,822.222222,FALSE,low,615,0.515,0.355,0,0,Tuesday,2025,0
US,USD,PHP,web,747.19,747.19,12.19,58.823529,FALSE,standard,263,0.522,0.223,0,0.1,Tuesday,2025,0
US,USD,USD,mobile,757.74,757.74,11.77,1,FALSE,standard,147,0.551,0.391,0,0,Tuesday,2025,0
US,USD,PHP,web,56.18,56.18,1.72,58.823529,FALSE,standard,263,0.522,0.223,0,0.1,Tuesday,2025,0
US,USD,USD,mobile,299.55,299.55,6.41,1,FALSE,enhanced,257,0.894,0.257,0,0,Tuesday,2025,0
UK,GBP,GBP,web,79.15,98.94,1.73,1,FALSE,low,969,0.398,0.365,0,0,Tuesday,2025,0
UK,GBP,NGN,mobile,91.96,114.95,2.48,1388.888889,TRUE,standard,4,0.892,0.407,0,0.22,Tuesday,2025,1
US,USD,GBP,mobile,185.17,185.17,3.22,0.8,FALSE,enhanced,257,0.894,0.257,0,0,Tuesday,2025,0
US,USD,GBP,mobile,315.7,315.7,5.61,0.8,TRUE,standard,263,0.372,0.223,0,0,Tuesday,2025,0
US,USD,MXN,web,241.03,241.03,5.25,17.241379,FALSE,standard,298,0.336,0.166,0,0.2,Tuesday,2025,0
US,USD,CAD,web,9997.44,9997.44,150.46,1.351351,FALSE,enhanced,367,0.939,0.176,0,0,Tuesday,2025,0
US,USD,USD,web,51.61,51.61,1.95,1,FALSE,standard,298,0.336,0.166,0,0,Wednesday,2025,0
US,USD,PHP,mobile,149.16,149.16,2.92,58.823529,FALSE,standard,34,0.277,0.068,0,0.1,Wednesday,2025,0
US,USD,NGN,mobile,401.89,401.89,7.29,1111.111111,FALSE,enhanced,367,0.939,0.176,0,0.25,Wednesday,2025,0
US,USD,GBP,mobile,207.85,207.85,5,0.8,FALSE,standard,298,0.336,0.166,0,0,Wednesday,2025,0
unknown,USD,USD,mobille,63.28,63.28,1.84,1,FALSE,standard,263,0.522,0.223,0,0,Wednesday,2025,0
US,USD,NGN,mobile,184.55,184.55,4.3,1111.111111,FALSE,standard,263,0.522,0.223,1,0.25,Wednesday,2025,0
CA,CAD,EUR,mobile,184.4,136.45,3.76,0.685185,FALSE,standard,947,0.625,0.268,0,0,Wednesday,2025,0
US,USD,MXN,mobile,328.62,328.62,5.85,17.241379,FALSE,enhanced,257,0.744,0.257,8,0.2,Wednesday,2025,0
US,USD,NGN,web,99.07,99.07,3.02,1111.111111,FALSE,enhanced,257,0.744,0.257,0,0.25,Thursday,2025,0
CA,CAD,GBP,mobile,132.61,410.97,110.92,0.592,FALSE,unknown,947,0.68,0.268,1,0,Thursday,2025,0
UK,GBP,INR,ATM,99.78,124.73,3.42,104.166667,FALSE,standard,718,0.953,0.169,0,0,Thursday,2025,0
US,USD,CNY,mobile,-292.57,292.57,9999.99,7.142857,FALSE,enhanced,367,-0.1,0.176,0,0,Thursday,2025,0
US,USD,EUR,mobile,120.34,120.34,2.68,0.925926,TRUE,standard,298,0.336,0.166,0,0,Thursday,2025,0
US,USD,EUR,mobile,188.19,188.19,4.07,0.925926,FALSE,standard,147,0.551,0.391,0,0,Friday,2025,0
US,USD,USD,mobile,309.98,309.98,6.22,1,FALSE,standard,147,0.551,0.391,0,0,Friday,2025,0
UK,GBP,GBP,web,403.74,504.68,7.14,1,FALSE,standard,4,0.892,0.407,0,0,Friday,2025,0
US,USD,EUR,mobile,82.29,82.29,2.83,0.925926,FALSE,standard,263,0.522,0.223,0,0,Friday,2025,0
US,USD,PHP,web,240.63,240.63,4.85,58.823529,TRUE,enhanced,257,0.894,0.257,0,0.1,Friday,2025,0
US,USD,EUR,mobile,132.82,132.82,3.71,0.925926,FALSE,standard,263,0.372,0.223,0,0,Friday,2025,0
US,USD,EUR,mobile,22.72,22.72,0.77,0.925926,FALSE,standard,263,0.522,0.223,0,0,Tuesday,2025,0
US,USD,MXN,mobile,121.07,121.07,2.56,17.241379,FALSE,standard,1016,0.794,0.247,0,0.2,Friday,2025,0
UK,GBP,CAD,mobile,105.32,131.65,2.86,1.689189,TRUE,standard,4,0.892,0.407,0,0,Saturday,2025,0
US,USD,PHP,mobile,77.46,77.46,1.93,58.823529,FALSE,standard,34,0.427,0.068,0,0.1,Sunday,2025,0
US,USD,GBP,mobile,185.2,185.2,4.03,0.8,FALSE,enhanced,367,0.939,0.176,0,0,Saturday,2025,0
US,USD,CNY,web,201.34,201.34,4.11,7.142857,FALSE,enhanced,257,0.894,0.257,0,0,Saturday,2025,0
US,USD,CNY,mobile,108.08,108.08,2.89,7.142857,TRUE,standard,298,0.336,0.166,0,0,Saturday,2025,0
US,USD,EUR,mobile,26.96,26.96,0.94,0.925926,FALSE,enhanced,367,0.939,0.176,0,0,Saturday,2025,0
US,USD,PHP,mobile,299.53,299.53,5.76,58.823529,FALSE,standard,859,0.96,0.363,0,0.1,Saturday,2025,1
US,USD,MXN,mobile,77.47,77.47,2.15,17.241379,FALSE,low,616,0.702,0.361,0,0.2,Saturday,2025,0
US,USD,EUR,mobile,112.23,112.23,1.49,0.925926,FALSE,standard,263,0.522,0.223,0,0,Saturday,2025,0
US,USD,MXN,mobile,78.48,78.48,2.59,17.241379,TRUE,standard,298,0.336,0.166,0,0.2,Saturday,2025,1
US,USD,CNY,mobile,133.11,133.11,2.28,7.142857,FALSE,standard,830,0.799,0.102,0,0,Saturday,2025,0
US,USD,USD, mobile  ,147.15,147.15,3.31,1,FALSE,standard,298,0.336,0.166,0,0,Saturday,2025,0
US,USD,GBP,mobile,216,216,4.71,0.8,TRUE,enhanced,367,0.789,0.176,0,0,Saturday,2025,0
US,USD,CNY,mobile,205.75,205.75,4.2,7.142857,FALSE,standard,34,0.427,0.068,0,0,Saturday,2025,0
US,USD,CAD,mobile,237.12,237.12,3.82,1.351351,FALSE,standard,298,0.336,0.166,0,0,Sunday,2025,0
US,USD,PHP,mobile,93.21,93.21,2.66,58.823529,TRUE,enhanced,257,0.894,0.257,0,0.1,Sunday,2025,0
US,USD,USD,web,335.17,335.17,5.36,1,FALSE,standard,1018,0.934,0.087,0,0,Sunday,2025,0
UK,GBP,INR,mobile,87.05,108.81,2.15,104.166667,TRUE,standard,718,0.953,0.169,0,0,Sunday,2025,0
US,USD,GBP,mobile,43,43,2.54,0.8,FALSE,standard,1018,0.934,0.087,0,0,Sunday,2025,0
US,USD,PHP,web,103.65,103.65,1.97,58.823529,FALSE,standard,1016,0.944,0.247,0,0.1,Sunday,2025,0
UK,GBP,CAD,mobile,133.69,167.11,3.78,1.689189,FALSE,standard,718,0.953,0.169,1,0,Sunday,2025,0
US,USD,NGN,mobile,35.49,35.49,1.4,1111.111111,TRUE,enhanced,367,0.939,0.176,0,0.25,Sunday,2025,0
US,USD,INR,mobile,41.89,41.89,1.3,83.333333,FALSE,standard,263,0.522,0.223,0,0,Monday,2025,0
US,USD,NGN,mobile,947.88,947.88,15.49,1111.111111,FALSE,enhanced,367,0.789,0.176,1,0.25,Monday,2025,0
US,USD,NGN,mobile,456.71,456.71,7.21,1111.111111,FALSE,standard,147,0.551,0.391,0,0.25,Monday,2025,0
US,USD,INR,web,9997.14,9997.14,150.39,83.333333,FALSE,standard,1018,0.934,0.087,1,0,Monday,2025,0
US,USD,INR,mobile,75.58,75.58,2.08,83.333333,FALSE,standard,34,0.427,0.068,0,0,Tuesday,2025,0
CA,CAD,NGN,ATM,588.29,435.34,9.67,822.222222,FALSE,low,824,0.607,0.282,0,0,Tuesday,2025,0
US,USD,GBP,web,113.74,113.74,2.21,0.8,FALSE,standard,1016,0.944,0.247,0,0,Tuesday,2025,0
US,USD,CAD,web,97.82,97.82,2.25,1.351351,FALSE,enhanced,257,0.894,0.257,7,0,Tuesday,2025,0
UK,GBP,NGN,mobile,229.47,286.84,5.73,1388.888889,FALSE,standard,718,0.953,0.169,0,0.22,Tuesday,2025,0
US,USD,MXN,ATM,149.49,149.49,2.97,17.241379,FALSE,standard,147,0.551,0.391,0,0.2,Tuesday,2025,0
US,USD,GBP,mobile,120.65,120.65,2.55,0.8,TRUE,enhanced,257,0.894,0.257,0,0,Tuesday,2025,0
UK,GBP,PHP,ATM,168.45,210.56,3.9,73.529412,FALSE,standard,718,0.953,0.169,0,0,Tuesday,2025,0
CA,CAD,USD,web,708.65,524.4,12.01,0.74,FALSE,low,824,0.607,0.282,0,0,Tuesday,2025,0
US,USD,CNY,mobile,251.05,251.05,5.06,7.142857,FALSE,enhanced,367,0.939,0.176,0,0,Tuesday,2025,0
US,USD,USD,web,144.29,144.29,2.83,1,FALSE,standard,1018,0.934,0.087,0,0,Tuesday,2025,0
US,USD,GBP,ATM,243.4,243.4,4.34,0.8,FALSE,enhanced,661,0.92,0.259,0,0,Tuesday,2025,0
US,USD,EUR,mobile,138.37,138.37,3.87,0.925926,FALSE,standard,1018,0.934,0.087,0,0,Wednesday,2025,0
CA,CAD,CNY,web,9995.97,7397.02,150.5,5.285714,TRUE,low,615,0.515,0.355,0,0,Wednesday,2025,0
US,USD,PHP,mobile,476.63,476.63,8.47,58.823529,FALSE,standard,263,0.522,0.223,0,0.1,Wednesday,2025,0
UK,GBP,GBP,web,267.15,333.93,6.12,1,FALSE,standard,4,0.892,0.407,0,0,Wednesday,2025,0
UK,GBP,CAD,mobile,312.46,390.58,4.88,1.689189,FALSE,standard,4,0.892,0.407,0,0,Wednesday,2025,0
UK,GBP,MXN,mobile,107.76,134.7,2.57,21.551724,FALSE,standard,718,0.953,0.169,0,0,Wednesday,2025,0
US,USD,MXN,web,307.3,307.3,4.87,17.241379,FALSE,enhanced,257,0.894,0.257,0,0.2,Thursday,2025,0
US,USD,GBP,mobile,488.23,488.23,8.37,0.8,FALSE,enhanced,367,0.939,0.176,1,0,Thursday,2025,0
UK,GBP,CAD,web,352.38,440.48,7.09,1.689189,FALSE,standard,4,0.892,0.407,0,0,Thursday,2025,0
US,USD,CNY,mobile,219.1,219.1,3.73,7.142857,TRUE,standard,859,0.96,0.363,0,0,Thursday,2025,0
US,USD,INR,ATM,252.65,252.65,4.44,83.333333,FALSE,standard,263,0.522,0.223,1,0,Thursday,2025,0
US,USD,PHP,web,29.4,29.4,1.22,58.823529,FALSE,standard,263,0.522,0.223,0,0.1,Thursday,2025,0
CA,CAD,MXN,unknown,64.69,47.87,2.58,12.758621,FALSE,standard,717,0.696,0.393,0,0,Thursday,2025,0
US,USD,NGN,mobile,289.75,289.75,5.63,1111.111111,FALSE,standard,147,0.401,0.391,0,0.25,Thursday,2025,0
US,USD,EUR,mobile,146.9,146.9,3.78,0.925926,FALSE,standard,263,0.522,0.223,0,0,Thursday,2025,0
US,USD,USD,web,166.42,166.42,3.02,1,FALSE,standard,298,0.336,0.166,0,0,Thursday,2025,0
US,USD,CAD,mobile,80.28,80.28,2.54,1.351351,FALSE,standard,263,0.522,0.223,0,0,Friday,2025,0
CA,CAD,MXN,mobile,145.48,107.66,3.57,12.758621,FALSE,low,824,0.607,0.282,0,0,Friday,2025,0
US,USD,CAD,mobile,522.54,522.54,8.71,1.351351,FALSE,standard,298,0.336,0.166,0,0,Friday,2025,0
US,USD,USD,ATM,339.64,339.64,5.79,1,FALSE,standard,1018,0.934,0.087,1,0,Friday,2025,0
US,USD,GBP,web,213.65,213.65,4.63,0.8,FALSE,standard,263,0.372,0.223,0,0,Friday,2025,0
US,USD,USD,mobile,187.47,187.47,3.83,1,FALSE,enhanced,367,0.939,0.176,0,0,Friday,2025,0
UK,GBP,CAD,mobile,41.04,51.3,2.2,1.689189,FALSE,standard,4,0.892,0.407,0,0,Friday,2025,0
US,USD,EUR,mobile,175.36,175.36,3.11,0.925926,FALSE,standard,298,0.336,0.166,0,0,Friday,2025,0
US,USD,PHP,mobile,78.54,78.54,2.83,58.823529,FALSE,standard,263,0.522,0.223,0,0.1,Friday,2025,0
US,USD,INR,mobile,75.68,75.68,3.18,83.333333,TRUE,standard,263,0.522,0.223,0,0,Friday,2025,0
US,USD,CAD,web,190.17,190.17,3.24,1.351351,FALSE,standard,1016,0.944,0.247,0,0,Saturday,2025,0
US,USD,GBP,mobile,41.46,41.46,1.94,0.8,FALSE,standard,147,0.551,0.391,0,0,Saturday,2025,0
US,USD,GBP,mobile,73.55,73.55,1.77,0.8,FALSE,standard,1018,0.934,0.087,0,0,Saturday,2025,0
US,USD,GBP,web,138.07,138.07,2.28,0.8,FALSE,standard,298,0.336,0.166,0,0,Saturday,2025,0
US,USD,PHP,mobile,92.13,92.13,2.49,58.823529,TRUE,enhanced,367,0.939,0.176,0,0.1,Saturday,2025,0
US,USD,EUR,mobile,162.33,162.33,3.42,0.925926,FALSE,standard,1018,0.934,0.087,0,0,Saturday,2025,0
US,USD,GBP,mobile,432.48,410.97,110.92,0.8,FALSE,unknown,263,0.68,0.223,0,0,Sunday,2025,0
US,USD,CNY,web,137.15,137.15,3.47,7.142857,FALSE,standard,298,0.336,0.166,0,0,Tuesday,2025,0
US,USD,INR,web,321.87,321.87,6.44,83.333333,FALSE,standard,819,0.809,0.107,0,0,Sunday,2025,0
CA,CAD,NGN,mobile,47.44,35.11,2.31,822.222222,FALSE,low,824,0.607,0.282,0,0,Sunday,2025,0
US,USD,USD,web,9997.78,9997.78,151.17,1,FALSE,standard,147,0.551,0.391,0,0,Sunday,2025,0
US,USD,CNY,mobile,342.75,342.75,6.46,7.142857,TRUE,enhanced,367,0.939,0.176,0,0,Sunday,2025,0
CA,CAD,CAD,mobile,303.5,224.59,5.14,1,FALSE,standard,172,0.881,0.199,0,0,Sunday,2025,0
US,USD,INR,web,167.93,167.93,3.67,83.333333,FALSE,standard,263,0.522,0.223,8,0,Sunday,2025,0
CA,CAD,MXN,web,-60.93,45.09,9999.99,12.758621,FALSE,standard,947,-0.1,0.268,0,0,Sunday,2025,0
US,USD,CNY,mobile,107.1,107.1,2.8,7.142857,FALSE,standard,298,0.336,0.166,0,0,Friday,2025,0
US,USD,PHP,web,77.86,77.86,1.46,58.823529,TRUE,standard,34,0.427,0.068,0,0.1,Sunday,2025,0
US,USD,INR,ATM,282.06,282.06,4.41,83.333333,FALSE,enhanced,367,0.939,0.176,0,0,Sunday,2025,0
UK,GBP,USD,mobile,105.18,410.97,110.92,1.25,FALSE,unknown,4,0.68,0.407,0,0,Monday,2025,0
US,USD,PHP,mobile,9990.52,9990.52,151.14,58.823529,FALSE,standard,263,0.372,0.223,0,0.1,Monday,2025,0
CA,CAD,USD,web,40.73,30.14,1.95,0.74,FALSE,standard,947,0.625,0.268,0,0,Monday,2025,0
CA,CAD,EUR,mobile,206.58,152.87,3.32,0.685185,FALSE,low,615,0.515,0.355,0,0,Monday,2025,0
US,USD,INR,web,132.5,132.5,3.49,83.333333,FALSE,enhanced,257,0.744,0.257,0,0,Monday,2025,0
US,USD,INR,mobile,343.13,343.13,6.36,83.333333,FALSE,standard,263,0.522,0.223,0,0,Monday,2025,0
US,USD,CNY,mobile,367.48,367.48,6.53,7.142857,FALSE,standard,147,0.551,0.391,0,0,Monday,2025,0
US,USD,CAD,web,456.29,456.29,7.68,1.351351,FALSE,standard,263,0.522,0.223,0,0,Monday,2025,0
US,USD,INR,mobile,267.91,267.91,6.08,83.333333,FALSE,enhanced,367,0.939,0.176,1,0,Monday,2025,0
US,USD,INR,mobile,782.37,782.37,12.55,83.333333,FALSE,standard,298,0.336,0.166,0,0,Monday,2025,0
CA,CAD,NGN,mobile,199.53,147.65,3.65,822.222222,FALSE,low,1066,0.522,0,0,0,Monday,2025,0
UK,GBP,NGN,mobile,59.53,74.41,1.77,1388.888889,FALSE,standard,4,0.892,0.407,0,0.22,Monday,2025,0
US,USD,PHP,ATM,728.23,728.23,12.77,58.823529,FALSE,standard,1016,0.944,0.247,0,0.1,Tuesday,2025,0
CA,CAD,CNY,web,446.14,330.15,7.89,5.285714,FALSE,standard,172,0.881,0.199,0,0,Tuesday,2025,0
CA,CAD,USD,mobile,250.68,185.51,5.65,0.74,TRUE,low,615,0.515,0.355,0,0,Tuesday,2025,0
US,USD,PHP,mobile,29.01,29.01,2.3,58.823529,FALSE,low,616,0.702,0.361,0,0.1,Wednesday,2025,0
US,USD,CAD,web,49.37,49.37,1.05,1.351351,FALSE,enhanced,367,0.939,0.176,0,0,Wednesday,2025,0
US,USD,EUR,web,103.22,103.22,2.5,0.925926,FALSE,standard,1016,0.944,0.247,0,0,Wednesday,2025,0
US,USD,USD,mobile,225.12,225.12,4.69,1,FALSE,standard,298,0.336,0.166,0,0,Wednesday,2025,0
US,USD,USD,mobile,114.13,114.13,1.64,1,FALSE,standard,298,0.336,0.166,0,0,Wednesday,2025,0
US,USD,GBP,mobile,235.5,235.5,4.29,0.8,FALSE,enhanced,367,0.939,0.176,0,0,Thursday,2025,0
US,USD,NGN,mobile,152.14,410.97,110.92,1111.111111,FALSE,unknown,263,0.68,0.223,0,0.25,Thursday,2025,0
US,USD,INR,mobile,138.07,138.07,2.25,83.333333,FALSE,standard,830,0.799,0.102,1,0,Thursday,2025,0
UK,GBP,USD,web,72.06,90.07,1.65,1.25,FALSE,standard,718,0.953,0.169,1,0,Thursday,2025,0
UK,GBP,CAD,mobile,225.52,281.9,4.47,1.689189,FALSE,standard,4,0.892,0.407,0,0,Thursday,2025,0
US,USD,PHP,web,786.6,786.6,13.17,58.823529,FALSE,standard,263,0.522,0.223,0,0.1,Thursday,2025,0
US,USD,NGN,mobile,367.27,367.27,6.28,1111.111111,FALSE,enhanced,257,0.894,0.257,0,0.25,Thursday,2025,0
US,USD,CNY,mobile,592,592,9.25,7.142857,FALSE,standard,263,0.522,0.223,1,0,Thursday,2025,0
US,USD,CAD,ATM,184.74,184.74,3.74,1.351351,FALSE,standard,263,0.522,0.223,0,0,Thursday,2025,0
US,USD,MXN,mobile,350.21,350.21,6.19,17.241379,FALSE,standard,1016,0.944,0.247,0,0.2,Friday,2025,0
US,USD,USD,ATM,213.71,213.71,4.37,1,FALSE,standard,263,0.522,0.223,0,0,Friday,2025,0
US,USD,NGN,web,321.12,321.12,4.64,1111.111111,FALSE,standard,263,0.522,0.223,0,0.25,Friday,2025,0
US,USD,NGN,mobile,97.72,410.97,110.92,1111.111111,FALSE,unknown,147,0.68,0.391,0,0.25,Friday,2025,0
UK,GBP,CAD,mobile,9993.32,12491.64,150.63,1.689189,FALSE,standard,4,0.892,0.407,0,0,Friday,2025,0
US,USD,INR,mobile,131.29,131.29,3.34,83.333333,FALSE,standard,1018,0.934,0.087,0,0,Friday,2025,0
UK,GBP,GBP,MOBILE,64.62,80.77,1.71,1,TRUE,standard,718,0.953,0.169,0,0,Friday,2025,0
CA,CAD,USD,mobile,41.76,30.9,1.95,0.74,FALSE,standard,947,0.625,0.268,0,0,Friday,2025,0
US,USD,INR,mobile,617.15,410.97,110.92,83.333333,FALSE,unknown,263,0.68,0.223,0,0,Friday,2025,0
US,USD,NGN,mobile,110.4,110.4,2.61,1111.111111,TRUE,standard,147,0.551,0.391,0,0.25,Saturday,2025,0
US,USD,NGN,mobile,265.05,265.05,4.46,1111.111111,FALSE,standard,1018,0.934,0.087,1,0.25,Saturday,2025,0
US,USD,MXN,mobile,87.76,87.76,2.5,17.241379,FALSE,standard,263,0.522,0.223,6,0.2,Saturday,2025,0
US,USD,CAD,mobile,184.95,184.95,4.34,1.351351,FALSE,standard,263,0.522,0.223,0,0,Sunday,2025,0
UK,GBP,NGN,mobile,67.7,84.63,1.96,1388.888889,FALSE,standard,4,0.892,0.407,0,0.22,Sunday,2025,0
US,USD,PHP,ATM,247.5,247.5,4.95,58.823529,FALSE,enhanced,367,0.939,0.176,0,0.1,Sunday,2025,0
 US  ,USD,CNY,mobille,141.7,141.7,2.83,7.142857,TRUE,standard,263,0.522,0.223,4,0,Sunday,2025,0
US,USD,INR, mobile  ,289.62,289.62,5.97,83.333333,TRUE,standard,1016,0.944,0.247,7,0,Sunday,2025,0
US,USD,USD,web,88.68,88.68,1.93,1,FALSE,enhanced,367,0.939,0.176,0,0,Sunday,2025,0
US,USD,CAD,mobile,199.13,199.13,4.32,1.351351,FALSE,standard,1018,0.934,0.087,0,0,Sunday,2025,0
US,USD,INR,mobile,202.55,202.55,3.68,83.333333,FALSE,standard,263,0.522,0.223,0,0,Sunday,2025,0
UK,GBP,PHP,web,293.87,367.34,5.32,73.529412,FALSE,standard,718,0.953,0.169,1,0,Sunday,2025,0
US,USD,CNY,web,98.42,98.42,-1,7.142857,FALSE,enhanced,367,-0.1,0.176,0,0,Sunday,2025,0
US,USD,EUR,web,548.23,548.23,9.55,0.925926,TRUE,standard,1016,0.944,0.247,0,0,Sunday,2025,0
US,USD,EUR,mobile,542.73,542.73,9.9,0.925926,FALSE,standard,263,0.522,0.223,0,0,Monday,2025,0
US,USD,CNY,web,-162.56,162.56,9999.99,7.142857,FALSE,enhanced,367,-0.1,0.176,0,0,Monday,2025,0
US,USD,EUR,mobile,336.55,336.55,5.46,0.925926,FALSE,standard,298,0.336,0.166,0,0,Monday,2025,0
UK,GBP,MXN,mobile,21.35,26.68,1.11,21.551724,FALSE,standard,718,0.953,0.169,0,0,Monday,2025,0
CA,CAD,USD,web,199.69,147.77,3.57,0.74,FALSE,standard,947,0.625,0.268,0,0,Monday,2025,0
CA,CAD,CNY,web,105.98,78.43,2.32,5.285714,FALSE,low,615,0.515,0.355,0,0,Monday,2025,0
UK,GBP,CNY,mobile,9997.6,12497,151.59,8.928571,FALSE,standard,4,0.892,0.407,0,0,Monday,2025,0
UK,GBP,INR,mobile,164.54,205.68,3.18,104.166667,FALSE,standard,4,0.892,0.407,1,0,Monday,2025,0
UK,GBP,CNY,mobile,268.9,336.13,4.62,8.928571,FALSE,standard,4,0.892,0.407,0,0,Tuesday,2025,0
UK,GBP,CNY,mobile,318.39,397.99,5.02,8.928571,FALSE,standard,4,0.892,0.407,0,0,Tuesday,2025,0
UK,GBP,NGN,mobille,9996.11,12495.14,150.22,1388.888889,FALSE,standard,4,0.892,0.407,0,0.22,Tuesday,2025,0
UK,GBP,CNY,web,69.77,87.21,2.42,8.928571,FALSE,standard,718,0.953,0.169,1,0,Tuesday,2025,0
US,USD,USD,web,338.94,338.94,5.67,1,FALSE,standard,298,0.336,0.166,0,0,Tuesday,2025,0
 US  ,USD,USD,MOBILE,145.44,145.44,3.32,1,FALSE,standard,298,0.336,0.166,0,0,Tuesday,2025,0
US,USD,GBP,mobile,97.65,97.65,1.8,0.8,TRUE,standard,1016,0.944,0.247,0,0,Tuesday,2025,0
US,USD,MXN,mobile,180.75,180.75,4.72,17.241379,FALSE,enhanced,367,0.939,0.176,0,0.2,Tuesday,2025,0
US,USD,GBP,web,381.41,410.97,110.92,0.8,FALSE,unknown,257,0.68,0.257,0,0,Tuesday,2025,0
US,USD,USD,web,26.54,26.54,1.55,1,FALSE,standard,298,0.336,0.166,0,0,Tuesday,2025,0
UK,GBP,PHP,web,155.46,194.32,3.99,73.529412,FALSE,standard,438,0.602,0.422,0,0,Tuesday,2025,0
US,USD,USD,ATM,58.15,58.15,2.69,1,FALSE,enhanced,257,0.894,0.257,0,0,Tuesday,2025,0
UK,GBP,PHP,mobile,38.67,48.34,1.96,73.529412,FALSE,standard,4,0.892,0.407,0,0,Tuesday,2025,0
US,USD,NGN,mobile,57.22,57.22,1.37,1111.111111,FALSE,standard,147,0.551,0.391,0,0.25,Wednesday,2025,0
US,USD,USD,web,283.78,283.78,4.89,1,FALSE,standard,298,0.336,0.166,0,0,Wednesday,2025,0
US,USD,CAD,mobile,318.92,318.92,5.74,1.351351,FALSE,standard,263,0.522,0.223,0,0,Wednesday,2025,0
US,USD,CAD,mobile,395.19,9991.24,-1,1.351351,TRUE,enhanced,367,-0.1,0.176,0,0,Wednesday,2025,0
US,USD,CNY,mobile,1142.22,1142.22,17.95,7.142857,FALSE,standard,147,0.551,0.391,0,0,Wednesday,2025,0
US,USD,NGN,mobile,22.44,22.44,0.6,1111.111111,FALSE,standard,1016,0.944,0.247,0,0.25,Wednesday,2025,0
US,USD,NGN,mobile,80.7,80.7,1.6,1111.111111,FALSE,standard,830,0.799,0.102,1,0.25,Wednesday,2025,0
UK,GBP,CAD,mobile,81.48,101.84,2.76,1.689189,FALSE,standard,4,0.892,0.407,0,0,Wednesday,2025,0
UK,GBP,CNY,web,95.5,410.97,110.92,8.928571,FALSE,unknown,718,0.68,0.169,0,0,Thursday,2025,0
US,USD,CAD,mobile,256.21,256.21,5.79,1.351351,FALSE,standard,830,0.799,0.102,0,0,Thursday,2025,0
US,USD,NGN,mobile,163.68,163.68,2.93,1111.111111,FALSE,standard,263,0.522,0.223,0,0.25,Thursday,2025,0
US,USD,USD,mobile,39.87,39.87,1.53,1,FALSE,standard,1018,0.934,0.087,0,0,Thursday,2025,0
UK,GBP,NGN,mobile,139.75,174.68,2.92,1388.888889,FALSE,standard,4,0.892,0.407,0,0.22,Friday,2025,0
US,USD,PHP,ATM,298.44,298.44,6.49,58.823529,FALSE,standard,298,0.336,0.166,0,0.1,Friday,2025,0
CA,CAD,MXN,web,267.11,197.66,5.11,12.758621,TRUE,standard,947,0.625,0.268,0,0,Friday,2025,0
US,USD,CNY,ATM,336.74,336.74,6.66,7.142857,FALSE,standard,298,0.336,0.166,0,0,Friday,2025,0
US,USD,GBP,mobile,356.7,356.7,7.01,0.8,FALSE,enhanced,367,0.939,0.176,0,0,Friday,2025,0
CA,CAD,NGN,mobile,399.7,295.78,6.55,822.222222,FALSE,standard,947,0.625,0.268,0,0,Friday,2025,1
CA,CAD,PHP,web,448.84,332.14,7.13,43.529412,FALSE,standard,947,0.625,0.268,0,0,Friday,2025,0
UK,GBP,MXN,mobile,154.89,193.62,2.68,21.551724,FALSE,standard,4,0.742,0.407,0,0,Friday,2025,0
US,USD,INR,web,156.83,156.83,3.54,83.333333,FALSE,standard,1018,0.934,0.087,7,0,Friday,2025,0
US,USD,GBP,mobile,58.78,58.78,1.45,0.8,FALSE,standard,263,0.522,0.223,0,0,Friday,2025,0
UK,GBP,CAD,mobile,94.25,117.81,3.28,1.689189,FALSE,standard,4,0.892,0.407,0,0,Saturday,2025,0
CA,CAD,GBP,mobile,205.83,152.31,4.09,0.592,FALSE,standard,272,0.642,0.048,0,0,Saturday,2025,0
US,USD,CNY,web,65.16,65.16,2.71,7.142857,FALSE,standard,298,0.336,0.166,5,0,Saturday,2025,1
US,USD,INR,web,56.15,56.15,0.73,83.333333,FALSE,standard,263,0.372,0.223,0,0,-1,0,0
CA,CAD,EUR,mobile,208.59,154.36,3.7,0.685185,FALSE,standard,947,0.625,0.268,0,0,Saturday,2025,0
US,USD,CAD,web,67.75,67.75,2.63,1.351351,FALSE,standard,1016,0.944,0.247,0,0,Saturday,2025,0
US,USD,PHP,web,460.99,460.99,7.8,58.823529,TRUE,standard,263,0.522,0.223,1,0.1,Saturday,2025,0
UK,GBP,NGN,web,170.26,212.82,4.24,1388.888889,FALSE,standard,4,0.892,0.407,0,0.22,Saturday,2025,0
US,USD,NGN,ATM,207.1,207.1,3.84,1111.111111,FALSE,standard,263,0.522,0.223,0,0.25,Sunday,2025,0
US,USD,INR,mobile,201.62,201.62,3.7,83.333333,FALSE,enhanced,257,0.894,0.257,0,0,Sunday,2025,0
UK,GBP,PHP,mobile,173.22,216.53,3.57,73.529412,FALSE,standard,4,0.892,0.407,0,0,Sunday,2025,0
CA,CAD,MXN,web,27.02,20,2.09,12.758621,FALSE,low,824,0.607,0.282,7,0,Sunday,2025,0
US,USD,CNY,web,404.17,404.17,6.16,7.142857,FALSE,standard,298,0.336,0.166,0,0,Sunday,2025,0
US,USD,MXN,mobile,723.04,723.04,10.97,17.241379,FALSE,standard,1018,0.934,0.087,0,0.2,Sunday,2025,0
CA,CAD,GBP,web,197.18,145.91,3.91,0.592,FALSE,low,214,0.596,0.233,0,0,Sunday,2025,0
CA,CAD,PHP,mobile,106,78.44,2.4,43.529412,FALSE,standard,172,0.881,0.199,0,0,Sunday,2025,0
US,USD,CAD,ATM,132.23,132.23,2.11,1.351351,TRUE,standard,1018,0.934,0.087,0,0,Sunday,2025,0
US,USD,NGN,mobile,165.99,165.99,3.7,1111.111111,FALSE,standard,1016,0.944,0.247,0,0.25,Sunday,2025,0
CA,CAD,USD,mobile,63.28,46.83,2.59,0.74,FALSE,standard,947,0.625,0.268,0,0,Sunday,2025,0
US,USD,INR,mobile,143.96,143.96,3.29,83.333333,FALSE,standard,263,0.522,0.223,0,0,Sunday,2025,0
CA,CAD,PHP,mobile,35.13,26,1.78,43.529412,FALSE,low,824,0.607,0.282,0,0,Sunday,2025,0
UK,GBP,USD,mobile,185.03,231.29,3.8,1.25,FALSE,standard,4,0.742,0.407,0,0,Sunday,2025,0
CA,CAD,CNY,mobile,219.29,162.28,4.64,5.285714,FALSE,standard,172,0.881,0.199,0,0,Monday,2025,0
US,USD,MXN,ATM,421.9,421.9,7.47,17.241379,FALSE,standard,263,0.522,0.223,0,0.2,Monday,2025,0
US,USD,PHP,mobile,307.04,307.04,5.72,58.823529,TRUE,standard,1016,0.944,0.247,0,0.1,Monday,2025,0
US,USD,CNY,mobile,309,309,5.92,7.142857,FALSE,standard,263,0.522,0.223,0,0,Monday,2025,0
US,USD,PHP,web,189.63,189.63,4.6,58.823529,FALSE,enhanced,367,0.939,0.176,0,0.1,Monday,2025,0
UK,GBP,CNY,web,177.33,221.66,3,8.928571,FALSE,standard,4,0.892,0.407,0,0,Monday,2025,0
CA,CAD,EUR,web,229.86,170.1,4.65,0.685185,FALSE,low,615,0.515,0.355,0,0,Monday,2025,0
US,USD,PHP,mobile,30.13,30.13,1.8,58.823529,FALSE,enhanced,367,0.939,0.176,1,0.1,Monday,2025,0
US,USD,NGN,mobile,142.35,410.97,110.92,1111.111111,FALSE,unknown,263,0.68,0.223,0,0.25,Monday,2025,0
US,USD,CNY, web  ,55.54,55.54,1.86,7.142857,FALSE,standard,1018,0.934,0.087,1,0,Tuesday,2025,0
US,USD,MXN,mobile,102.22,102.22,2.74,17.241379,TRUE,standard,147,0.551,0.391,1,0.2,Tuesday,2025,0
UK,GBP,MXN,ATM,511.27,639.09,8.13,21.551724,TRUE,standard,4,0.892,0.407,0,0,Tuesday,2025,0
US,USD,EUR,ATM,591.68,591.68,9.95,0.925926,FALSE,standard,298,0.336,0.166,0,0,Tuesday,2025,0
US,USD,EUR,mobile,175.28,175.28,2.65,0.925926,FALSE,standard,1018,0.934,0.087,0,0,Tuesday,2025,0
US,USD,CNY,mobile,118.53,118.53,1.91,7.142857,FALSE,standard,298,0.336,0.166,0,0,Tuesday,2025,0
UK,GBP,NGN,mobile,227,283.75,5.41,1388.888889,FALSE,low,704,0.515,0.283,0,0.22,Tuesday,2025,0
CA,CAD,MXN,mobile,203.5,150.59,4.08,12.758621,FALSE,standard,1035,0.497,0.236,1,0,Tuesday,2025,0
US,USD,CAD,web,259.25,259.25,3.63,1.351351,FALSE,standard,263,0.522,0.223,0,0,Tuesday,2025,0
CA,CAD,INR,mobile,107.12,79.27,2.96,61.666667,FALSE,low,824,0.607,0.282,0,0.12,Wednesday,2025,0
US,USD,INR,mobile,136.59,136.59,3.71,83.333333,FALSE,low,616,0.702,0.361,0,0,Wednesday,2025,0
US,USD,GBP,mobile,55.97,55.97,1.34,0.8,FALSE,standard,263,0.522,0.223,0,0,Wednesday,2025,0
UK,GBP,MXN,mobile,45.62,57.03,1.82,21.551724,FALSE,standard,718,0.953,0.169,0,0,Wednesday,2025,0
US,USD,CAD,web,270.7,270.7,5.65,1.351351,FALSE,standard,147,0.401,0.391,3,0,Wednesday,2025,0
US,USD,INR,mobile,68.98,68.98,2.72,83.333333,TRUE,standard,263,0.522,0.223,0,0,Wednesday,2025,0
US,USD,CNY,mobile,276.02,410.97,110.92,7.142857,FALSE,unknown,367,0.68,0.176,0,0,Wednesday,2025,0
US,USD,GBP,web,335.99,335.99,5.55,0.8,FALSE,standard,263,0.522,0.223,0,0,Wednesday,2025,0
UK,GBP,EUR,mobile,106.08,132.6,3.53,1.157407,FALSE,standard,4,0.892,0.407,0,0.05,Wednesday,2025,0
US,USD,USD,ATM,29.61,29.61,1.6,1,FALSE,standard,298,0.336,0.166,0,0,Wednesday,2025,0
US,USD,NGN,web,73.59,73.59,2.81,1111.111111,FALSE,enhanced,367,0.939,0.176,0,0.25,Wednesday,2025,0
UK,GBP,MXN,mobile,958.28,1197.85,14.77,21.551724,FALSE,standard,4,0.892,0.407,0,0,Wednesday,2025,1
US,USD,GBP,mobile,283.47,283.47,5.55,0.8,FALSE,standard,1018,0.934,0.087,0,0,Wednesday,2025,0
US,USD,GBP,mobile,532.61,532.61,9.14,0.8,FALSE,standard,263,0.522,0.223,0,0,Wednesday,2025,0
CA,CAD,CAD,web,249.61,184.71,4.11,1,FALSE,standard,1041,0.717,0.245,0,0,Wednesday,2025,0
US,USD,NGN,mobile,427.52,427.52,6.68,1111.111111,FALSE,standard,263,0.522,0.223,0,0.25,Thursday,2025,0
CA,CAD,USD,mobile,95.44,70.62,3.05,0.74,FALSE,standard,947,0.625,0.268,0,0,Thursday,2025,0
US,USD,EUR,ATM,154,154,3.01,0.925926,TRUE,enhanced,367,0.939,0.176,0,0,Thursday,2025,0
US,USD,CNY,web,55.76,55.76,1.71,7.142857,FALSE,enhanced,367,0.939,0.176,0,0,Thursday,2025,0
US,USD,EUR,mobile,188.78,188.78,3.9,0.925926,FALSE,enhanced,367,0.789,0.176,1,0,Thursday,2025,0
US,USD,GBP,mobile,199.39,199.39,4.53,0.8,FALSE,standard,1018,0.934,0.087,0,0,Thursday,2025,0
US,USD,GBP,mobile,180.31,180.31,4.78,0.8,FALSE,enhanced,367,0.939,0.176,0,0,Thursday,2025,0
US,USD,CAD,web,307.26,307.26,5.46,1.351351,FALSE,standard,263,0.522,0.223,0,0,Thursday,2025,0
US,USD,EUR,web,64.91,64.91,2.34,0.925926,FALSE,standard,298,0.336,0.166,1,0,Thursday,2025,0
US,USD,CAD,mobile,225.86,225.86,3.67,1.351351,FALSE,enhanced,367,0.939,0.176,0,0,Thursday,2025,0
US,USD,USD,web,227.41,227.41,3.74,1,FALSE,standard,830,0.799,0.102,0,0,Friday,2025,0
US,USD,PHP,web,170.76,170.76,3.02,58.823529,FALSE,enhanced,257,0.894,0.257,0,0.1,Friday,2025,0
US,USD,NGN,web,54.59,54.59,1.37,1111.111111,TRUE,standard,830,0.799,0.102,0,0.25,Friday,2025,0
US,USD,CAD,mobile,159.48,159.48,3.72,1.351351,FALSE,standard,263,0.522,0.223,0,0,Friday,2025,0
US,USD,USD,mobile,81.86,81.86,1.81,1,FALSE,standard,147,0.551,0.391,0,0,Friday,2025,0
US,USD,GBP,web,475.01,475.01,8.22,0.8,FALSE,enhanced,367,0.939,0.176,0,0,Friday,2025,0
 UK  ,GBP,GBP,ATM,38.46,48.07,2.04,1,FALSE,standard,4,0.892,0.407,0,0,Friday,2025,0
US,USD,CNY,mobile,140.91,140.91,3.55,7.142857,FALSE,enhanced,257,0.894,0.257,0,0,Friday,2025,0
US,USD,USD,mobile,219.22,219.22,2.98,1,FALSE,standard,298,0.336,0.166,0,0,Friday,2025,0
UK,GBP,MXN,mobile,115.63,144.54,2.64,21.551724,FALSE,standard,4,0.892,0.407,0,0,Saturday,2025,0
US,USD,MXN,mobile,33.39,33.39,2.1,17.241379,FALSE,enhanced,367,0.939,0.176,0,0.2,Saturday,2025,0
US,USD,USD,mobile,227.42,227.42,3.52,1,FALSE,enhanced,257,0.894,0.257,5,0,Saturday,2025,0
US,USD,PHP,mobile,184.32,184.32,3.91,58.823529,FALSE,standard,263,0.522,0.223,0,0.1,Saturday,2025,0
US,USD,USD,mobile,264.78,264.78,5.27,1,TRUE,enhanced,257,0.894,0.257,0,0,Saturday,2025,0
US,USD,GBP,mobile,309.2,309.2,5.63,0.8,FALSE,standard,830,0.799,0.102,0,0,Saturday,2025,0
US,USD,EUR,mobile,223.99,223.99,4.11,0.925926,FALSE,enhanced,257,0.894,0.257,0,0,Saturday,2025,0
US,USD,GBP,ATM,9995.68,9995.68,152.49,0.8,FALSE,enhanced,367,0.939,0.176,0,0,Saturday,2025,0
US,USD,INR,mobile,51.21,51.21,1,83.333333,FALSE,standard,263,0.522,0.223,0,0,Sunday,2025,0
UK,GBP,INR,web,16.46,20.58,1.25,104.166667,FALSE,standard,4,0.892,0.407,0,0,Sunday,2025,0
US,USD,CAD,web,86.49,86.49,2.12,1.351351,FALSE,standard,147,0.551,0.391,1,0,Sunday,2025,0
CA,CAD,NGN,mobile,58.8,43.51,3.02,822.222222,TRUE,standard,947,0.625,0.268,1,0,Sunday,2025,0
US,USD,CAD,web,183.77,183.77,3.42,1.351351,FALSE,standard,147,0.551,0.391,0,0,Sunday,2025,0
US,USD,INR,mobile,457.78,457.78,7.43,83.333333,FALSE,enhanced,367,0.939,0.176,3,0,-1,0,0
UK,GBP,USD,web,139.67,174.58,3.1,1.25,FALSE,standard,4,0.892,0.407,0,0,Sunday,2025,0
US,USD,GBP,web,161.53,161.53,4.23,0.8,FALSE,standard,298,0.336,0.166,0,0,Monday,2025,0
US,USD,USD,mobile,165.04,165.04,2.74,1,FALSE,standard,1018,0.784,0.087,0,0,Monday,2025,0
US,USD,PHP,web,58.73,58.73,1.7,58.823529,FALSE,standard,859,0.96,0.363,0,0.1,Monday,2025,0
US,USD,PHP,mobile,163.63,163.63,3.09,58.823529,FALSE,standard,147,0.551,0.391,0,0.1,Monday,2025,0
US,USD,CNY,mobile,236.65,236.65,4.58,7.142857,FALSE,standard,263,0.522,0.223,0,0,Monday,2025,0
US,USD,USD,weeb,637.85,637.85,9.76,1,FALSE,standard,263,0.522,0.223,5,0,Monday,2025,0
US,USD,INR,mobile,208.45,208.45,4.5,83.333333,TRUE,enhanced,367,0.939,0.176,0,0,Monday,2025,0
US,USD,EUR,mobile,65.04,65.04,1.44,0.925926,FALSE,standard,263,0.372,0.223,5,0,Monday,2025,0
US,USD,EUR,MOBILE,322.28,322.28,6.18,0.925926,FALSE,unknown,1018,0.934,0.087,0,0,Monday,2025,0
US,USD,CAD,mobile,71.99,71.99,1.84,1.351351,FALSE,standard,147,0.551,0.391,0,0,Monday,2025,0
CA,CAD,USD,web,-99.2,73.41,9999.99,0.74,FALSE,low,824,-0.1,0.282,0,0,Monday,2025,0
UK,GBP,PHP,mobile,156.39,195.49,3.17,73.529412,FALSE,standard,684,0.833,0.241,0,0,Monday,2025,0
US,USD,GBP,mobile,57.4,57.4,1.76,0.8,TRUE,standard,263,0.522,0.223,0,0,Monday,2025,0
US,USD,GBP,mobile,137.64,137.64,-1,0.8,FALSE,standard,1016,-0.1,0.247,0,0,Monday,2025,0
US,USD,EUR,mobile,199.46,199.46,3.72,0.925926,FALSE,standard,1018,0.934,0.087,0,0,Tuesday,2025,0
US,USD,EUR,web,188.02,188.02,4.55,0.925926,FALSE,enhanced,367,0.789,0.176,0,0,Tuesday,2025,0
CA,CAD,CAD,web,136.51,101.02,2.57,1,FALSE,low,824,0.607,0.282,0,0,Tuesday,2025,0
US,USD,EUR,mobile,109.72,109.72,2.66,0.925926,FALSE,enhanced,257,0.894,0.257,0,0,Tuesday,2025,0
US,USD,GBP,web,160.34,160.34,3.63,0.8,FALSE,enhanced,257,0.894,0.257,0,0,Tuesday,2025,0
US,USD,CNY,ATM,41.6,41.6,1.94,7.142857,FALSE,enhanced,367,0.939,0.176,0,0,Tuesday,2025,0
US,USD,INR,web,9998.3,9998.3,152.05,83.333333,FALSE,standard,298,0.336,0.166,3,0,Wednesday,2025,0
US,USD,USD,web,32.94,32.94,1.47,1,FALSE,standard,263,0.522,0.223,0,0,Wednesday,2025,0
US,USD,GBP,mobile,118.66,118.66,2.7,0.8,TRUE,standard,263,0.522,0.223,0,0,Wednesday,2025,0
US,USD,USD,web,69.62,69.62,3.15,1,FALSE,standard,298,0.336,0.166,0,0,Wednesday,2025,0
US,USD,GBP,mobile,59.85,59.85,2.02,0.8,FALSE,standard,1016,0.944,0.247,0,0,Wednesday,2025,0
US,USD,CAD,web,61.98,61.98,1.52,1.351351,FALSE,standard,147,0.551,0.391,0,0,Wednesday,2025,0
US,USD,NGN,ATM,370.3,370.3,5.55,1111.111111,FALSE,standard,298,0.336,0.166,0,0.25,Wednesday,2025,0
US,USD,NGN,mobile,273.74,410.97,110.92,1111.111111,FALSE,unknown,1018,0.68,0.087,0,0.25,Wednesday,2025,0
US,USD,CAD,mobile,9994.09,9994.09,150.53,1.351351,FALSE,standard,298,0.336,0.166,0,0,Wednesday,2025,0
US,USD,PHP,mobile,116.19,116.19,2.39,58.823529,TRUE,enhanced,367,0.939,0.176,0,0.1,Thursday,2025,0
US,USD,PHP,mobile,224.56,224.56,3.34,58.823529,FALSE,standard,263,0.372,0.223,0,0.1,Thursday,2025,0
US,USD,NGN,mobile,34.51,34.51,1.71,1111.111111,FALSE,enhanced,257,0.894,0.257,0,0.25,Thursday,2025,0
US,USD,EUR,mobile,129.2,129.2,2.88,0.925926,FALSE,enhanced,257,0.894,0.257,0,0,Thursday,2025,0
CA,CAD,MXN,mobile,1112.81,823.48,18.7,12.758621,FALSE,standard,947,0.475,0.268,0,0,Thursday,2025,0
US,USD,CNY,mobile,93.42,93.42,2.34,7.142857,FALSE,enhanced,367,0.939,0.176,0,0,Thursday,2025,0
unknown,CAD,NGN,MOBILE,141.57,104.76,4.03,822.222222,FALSE,standard,947,0.625,0.268,0,0,Thursday,2025,0
US,USD,GBP,mobile,514.68,514.68,8.42,0.8,FALSE,standard,1016,0.944,0.247,0,0,Thursday,2025,0
US,USD,EUR,web,35.12,410.97,110.92,0.925926,TRUE,unknown,263,0.68,0.223,0,0,Thursday,2025,0
US,USD,GBP,web,24.56,24.56,0.85,0.8,FALSE,standard,147,0.551,0.391,0,0,Thursday,2025,0
UK,GBP,CNY,mobile,128.71,160.89,2.56,8.928571,FALSE,standard,4,0.892,0.407,0,0,Thursday,2025,0
US,USD,PHP,web,89.09,89.09,2.31,58.823529,FALSE,enhanced,367,0.939,0.176,0,0.1,Thursday,2025,0
US,USD,INR,mobile,194.9,194.9,4.09,83.333333,FALSE,standard,298,0.336,0.166,0,0,Thursday,2025,0
US,USD,CAD,mobile,42.58,42.58,1.21,1.351351,FALSE,standard,1018,0.934,0.087,0,0,Thursday,2025,0
US,USD,EUR,web,92.81,92.81,3.28,0.925926,FALSE,standard,1018,0.934,0.087,0,0,Thursday,2025,0
US,USD,USD,web,268.43,268.43,5.58,1,FALSE,enhanced,367,0.939,0.176,0,0,Thursday,2025,0
US,USD,USD,web,16.88,16.88,0.57,1,TRUE,standard,147,0.551,0.391,0,0,Friday,2025,0
US,USD,CNY,mobile,116.91,116.91,3.09,7.142857,FALSE,standard,263,0.522,0.223,0,0,Friday,2025,0
US,USD,NGN,web,267.97,267.97,5.25,1111.111111,FALSE,standard,1018,0.934,0.087,0,0.25,Friday,2025,0
CA,CAD,CNY,mobile,131.12,97.03,3.57,5.285714,FALSE,standard,947,0.475,0.268,0,0,Friday,2025,0
US,USD,EUR,mobile,54.5,54.5,2.47,0.925926,FALSE,standard,263,0.522,0.223,1,0,Friday,2025,0
US,USD,PHP,mobile,182.23,182.23,3.65,58.823529,FALSE,standard,263,0.522,0.223,0,0.1,Friday,2025,0
US,USD,MXN,mobile,141.17,141.17,2.71,17.241379,FALSE,standard,263,0.522,0.223,0,0.2,Friday,2025,0
US,USD,INR,ATM,178.01,178.01,3.25,83.333333,FALSE,standard,298,0.336,0.166,0,0,Friday,2025,0
US,USD,NGN,mobile,68.55,68.55,1.51,1111.111111,FALSE,enhanced,367,0.939,0.176,0,0.25,Friday,2025,0
US,USD,CNY,mobile,576.37,576.37,9.43,7.142857,FALSE,standard,1016,0.944,0.247,0,0,Friday,2025,0
US,USD,CAD,mobile,223.11,223.11,4.24,1.351351,FALSE,standard,298,0.336,0.166,0,0,Friday,2025,0
US,USD,GBP,mobile,202.63,202.63,4.58,0.8,FALSE,standard,298,0.336,0.166,0,0,Friday,2025,0
UK,GBP,EUR,mobile,83.86,104.83,1.96,1.157407,FALSE,standard,4,0.892,0.407,0,0.05,Friday,2025,0
US,USD,MXN,ATM,227.41,227.41,3.82,17.241379,FALSE,standard,1018,0.934,0.087,0,0.2,Saturday,2025,0
CA,CAD,GBP,web,288.3,213.34,4.69,0.592,FALSE,standard,1041,0.867,0.245,0,0,Saturday,2025,0
US,USD,MXN,mobile,61.72,61.72,1.52,17.241379,FALSE,enhanced,367,0.939,0.176,0,0.2,Saturday,2025,0
US,USD,PHP,web,53.73,53.73,2.19,58.823529,TRUE,standard,263,0.522,0.223,0,0.1,Saturday,2025,0
US,USD,PHP,mobile,31.31,31.31,1.68,58.823529,TRUE,standard,298,0.336,0.166,0,0.1,Saturday,2025,0
CA,CAD,CAD,web,98.67,73.01,2.31,1,FALSE,standard,947,0.625,0.268,0,0,Saturday,2025,0
CA,CAD,CAD,mobile,129.37,95.73,2.12,1,FALSE,low,824,0.607,0.282,0,0,Saturday,2025,0
US,USD,USD,mobile,580.34,580.34,10.23,1,FALSE,standard,263,0.522,0.223,0,0,Saturday,2025,0
US,USD,GBP,mobile,135.03,135.03,3.03,0.8,FALSE,enhanced,257,0.894,0.257,0,0,Saturday,2025,0
US,USD,CAD,ATM,100.14,100.14,2,1.351351,FALSE,standard,1018,0.934,0.087,0,0,Sunday,2025,0
CA,CAD,EUR,web,30.45,22.53,1.32,0.685185,FALSE,standard,853,0.68,0.29,0,0,Sunday,2025,0
US,USD,CNY,mobile,970.87,970.87,16.23,7.142857,FALSE,enhanced,367,0.939,0.176,0,0,Sunday,2025,0
US,USD,USD,web,63.41,63.41,1.29,1,FALSE,enhanced,257,0.894,0.257,0,0,Sunday,2025,0
US,USD,CAD,mobile,72.64,72.64,2.26,1.351351,FALSE,enhanced,257,0.894,0.257,0,0,Sunday,2025,0
US,USD,NGN,ATM,83.25,83.25,2.76,1111.111111,FALSE,enhanced,367,0.939,0.176,0,0.25,Sunday,2025,0
US,USD,EUR,mobile,67.2,67.2,1.09,0.925926,FALSE,standard,830,0.649,0.102,0,0,Sunday,2025,0
CA,CAD,CNY,mobile,186.01,137.65,4.13,5.285714,FALSE,low,615,0.515,0.355,0,0,Sunday,2025,0
UK,GBP,CAD,web,-96.97,121.21,9999.99,1.689189,FALSE,standard,4,-0.1,0.407,0,0,Sunday,2025,0
CA,CAD,NGN,mobile,355.89,263.36,6.3,822.222222,TRUE,low,615,0.515,0.355,0,0,Sunday,2025,0
US,USD,NGN,web,146.04,146.04,3.27,1111.111111,FALSE,standard,147,0.551,0.391,0,0.25,Sunday,2025,0
US,USD,GBP,mobile,93.51,93.51,2.07,0.8,FALSE,standard,263,0.522,0.223,0,0,Monday,2025,0
US,USD,EUR,ATM,73.05,73.05,2.61,0.925926,FALSE,standard,298,0.336,0.166,0,0,Monday,2025,0
CA,CAD,CNY,mobile,32.66,24.17,1.07,5.285714,FALSE,standard,947,0.625,0.268,1,0,Monday,2025,0
US,USD,NGN,web,793.08,793.08,13.93,1111.111111,FALSE,standard,298,0.336,0.166,0,0.25,Monday,2025,0
US,USD,USD,web,256.22,256.22,3.82,1,FALSE,standard,147,0.551,0.391,0,0,Monday,2025,0
US,USD,PHP,mobile,73.85,73.85,2.25,58.823529,TRUE,standard,263,0.522,0.223,0,0.1,Monday,2025,0
US,USD,USD,web,96.37,96.37,2.65,1,TRUE,standard,298,0.336,0.166,0,0,Monday,2025,0
US,USD,USD,ATM,148.94,148.94,3.83,1,FALSE,standard,1016,0.944,0.247,0,0,Monday,2025,0
US,USD,EUR,mobile,116.08,116.08,2.46,0.925926,FALSE,standard,298,0.336,0.166,0,0,Monday,2025,0
US,USD,PHP,mobile,179.08,179.08,2.72,58.823529,FALSE,enhanced,257,0.894,0.257,0,0.1,Monday,2025,0
US,USD,CNY,mobile,114.32,114.32,2.47,7.142857,FALSE,enhanced,257,0.894,0.257,1,0,Monday,2025,0
US,USD,PHP,mobile,290.82,290.82,5.9,58.823529,FALSE,standard,298,0.336,0.166,0,0.1,Monday,2025,0
UK,GBP,GBP,mobile,64.14,80.18,2.31,1,FALSE,standard,4,0.892,0.407,0,0,Monday,2025,0
UK,GBP,USD,web,308.77,385.96,4.85,1.25,FALSE,standard,4,0.892,0.407,0,0,Tuesday,2025,0
US,USD,CNY,mobile,335.76,335.76,6.67,7.142857,FALSE,enhanced,367,0.939,0.176,0,0,Friday,2025,0
UK,GBP,GBP,mobile,47.37,59.21,0.93,1,FALSE,standard,4,0.892,0.407,0,0,Tuesday,2025,0
US,USD,GBP,web,1610.61,1610.61,24.53,0.8,FALSE,enhanced,257,0.744,0.257,0,0,Tuesday,2025,0
US,USD,CAD,mobile,514.55,514.55,9.27,1.351351,FALSE,standard,263,0.522,0.223,0,0,Tuesday,2025,0
UK,GBP,CAD,mobile,237.47,296.84,4.58,1.689189,FALSE,standard,4,0.892,0.407,0,0,Tuesday,2025,0
US,USD,CNY,mobile,263,263,4.88,7.142857,FALSE,standard,263,0.522,0.223,0,0,Tuesday,2025,0
US,USD,GBP,web,245.79,245.79,5.12,0.8,FALSE,enhanced,367,0.939,0.176,1,0,Tuesday,2025,0
US,USD,GBP,web,100.44,100.44,2.01,0.8,FALSE,standard,263,0.522,0.223,0,0,Tuesday,2025,0
US,USD,NGN,mobile,54.61,54.61,1.77,1111.111111,FALSE,enhanced,257,0.894,0.257,0,0.25,Saturday,2025,0
UK,GBP,INR,web,52.74,65.93,1.14,104.166667,FALSE,standard,4,0.892,0.407,0,0,Tuesday,2025,0
US,USD,CNY,ATM,125.11,125.11,1.54,7.142857,TRUE,standard,298,0.336,0.166,0,0,Wednesday,2025,0
CA,CAD,CNY,mobile,104.54,77.36,2.68,5.285714,FALSE,standard,385,0.75,0.229,0,0,Wednesday,2025,0
UK,GBP,CNY,MOBILE,105.27,131.59,1.97,8.928571,FALSE,standard,4,0.892,0.407,0,0,Wednesday,2025,0
US,USD,USD,mobile,326.14,326.14,6.54,1,FALSE,standard,263,0.522,0.223,0,0,Wednesday,2025,0
US,USD,NGN,ATM,304.83,304.83,6.07,1111.111111,FALSE,standard,1018,0.934,0.087,0,0.25,Wednesday,2025,0
US,USD,INR,mobile,240.03,240.03,5.04,83.333333,FALSE,standard,298,0.336,0.166,0,0,Wednesday,2025,0
US,USD,USD,web,322.22,322.22,6.08,1,FALSE,standard,1018,0.934,0.087,0,0,Wednesday,2025,0
US,USD,INR,mobile,94.84,94.84,2.24,83.333333,FALSE,low,616,0.702,0.361,0,0,Wednesday,2025,0
UK,GBP,INR,web,350.95,438.69,6.22,104.166667,FALSE,standard,4,0.892,0.407,0,0,Wednesday,2025,0
CA,CAD,MXN,web,33.95,25.12,1.73,12.758621,FALSE,standard,947,0.625,0.268,0,0,Wednesday,2025,0
UK,GBP,CAD,mobile,340.76,425.95,5.73,1.689189,TRUE,standard,718,0.953,0.169,0,0,Wednesday,2025,0
US,USD,PHP,web,1013.85,1013.85,16.76,58.823529,FALSE,enhanced,367,0.939,0.176,0,0.1,Wednesday,2025,0
US,USD,CAD,mobile,86.52,86.52,2.24,1.351351,FALSE,standard,830,0.799,0.102,0,0,Wednesday,2025,0
US,USD,NGN,ATM,336.93,336.93,5.98,1111.111111,FALSE,enhanced,367,0.939,0.176,0,0.25,Thursday,2025,0
US,USD,MXN,web,408.28,408.28,7.42,17.241379,TRUE,enhanced,367,0.939,0.176,0,0.2,Thursday,2025,0
US,USD,CAD,mobile,351.42,351.42,5.75,1.351351,FALSE,standard,1018,0.934,0.087,0,0,Thursday,2025,0
US,USD,PHP,WEB,1407.14,1407.14,22.27,58.823529,FALSE,enhanced,367,0.939,0.176,0,0.1,Thursday,2025,0
US,USD,USD,mobile,-237.38,237.38,9999.99,1,FALSE,standard,1018,-0.1,0.087,0,0,Thursday,2025,0
US,USD,EUR,mobile,558.55,558.55,9.44,0.925926,FALSE,standard,298,0.336,0.166,0,0,Thursday,2025,0
US,USD,INR,web,403.05,403.05,7.17,83.333333,FALSE,standard,263,0.522,0.223,8,0,Thursday,2025,0
US,USD,PHP,web,375.41,375.41,6.07,58.823529,FALSE,enhanced,257,0.744,0.257,0,0.1,Friday,2025,0
CA,CAD,MXN,web,313.32,231.86,5.35,12.758621,FALSE,standard,1041,0.717,0.245,0,0,Friday,2025,0
CA,CAD,EUR,mobile,185.1,136.97,4.41,0.685185,TRUE,low,1074,0.664,0.225,0,0,Friday,2025,0
CA,CAD,CAD,mobile,59.48,44.02,1.26,1,FALSE,low,824,0.607,0.282,0,0,Friday,2025,0
US,USD,EUR,web,71.79,71.79,1.71,0.925926,FALSE,low,616,0.702,0.361,0,0,Friday,2025,0
UK,GBP,GBP,mobile,33.87,42.34,1.51,1,FALSE,standard,718,0.953,0.169,0,0,Friday,2025,0
US,USD,GBP,mobile,62.84,410.97,110.92,0.8,TRUE,unknown,367,0.68,0.176,0,0,Friday,2025,0
US,USD,USD,mobile,114.24,114.24,2.35,1,FALSE,standard,1018,0.934,0.087,0,0,Friday,2025,0
 CA  ,CAD,EUR,mobille,71.27,52.74,3.28,0.685185,FALSE,low,615,0.515,0.355,0,0,Friday,2025,0
UK,GBP,GBP,mobile,39.43,49.28,0.61,1,FALSE,standard,4,0.892,0.407,6,0,Friday,2025,0
US,USD,NGN,mobile,245.13,245.13,4.2,1111.111111,FALSE,standard,298,0.336,0.166,4,0.25,Friday,2025,0
US,USD,USD,mobile,112.49,112.49,2.14,1,FALSE,enhanced,367,0.939,0.176,0,0,Friday,2025,0
CA,CAD,USD,web,196.41,145.34,4.78,0.74,FALSE,standard,947,0.625,0.268,0,0,Saturday,2025,0
US,USD,GBP,mobile,51.46,51.46,2.33,0.8,FALSE,standard,298,0.336,0.166,0,0,Saturday,2025,0
US,USD,EUR,mobile,309.11,309.11,5.94,0.925926,FALSE,standard,263,0.372,0.223,0,0,Saturday,2025,0
US,USD,NGN,mobile,449.49,449.49,8.09,1111.111111,TRUE,standard,298,0.336,0.166,0,0.25,Saturday,2025,0
US,USD,NGN,mobile,265.11,265.11,5.4,1111.111111,FALSE,enhanced,367,0.789,0.176,0,0.25,Saturday,2025,0
US,USD,PHP,ATM,403.63,403.63,6.42,58.823529,FALSE,enhanced,367,0.939,0.176,0,0.1,Saturday,2025,0
US,USD,CAD,mobile,183.32,183.32,3.72,1.351351,FALSE,standard,298,0.336,0.166,0,0,Sunday,2025,0
UK,GBP,CNY,web,143.07,178.84,3.23,8.928571,FALSE,standard,4,0.892,0.407,0,0,Sunday,2025,0
US,USD,PHP,web,552.75,552.75,9.28,58.823529,FALSE,enhanced,661,0.92,0.259,0,0.1,Sunday,2025,0
CA,CAD,NGN,mobile,346.44,256.37,7.3,822.222222,FALSE,low,615,0.515,0.355,0,0,Sunday,2025,0
US,USD,INR,web,371.19,371.19,6.88,83.333333,FALSE,enhanced,367,0.789,0.176,1,0,Sunday,2025,0
UK,GBP,NGN,mobile,43.59,54.49,1.37,1388.888889,TRUE,low,704,0.515,0.283,0,0.22,Monday,2025,0
US,USD,CNY,mobile,487.02,487.02,8.22,7.142857,FALSE,enhanced,367,0.789,0.176,0,0,Monday,2025,0
US,USD,CNY,ATM,49.37,49.37,1.74,7.142857,FALSE,standard,34,0.427,0.068,0,0,Monday,2025,0
US,USD,GBP,mobile,190.25,190.25,4.21,0.8,FALSE,standard,147,0.551,0.391,0,0,Monday,2025,0
UK,GBP,MXN,web,61.57,76.96,2.22,21.551724,FALSE,standard,4,0.892,0.407,0,0,Monday,2025,0
UK,GBP,NGN,web,105.09,131.36,1.57,1388.888889,FALSE,standard,4,0.892,0.407,0,0.22,Monday,2025,0
US,USD,CAD,mobile,101.53,101.53,2.86,1.351351,TRUE,low,616,0.702,0.361,0,0,Monday,2025,0
CA,CAD,INR,web,903.52,668.61,14.58,61.666667,FALSE,low,824,0.607,0.282,0,0.12,Monday,2025,0
US,USD,CNY,mobile,171.14,171.14,4.17,7.142857,FALSE,standard,1018,0.934,0.087,0,0,Monday,2025,0
US,USD,GBP,mobile,80.66,80.66,2.36,0.8,TRUE,standard,147,0.551,0.391,0,0,Tuesday,2025,0
US,USD,CNY, mobile  ,559.53,559.53,9.31,7.142857,TRUE,standard,263,0.372,0.223,0,0,Tuesday,2025,0
US,USD,NGN,mobile,65.93,65.93,2.68,1111.111111,FALSE,enhanced,257,0.894,0.257,1,0.25,Tuesday,2025,0
US,USD,MXN,mobile,213.87,213.87,4.92,17.241379,FALSE,standard,298,0.336,0.166,0,0.2,Tuesday,2025,0
US,USD,GBP,mobile,9992.32,9992.32,150.22,0.8,FALSE,standard,147,0.551,0.391,0,0,Tuesday,2025,0
US,USD,CNY,mobile,134.76,134.76,3.23,7.142857,FALSE,standard,298,0.336,0.166,0,0,Tuesday,2025,0
CA,CAD,USD,mobile,29.29,21.68,1.83,0.74,FALSE,standard,947,0.625,0.268,0,0,Tuesday,2025,0
UK,GBP,INR,web,109.39,136.74,3.45,104.166667,FALSE,standard,718,0.953,0.169,0,0,Tuesday,2025,0
US,USD,MXN,mobile,189.29,189.29,4.27,17.241379,FALSE,standard,263,0.372,0.223,0,0.2,Tuesday,2025,0
US,USD,NGN,web,9995.75,9995.75,150.96,1111.111111,TRUE,standard,1018,0.934,0.087,0,0.25,Tuesday,2025,0
US,USD,CNY,mobile,74.4,74.4,0.58,7.142857,FALSE,enhanced,367,0.939,0.176,0,0,Tuesday,2025,0
US,USD,INR,mobile,315.54,315.54,6.06,83.333333,FALSE,standard,263,0.372,0.223,0,0,Tuesday,2025,0
US,USD,PHP,mobile,89.8,89.8,1.78,58.823529,TRUE,standard,298,0.336,0.166,0,0.1,Wednesday,2025,0
US,USD,PHP,mobile,519.79,519.79,9.21,58.823529,TRUE,standard,1018,0.934,0.087,0,0.1,Wednesday,2025,0
UK,GBP,MXN,mobile,160.6,200.75,2.74,21.551724,FALSE,standard,718,0.953,0.169,1,0,Wednesday,2025,0
US,USD,CAD,web,455.76,455.76,7.65,1.351351,FALSE,enhanced,367,0.939,0.176,0,0,Wednesday,2025,0
US,USD,CAD,web,269.18,269.18,5.95,1.351351,FALSE,standard,1016,0.944,0.247,0,0,Thursday,2025,0
UK,GBP,MXN,web,44.6,55.76,0.97,21.551724,FALSE,standard,4,0.892,0.407,0,0,Thursday,2025,0
US,USD,INR,web,50.8,50.8,1.13,83.333333,FALSE,standard,147,0.551,0.391,0,0,Thursday,2025,0
US,USD,CAD,web,139.07,139.07,3.03,1.351351,FALSE,enhanced,257,0.894,0.257,0,0,Thursday,2025,0
US,USD,GBP,ATM,53.16,53.16,1.66,0.8,FALSE,enhanced,257,0.894,0.257,0,0,Thursday,2025,0
CA,CAD,GBP,mobile,639.9,473.52,10.89,0.592,FALSE,standard,947,0.625,0.268,0,0,Thursday,2025,0
UK,GBP,USD,mobile,132.37,165.46,3.08,1.25,FALSE,standard,718,0.953,0.169,0,0,Thursday,2025,0
US,USD,NGN,web,463.04,463.04,8.53,1111.111111,FALSE,standard,1018,0.934,0.087,3,0.25,Thursday,2025,1
US,USD,PHP,mobile,53.38,53.38,1.95,58.823529,FALSE,standard,298,0.336,0.166,0,0.1,Thursday,2025,0
US,USD,EUR,mobile,571.02,571.02,9.93,0.925926,FALSE,standard,263,0.522,0.223,0,0,Thursday,2025,0
US,USD,PHP,mobile,231.45,231.45,4.72,58.823529,FALSE,standard,1016,0.944,0.247,0,0.1,Thursday,2025,0
US,USD,EUR,mobile,9991.46,9991.46,150.92,0.925926,FALSE,standard,263,0.522,0.223,0,0,Thursday,2025,0
UK,GBP,CAD,mobile,182.1,227.63,4.51,1.689189,FALSE,standard,4,0.892,0.407,0,0,Thursday,2025,0
US,USD,CAD,web,67.76,67.76,3.05,1.351351,FALSE,standard,263,0.522,0.223,0,0,Thursday,2025,0
US,USD,CNY,web,120.64,120.64,2.69,7.142857,FALSE,standard,263,0.522,0.223,0,0,Thursday,2025,0
US,USD,MXN,ATM,123.58,123.58,2.47,17.241379,FALSE,enhanced,257,0.894,0.257,0,0.2,Thursday,2025,0
US,USD,USD,mobile,179.98,179.98,3.39,1,TRUE,standard,1018,0.934,0.087,0,0,Thursday,2025,0
US,USD,GBP,mobile,149.23,149.23,2.59,0.8,FALSE,enhanced,257,0.894,0.257,0,0,Friday,2025,0
US,USD,INR,mobile,260.17,260.17,6.06,83.333333,FALSE,enhanced,367,0.939,0.176,0,0,Friday,2025,0
US,USD,CAD,mobile,192.63,192.63,3.3,1.351351,FALSE,standard,34,0.427,0.068,1,0,Friday,2025,0
CA,CAD,CAD,ATM,245.47,181.65,4.93,1,FALSE,standard,564,0.658,0.4,0,0,Friday,2025,0
US,USD,GBP,ATM,311.54,311.54,5.92,0.8,FALSE,standard,147,0.401,0.391,0,0,Friday,2025,0
US,USD,CAD,web,136.06,136.06,3.03,1.351351,FALSE,standard,1018,0.934,0.087,0,0,Friday,2025,0
US,USD,GBP,web,446.08,446.08,7.1,0.8,FALSE,standard,263,0.522,0.223,0,0,Friday,2025,0
US,USD,USD,mobile,182.64,182.64,3.16,1,FALSE,standard,347,0.822,0.082,0,0,Friday,2025,0
CA,CAD,PHP,mobile,34.92,25.84,1.79,43.529412,FALSE,standard,172,0.881,0.199,0,0,Saturday,2025,0
UK,GBP,CNY,web,150.88,188.6,2.44,8.928571,FALSE,standard,718,0.953,0.169,6,0,Saturday,2025,0
US,USD,CNY,mobile,242.85,242.85,4.07,7.142857,FALSE,standard,1018,0.934,0.087,0,0,Saturday,2025,0
UK,GBP,GBP,web,131.98,164.97,2.82,1,FALSE,standard,4,0.892,0.407,0,0,Saturday,2025,0
US,USD,PHP,mobile,48.75,48.75,2.34,58.823529,FALSE,enhanced,257,0.894,0.257,0,0.1,Saturday,2025,0
US,USD,CNY,mobile,98.49,98.49,2.01,7.142857,FALSE,standard,34,0.277,0.068,0,0,Saturday,2025,0
US,USD,PHP,mobile,135.53,135.53,2.45,58.823529,FALSE,standard,298,0.336,0.166,0,0.1,Saturday,2025,0
US,USD,GBP,web,220.05,220.05,5.22,0.8,FALSE,standard,1018,0.934,0.087,1,0,Sunday,2025,0
US,USD,CNY,web,58.17,58.17,2.2,7.142857,FALSE,standard,263,0.372,0.223,0,0,Sunday,2025,0
US,USD,PHP,mobile,113.69,113.69,3.53,58.823529,FALSE,standard,1016,0.944,0.247,0,0.1,Sunday,2025,0
US,USD,INR,mobile,315.67,315.67,4.84,83.333333,FALSE,standard,263,0.522,0.223,0,0,Sunday,2025,0
US,USD,EUR,mobile,131.19,131.19,2.91,0.925926,FALSE,standard,147,0.401,0.391,0,0,Sunday,2025,0
CA,CAD,INR,mobile,200.46,148.34,4.22,61.666667,FALSE,standard,172,0.881,0.199,0,0.12,Sunday,2025,0
US,USD,INR,mobile,554.53,554.53,8.95,83.333333,FALSE,standard,1018,0.934,0.087,0,0,Sunday,2025,0
US,USD,USD,web,1044.46,1044.46,16.83,1,TRUE,standard,1016,0.944,0.247,0,0,Thursday,2025,0
US,USD,PHP,mobile,58.49,58.49,2.13,58.823529,FALSE,standard,298,0.336,0.166,0,0.1,Sunday,2025,0
US,USD,EUR,mobile,172.01,172.01,3.57,0.925926,FALSE,enhanced,257,0.894,0.257,0,0,Sunday,2025,0
US,USD,NGN,web,72,410.97,110.92,1111.111111,FALSE,unknown,1018,0.68,0.087,0,0.25,Monday,2025,0
CA,CAD,CAD,mobile,98.69,73.03,2.08,1,FALSE,standard,947,0.625,0.268,0,0,Monday,2025,0
UK,GBP,NGN,mobile,188.64,235.79,3.85,1388.888889,FALSE,standard,4,0.892,0.407,0,0.22,Monday,2025,0
US,USD,CAD,mobile,202.54,202.54,4.19,1.351351,TRUE,standard,1018,0.934,0.087,6,0,Monday,2025,0
US,USD,PHP,ATM,26.61,26.61,0.91,58.823529,FALSE,standard,1016,0.944,0.247,0,0.1,Monday,2025,0
UK,GBP,GBP,web,42.9,53.63,1.49,1,FALSE,standard,4,0.892,0.407,0,0,Monday,2025,0
US,USD,NGN,mobile,339.09,339.09,6.15,1111.111111,FALSE,standard,147,0.551,0.391,0,0.25,Monday,2025,0
 US  ,USD,GBP, mobile  ,195.56,195.56,3.77,0.8,FALSE,standard,1018,0.934,0.087,0,0,Monday,2025,0
US,USD,PHP,mobile,57.08,57.08,2.49,58.823529,FALSE,standard,1018,0.934,0.087,1,0.1,Tuesday,2025,0
US,USD,CAD,web,147.99,147.99,2.91,1.351351,TRUE,standard,298,0.336,0.166,0,0,Tuesday,2025,0
CA,CAD,NGN,mobile,210.17,155.53,3.97,822.222222,FALSE,standard,947,0.475,0.268,0,0,Friday,2025,0
US,USD,GBP,mobile,205.94,205.94,3.89,0.8,FALSE,standard,263,0.522,0.223,0,0,Tuesday,2025,0
US,USD,PHP,mobile,34.45,34.45,1.38,58.823529,TRUE,enhanced,257,0.894,0.257,0,0.1,Tuesday,2025,0
US,USD,INR,mobile,94.66,94.66,3.2,83.333333,TRUE,standard,263,0.522,0.223,0,0,Tuesday,2025,0
US,USD,USD,mobile,269.27,269.27,4.79,1,FALSE,standard,1018,0.934,0.087,0,0,Tuesday,2025,0
US,USD,NGN,mobile,416.08,416.08,8.12,1111.111111,FALSE,standard,298,0.336,0.166,0,0.25,Tuesday,2025,0
US,USD,GBP,mobile,188.99,188.99,4.78,0.8,FALSE,enhanced,257,0.894,0.257,0,0,Tuesday,2025,0
US,USD,MXN,web,9991.23,9991.23,151.62,17.241379,FALSE,standard,1018,0.934,0.087,0,0.2,Wednesday,2025,0
US,USD,CNY,mobile,62.71,62.71,1.13,7.142857,FALSE,standard,859,0.96,0.363,0,0,Wednesday,2025,0
UK,GBP,CAD,ATM,581.59,726.99,9.99,1.689189,FALSE,standard,4,0.892,0.407,0,0,Wednesday,2025,0
CA,CAD,PHP,mobile,549.51,406.63,9.19,43.529412,FALSE,standard,947,0.625,0.268,0,0,Wednesday,2025,0
CA,CAD,PHP,mobile,108.33,80.17,2.6,43.529412,TRUE,low,615,0.365,0.355,0,0,Wednesday,2025,0
UK,GBP,MXN,mobile,97.01,121.26,3.28,21.551724,FALSE,standard,4,0.892,0.407,0,0,Thursday,2025,0
US,USD,INR,web,98.76,98.76,3.25,83.333333,FALSE,standard,147,0.551,0.391,0,0,Thursday,2025,0
CA,CAD,USD,web,267.45,197.91,5.01,0.74,FALSE,standard,385,0.75,0.229,0,0,Thursday,2025,0
US,USD,NGN,mobile,86.08,86.08,3.34,1111.111111,FALSE,enhanced,367,0.939,0.176,0,0.25,Thursday,2025,0
CA,CAD,CAD,web,201.77,149.31,3.62,1,FALSE,standard,947,0.625,0.268,0,0,Thursday,2025,0
UK,GBP,PHP,mobile,64.2,80.25,1.69,73.529412,FALSE,standard,718,0.953,0.169,1,0,Thursday,2025,0
UK,GBP,EUR,ATM,76.37,95.46,1.5,1.157407,FALSE,low,454,0.71,0.238,6,0.05,Thursday,2025,0
US,USD,MXN,mobile,392.17,392.17,6.97,17.241379,FALSE,standard,263,0.522,0.223,0,0.2,Thursday,2025,0
US,USD,GBP,mobile,-106.26,106.26,9999.99,0.8,FALSE,standard,298,-0.1,0.166,0,0,Thursday,2025,0
UK,GBP,NGN,mobile,346.55,433.19,6.76,1388.888889,TRUE,standard,718,0.953,0.169,0,0.22,Thursday,2025,0
UK,GBP,USD,web,-69.26,86.58,9999.99,1.25,FALSE,standard,4,-0.1,0.407,1,0,Thursday,2025,0
US,USD,PHP,mobile,115.8,115.8,2.96,58.823529,TRUE,standard,1016,0.944,0.247,0,0.1,Friday,2025,0
US,USD,INR,web,94.51,94.51,2.31,83.333333,TRUE,enhanced,367,0.939,0.176,0,0,Friday,2025,0
CA,CAD,INR,mobile,112.7,83.4,2.78,61.666667,FALSE,standard,903,0.774,0.18,0,0.12,Friday,2025,0
US,USD,EUR,web,249.46,249.46,5.68,0.925926,FALSE,enhanced,257,0.894,0.257,0,0,Friday,2025,0
US,USD,CAD,mobile,102.35,102.35,2.72,1.351351,FALSE,standard,298,0.336,0.166,0,0,Friday,2025,0
US,USD,CNY,web,82.42,82.42,2.33,7.142857,FALSE,standard,263,0.522,0.223,0,0,Friday,2025,0
US,USD,PHP,ATM,117.15,117.15,1.94,58.823529,FALSE,enhanced,367,0.939,0.176,0,0.1,Friday,2025,0
CA,CAD,CNY,mobile,107.29,79.4,1.85,5.285714,FALSE,standard,172,0.881,0.199,0,0,Friday,2025,0
US,USD,CAD,mobile,396.09,396.09,6.61,1.351351,TRUE,enhanced,257,0.894,0.257,0,0,Saturday,2025,0
US,USD,GBP,mobile,334.54,334.54,6.14,0.8,FALSE,standard,263,0.522,0.223,4,0,Saturday,2025,0
US,USD,INR,mobile,147.28,147.28,2.93,83.333333,FALSE,standard,1018,0.934,0.087,0,0,Saturday,2025,0
US,USD,INR,mobile,37.89,37.89,1.82,83.333333,FALSE,standard,263,0.522,0.223,0,0,Saturday,2025,0
UK,GBP,EUR,mobile,157.98,197.47,3.28,1.157407,FALSE,standard,4,0.892,0.407,0,0.05,Saturday,2025,0
US,USD,USD,web,356.38,356.38,5.99,1,FALSE,standard,298,0.186,0.166,0,0,Saturday,2025,0
US,USD,PHP,web,66.83,66.83,1.63,58.823529,FALSE,enhanced,367,0.939,0.176,0,0.1,Saturday,2025,0
US,USD,CNY,web,133.78,133.78,3.09,7.142857,TRUE,standard,263,0.522,0.223,1,0,Saturday,2025,0
US,USD,GBP,mobile,154.51,154.51,3.11,0.8,FALSE,standard,1018,0.784,0.087,0,0,Saturday,2025,0
US,USD,GBP,web,105.08,105.08,3.16,0.8,TRUE,standard,298,0.336,0.166,0,0,Saturday,2025,0
UK,GBP,USD,mobile,108.86,136.08,3.31,1.25,FALSE,standard,4,0.892,0.407,0,0,Saturday,2025,0
US,USD,MXN,web,485.27,485.27,8.44,17.241379,FALSE,standard,298,0.186,0.166,0,0.2,Saturday,2025,0
UK,GBP,USD,ATM,67.32,410.97,110.92,1.25,FALSE,unknown,4,0.68,0.407,0,0,Sunday,2025,0
CA,CAD,USD,mobile,388.9,287.78,6.18,0.74,FALSE,standard,1041,0.867,0.245,0,0,Sunday,2025,0
US,USD,EUR,mobile,183.12,183.12,2.95,0.925926,TRUE,standard,263,0.522,0.223,0,0,Sunday,2025,0
US,USD,CNY,mobile,205.46,205.46,3.67,7.142857,FALSE,enhanced,367,0.939,0.176,0,0,Sunday,2025,0
US,USD,CAD,mobile,121.32,121.32,2.59,1.351351,FALSE,standard,1018,0.934,0.087,0,0,Sunday,2025,0
US,USD,NGN,mobile,9995.79,9995.79,151.24,1111.111111,FALSE,standard,1018,0.784,0.087,0,0.25,Sunday,2025,0
CA,CAD,GBP,mobile,152.7,113,3.59,0.592,TRUE,standard,947,0.625,0.268,0,0,Sunday,2025,0
US,USD,NGN,mobile,180.58,180.58,4.25,1111.111111,FALSE,enhanced,367,0.939,0.176,0,0.25,Sunday,2025,0
US,USD,USD,web,293.34,293.34,4.78,1,FALSE,enhanced,367,0.939,0.176,0,0,Monday,2025,0
US,USD,INR,mobile,476.47,476.47,8.62,83.333333,TRUE,standard,298,0.336,0.166,0,0,Monday,2025,0
US,USD,GBP,mobile,121.62,121.62,3.37,0.8,TRUE,standard,1018,0.934,0.087,0,0,Monday,2025,0
US,USD,INR,web,312.43,312.43,5.45,83.333333,FALSE,standard,263,0.522,0.223,0,0,Monday,2025,0
US,USD,INR,web,34.24,34.24,1.28,83.333333,FALSE,standard,263,0.372,0.223,0,0,Monday,2025,0
US,USD,INR,mobile,503.84,503.84,9.01,83.333333,TRUE,standard,263,0.522,0.223,0,0,Monday,2025,0
US,USD,GBP,web,207.08,207.08,3.6,0.8,FALSE,standard,298,0.336,0.166,0,0,Monday,2025,0
US,USD,PHP,web,82.26,82.26,2.45,58.823529,FALSE,standard,298,0.336,0.166,1,0.1,Monday,2025,0
UK,GBP,MXN,mobile,526.68,658.36,8.59,21.551724,FALSE,standard,718,0.953,0.169,1,0,Monday,2025,0
US,USD,EUR,mobile,50.37,50.37,3.05,0.925926,TRUE,standard,147,0.551,0.391,0,0,Monday,2025,0
CA,CAD,USD,mobile,315.06,233.14,5.32,0.74,FALSE,standard,947,0.625,0.268,0,0,Monday,2025,0
US,USD,CNY,mobile,9990.1,9990.1,151.28,7.142857,FALSE,enhanced,257,0.894,0.257,0,0,Monday,2025,0
US,USD,EUR,mobile,419.97,419.97,7.1,0.925926,FALSE,enhanced,367,0.789,0.176,0,0,Monday,2025,0
CA,CAD,PHP,mobile,917.29,678.79,14.62,43.529412,FALSE,standard,1041,0.867,0.245,0,0,Monday,2025,0
UK,GBP,INR,mobile,127.28,159.1,3.79,104.166667,FALSE,standard,718,0.953,0.169,0,0,Monday,2025,0
US,USD,NGN,mobile,447.09,447.09,7.46,1111.111111,FALSE,standard,147,0.401,0.391,2,0.25,Tuesday,2025,0
US,USD,CAD,web,187.26,410.97,110.92,1.351351,FALSE,unknown,147,0.68,0.391,1,0,Tuesday,2025,0
US,USD,CAD,web,444.08,444.08,7.65,1.351351,TRUE,standard,298,0.336,0.166,0,0,Tuesday,2025,0
US,USD,CNY,web,34.52,34.52,1.3,7.142857,FALSE,standard,147,0.551,0.391,0,0,Tuesday,2025,0
US,USD,PHP,mobile,240.13,240.13,4.62,58.823529,FALSE,enhanced,367,0.939,0.176,0,0.1,Tuesday,2025,0
US,USD,PHP,mobile,155.74,155.74,2.97,58.823529,FALSE,standard,1058,0.923,0.139,0,0.1,Tuesday,2025,0
UK,GBP,USD,web,146.64,183.31,4.14,1.25,FALSE,standard,4,0.892,0.407,0,0,Tuesday,2025,0
UK,GBP,GBP,web,194.84,410.97,110.92,1,FALSE,unknown,4,0.68,0.407,1,0,Wednesday,2025,0
US,USD,INR,mobile,172.95,172.95,2.53,83.333333,FALSE,standard,263,0.522,0.223,0,0,Wednesday,2025,0
US,USD,MXN,web,56.6,56.6,1.59,17.241379,FALSE,standard,263,0.522,0.223,0,0.2,Wednesday,2025,0
US,USD,NGN,mobile,9993.37,9993.37,150.51,1111.111111,FALSE,enhanced,257,0.744,0.257,1,0.25,Wednesday,2025,0
US,USD,INR,web,283.54,283.54,4.92,83.333333,FALSE,enhanced,367,0.939,0.176,0,0,Wednesday,2025,0
UK,GBP,NGN,web,110.57,138.21,3.05,1388.888889,FALSE,standard,718,0.953,0.169,1,0.22,Wednesday,2025,0
UK,GBP,CNY,mobile,103.37,129.21,1.61,8.928571,FALSE,standard,4,0.892,0.407,0,0,Wednesday,2025,0
US,USD,INR,web,156.3,156.3,-1,83.333333,FALSE,enhanced,257,-0.1,0.257,0,0,Wednesday,2025,0
US,USD,NGN,mobile,496.81,496.81,8.37,1111.111111,FALSE,standard,263,0.522,0.223,0,0.25,Wednesday,2025,0
US,USD,EUR,mobile,152.02,152.02,3.59,0.925926,FALSE,standard,263,0.522,0.223,0,0,Wednesday,2025,0
US,USD,USD,mobile,90.07,90.07,2.19,1,FALSE,standard,1018,0.934,0.087,1,0,Wednesday,2025,0
US,USD,INR,web,121.78,121.78,2.52,83.333333,FALSE,enhanced,367,0.789,0.176,0,0,Thursday,2025,0
US,USD,CAD,mobile,86.75,86.75,2.53,1.351351,FALSE,standard,147,0.551,0.391,1,0,Thursday,2025,0
US,USD,CNY,mobile,284.58,284.58,-1,7.142857,TRUE,enhanced,367,-0.1,0.176,0,0,Thursday,2025,0
US,USD,USD,web,-190,190,9999.99,1,FALSE,standard,1016,-0.1,0.247,0,0,Thursday,2025,0
UK,GBP,MXN,ATM,40.78,50.98,2.21,21.551724,FALSE,standard,4,0.892,0.407,0,0,Thursday,2025,0
US,USD,MXN,mobile,90.91,90.91,2.11,17.241379,FALSE,standard,298,0.186,0.166,0,0.2,Thursday,2025,0
US,USD,NGN,mobile,104.67,104.67,2.52,1111.111111,FALSE,standard,147,0.551,0.391,0,0.25,Thursday,2025,0
US,USD,EUR,web,87.73,87.73,2.31,0.925926,FALSE,standard,1018,0.934,0.087,0,0,Thursday,2025,0
UK,GBP,CAD,mobile,85.76,107.2,1.49,1.689189,FALSE,standard,718,0.803,0.169,0,0,Thursday,2025,0
UK,GBP,CAD,mobile,210.91,263.64,4.88,1.689189,FALSE,standard,4,0.892,0.407,0,0,Thursday,2025,0
US,USD,CNY,ATM,225.39,225.39,3.92,7.142857,FALSE,enhanced,257,0.894,0.257,0,0,Thursday,2025,0
US,USD,INR,mobile,306.76,306.76,5.58,83.333333,FALSE,standard,1018,0.934,0.087,0,0,Friday,2025,0
US,USD,GBP,web,203.83,203.83,4.2,0.8,FALSE,standard,147,0.551,0.391,0,0,Friday,2025,0
US,USD,NGN,web,152.87,152.87,4.15,1111.111111,FALSE,standard,1016,0.944,0.247,0,0.25,Friday,2025,0
UK,GBP,USD,mobile,27.21,34.01,1.27,1.25,FALSE,standard,718,0.953,0.169,0,0,Friday,2025,0
US,USD,USD,web,109.19,109.19,3.16,1,FALSE,standard,263,0.522,0.223,0,0,Friday,2025,0
US,USD,NGN,web,2218.17,2218.17,35,1111.111111,FALSE,standard,147,0.551,0.391,0,0.25,Friday,2025,0
US,USD,CNY,mobile,55.09,55.09,1.57,7.142857,FALSE,standard,263,0.522,0.223,0,0,Friday,2025,0
CA,CAD,CAD,mobile,9997.9,7398.44,150.26,1,FALSE,low,824,0.607,0.282,1,0,Friday,2025,0
UK,GBP,CNY,mobile,-245.82,307.28,9999.99,8.928571,FALSE,standard,4,-0.1,0.407,0,0,Friday,2025,0
US,USD,NGN,mobile,57.5,57.5,1.01,1111.111111,FALSE,standard,859,0.81,0.363,0,0.25,Saturday,2025,0
UK,GBP,CNY,mobile,328.36,410.45,5.57,8.928571,FALSE,standard,718,0.953,0.169,0,0,Saturday,2025,0
US,USD,CAD,web,225.45,225.45,4.6,1.351351,TRUE,enhanced,367,0.939,0.176,0,0,Saturday,2025,0
US,USD,INR,ATM,46.42,46.42,1.47,83.333333,TRUE,enhanced,257,0.894,0.257,0,0,Saturday,2025,0
US,USD,CNY,web,113.06,113.06,2.81,7.142857,FALSE,standard,263,0.522,0.223,0,0,Saturday,2025,0
US,USD,MXN,web,289.47,289.47,5.25,17.241379,FALSE,standard,859,0.96,0.363,0,0.2,Saturday,2025,0
 US  ,USD,MXN, web  ,27.59,27.59,2.17,17.241379,FALSE,standard,298,0.336,0.166,0,0.2,Sunday,2025,0
CA,CAD,MXN,mobile,42.56,31.49,1.16,12.758621,FALSE,standard,947,0.475,0.268,0,0,Sunday,2025,0
CA,CAD,CNY,mobile,193.85,143.45,3.55,5.285714,FALSE,low,824,0.607,0.282,0,0,Sunday,2025,1
US,USD,NGN,mobile,9998.38,9998.38,150.81,1111.111111,FALSE,standard,263,0.372,0.223,0,0.25,Sunday,2025,0
CA,CAD,MXN,mobile,162.79,120.46,3.02,12.758621,FALSE,standard,947,0.625,0.268,0,0,Sunday,2025,0
US,USD,NGN,mobile,226.48,226.48,4.9,1111.111111,TRUE,standard,1018,0.934,0.087,0,0.25,Sunday,2025,0
US,USD,NGN,web,182.1,182.1,4.32,1111.111111,FALSE,enhanced,257,0.894,0.257,0,0.25,Sunday,2025,0
CA,CAD,USD,mobile,37.07,27.43,0.5,0.74,FALSE,standard,947,0.625,0.268,0,0,Sunday,2025,0
UK,GBP,NGN,mobile,312.54,390.67,6.03,1388.888889,FALSE,standard,4,0.892,0.407,0,0.22,Sunday,2025,0
 US  ,USD,MXN, web  ,55.18,55.18,1.45,17.241379,FALSE,enhanced,661,0.92,0.259,0,0.2,Sunday,2025,0
UK,GBP,EUR,mobile,-186.29,232.86,9999.99,1.157407,FALSE,standard,718,-0.1,0.169,0,0.05,Monday,2025,0
CA,CAD,GBP,mobile,315.84,233.72,6.03,0.592,FALSE,standard,947,0.625,0.268,0,0,Monday,2025,0
US,USD,USD,mobile,175.25,175.25,4.81,1,FALSE,standard,263,0.522,0.223,0,0,Monday,2025,0
US,USD,NGN,ATM,469.17,469.17,7.83,1111.111111,FALSE,standard,1016,0.944,0.247,7,0.25,Monday,2025,0
US,USD,PHP,mobile,126.98,126.98,2.96,58.823529,FALSE,standard,263,0.522,0.223,0,0.1,Monday,2025,0
US,USD,USD,mobile,80.7,80.7,2.44,1,FALSE,standard,298,0.336,0.166,0,0,Monday,2025,0
CA,CAD,MXN,web,57.29,42.39,1.15,12.758621,FALSE,standard,947,0.625,0.268,1,0,Monday,2025,0
US,USD,EUR,ATM,108.94,108.94,2.21,0.925926,FALSE,enhanced,367,0.789,0.176,0,0,Monday,2025,0
US,USD,USD,mobile,26.65,26.65,1.55,1,FALSE,standard,147,0.551,0.391,0,0,Monday,2025,0
US,USD,PHP,mobile,80.51,80.51,2.38,58.823529,FALSE,standard,638,0.839,0.244,0,0.1,Tuesday,2025,0
US,USD,GBP,mobille,190.4,190.4,4.31,0.8,FALSE,standard,263,0.522,0.223,0,0,Tuesday,2025,0
US,USD,CAD,mobile,48.12,410.97,110.92,1.351351,FALSE,unknown,263,0.68,0.223,0,0,Tuesday,2025,0
US,USD,CNY,web,142.08,142.08,3.39,7.142857,FALSE,standard,147,0.551,0.391,0,0,Tuesday,2025,0
US,USD,INR,mobile,91.35,91.35,2.66,83.333333,FALSE,standard,298,0.336,0.166,0,0,Tuesday,2025,0
UK,GBP,CNY,mobile,203.77,254.71,3.83,8.928571,FALSE,standard,4,0.892,0.407,0,0,Tuesday,2025,0
UK,GBP,GBP,mobile,331.83,414.79,6.09,1,TRUE,standard,4,0.892,0.407,0,0,Tuesday,2025,0
US,USD,INR,mobile,68.76,68.76,1.95,83.333333,FALSE,enhanced,257,0.894,0.257,0,0,Tuesday,2025,0
US,USD,USD,web,108.63,108.63,2.3,1,FALSE,standard,263,0.522,0.223,0,0,Tuesday,2025,0
US,USD,PHP,mobile,175.82,175.82,3,58.823529,TRUE,enhanced,367,0.939,0.176,0,0.1,Tuesday,2025,0
US,USD,INR,mobille,57.02,57.02,3.38,83.333333,FALSE,standard,147,0.551,0.391,0,0,Wednesday,2025,0
US,USD,CNY,mobile,143.95,143.95,3.03,7.142857,TRUE,enhanced,257,0.894,0.257,0,0,Wednesday,2025,0
US,USD,CAD,web,140.29,140.29,2.28,1.351351,FALSE,enhanced,257,0.744,0.257,0,0,Wednesday,2025,0
UK,GBP,PHP,mobile,68.63,85.79,1.81,73.529412,FALSE,standard,4,0.742,0.407,0,0,Wednesday,2025,0
US,USD,CNY,web,156.29,156.29,3.79,7.142857,FALSE,standard,1016,0.794,0.247,0,0,Wednesday,2025,0
US,USD,INR,mobile,122.73,122.73,2.55,83.333333,FALSE,standard,859,0.96,0.363,1,0,Wednesday,2025,0
CA,CAD,CAD,mobile,218.22,161.49,4.15,1,FALSE,standard,947,0.625,0.268,0,0,Wednesday,2025,0
US,USD,CAD,mobile,29.59,29.59,0.5,1.351351,FALSE,standard,263,0.522,0.223,0,0,Wednesday,2025,0
US,USD,USD,mobile,303.09,303.09,5.87,1,FALSE,standard,859,0.96,0.363,0,0,Wednesday,2025,0
US,USD,NGN,mobile,213.43,410.97,110.92,1111.111111,TRUE,unknown,1016,0.68,0.247,0,0.25,Thursday,2025,0
US,USD,CAD,mobile,92.68,92.68,2.34,1.351351,FALSE,standard,1018,0.784,0.087,1,0,Thursday,2025,0
US,USD,CNY,web,82.98,82.98,1.94,7.142857,FALSE,standard,147,0.551,0.391,0,0,Thursday,2025,0
US,USD,PHP,web,108.43,108.43,2.94,58.823529,FALSE,enhanced,367,0.939,0.176,0,0.1,Thursday,2025,0
US,USD,CAD,ATM,88.95,88.95,1.7,1.351351,FALSE,enhanced,257,0.894,0.257,0,0,Thursday,2025,0
CA,CAD,GBP,mobile,104.12,77.05,3.56,0.592,FALSE,low,824,0.607,0.282,0,0,Thursday,2025,0
US,USD,GBP,mobile,237.06,237.06,4.35,0.8,FALSE,standard,1018,0.934,0.087,0,0,Thursday,2025,0
US,USD,INR,mobile,202.62,202.62,3.76,83.333333,FALSE,enhanced,367,0.939,0.176,0,0,Thursday,2025,0
UK,GBP,MXN,mobile,310.83,388.54,6.33,21.551724,TRUE,standard,4,0.892,0.407,0,0,Thursday,2025,0
US,USD,CNY,mobile,104,104,2.42,7.142857,FALSE,standard,298,0.336,0.166,0,0,Thursday,2025,0
US,USD,CNY,mobile,9991.7,9991.7,150.44,7.142857,FALSE,standard,147,0.551,0.391,1,0,Thursday,2025,0
US,USD,MXN,mobile,116.49,116.49,2.67,17.241379,FALSE,standard,263,0.522,0.223,0,0.2,Friday,2025,0
US,USD,MXN,mobile,206.52,206.52,3.78,17.241379,FALSE,standard,34,0.277,0.068,0,0.2,Friday,2025,0
CA,CAD,USD,mobile,240.31,177.83,3.8,0.74,FALSE,standard,947,0.625,0.268,0,0,Friday,2025,0
US,USD,GBP,ATM,264.02,264.02,4.47,0.8,FALSE,standard,263,0.522,0.223,0,0,Friday,2025,0
UK,GBP,USD,mobile,115.07,143.84,3.05,1.25,FALSE,standard,4,0.892,0.407,1,0,Friday,2025,0
US,USD,NGN,web,56.73,56.73,2.06,1111.111111,FALSE,enhanced,367,0.939,0.176,0,0.25,Friday,2025,0
US,USD,PHP,mobile,120.71,120.71,2.11,58.823529,FALSE,standard,1016,0.944,0.247,0,0.1,Friday,2025,0
UK,GBP,GBP,mobile,157.83,197.28,3.61,1,FALSE,standard,4,0.892,0.407,0,0,Friday,2025,0
UK,GBP,USD,web,152.72,190.9,3.21,1.25,FALSE,standard,4,0.892,0.407,0,0,Saturday,2025,0
US,USD,CAD,mobile,240.44,240.44,3.72,1.351351,FALSE,enhanced,367,0.939,0.176,0,0,Saturday,2025,0
US,USD,EUR,web,947.03,947.03,16.14,0.925926,FALSE,standard,147,0.551,0.391,0,0,Saturday,2025,0
US,USD,INR,web,585.08,585.08,9.92,83.333333,FALSE,standard,298,0.336,0.166,0,0,Saturday,2025,0
US,USD,PHP,mobile,413.47,413.47,8,58.823529,FALSE,standard,263,0.522,0.223,0,0.1,Saturday,2025,0
US,USD,EUR,web,77.25,77.25,3.43,0.925926,FALSE,enhanced,257,0.894,0.257,0,0,Saturday,2025,0
CA,CAD,INR,mobile,73.12,54.11,2.62,61.666667,FALSE,standard,1041,0.867,0.245,0,0.12,Saturday,2025,0
US,USD,PHP,mobile,434.32,434.32,8.12,58.823529,FALSE,enhanced,257,0.894,0.257,1,0.1,Saturday,2025,0
UK,GBP,USD,mobile,328.66,410.83,6.08,1.25,FALSE,standard,718,0.953,0.169,0,0,Saturday,2025,0
CA,CAD,MXN,mobile,126.69,93.75,2.43,12.758621,FALSE,standard,947,0.625,0.268,0,0,Saturday,2025,0
US,USD,NGN,mobile,90.07,90.07,1.2,1111.111111,FALSE,standard,298,0.336,0.166,0,0.25,Sunday,2025,0
CA,CAD,PHP,web,48.61,35.97,1.04,43.529412,FALSE,standard,1041,0.867,0.245,0,0,Sunday,2025,0
US,USD,CAD,mobile,227.82,227.82,4.18,1.351351,FALSE,standard,263,0.522,0.223,0,0,Sunday,2025,0
UK,GBP,PHP,web,408.83,511.04,7.56,73.529412,FALSE,standard,718,0.953,0.169,0,0,Sunday,2025,0
US,USD,INR,mobile,654.41,654.41,10.5,83.333333,FALSE,standard,263,0.522,0.223,0,0,Sunday,2025,0
US,USD,MXN,mobile,52.16,52.16,2.46,17.241379,FALSE,standard,1018,0.934,0.087,0,0.2,Sunday,2025,0
UK,GBP,CNY,mobile,64.08,80.1,2.97,8.928571,FALSE,standard,4,0.892,0.407,1,0,Sunday,2025,0
US,USD,EUR,mobille,220.81,220.81,4.13,0.925926,TRUE,enhanced,367,0.939,0.176,0,0,Sunday,2025,0
US,USD,PHP,web,156.53,156.53,3.48,58.823529,FALSE,enhanced,367,0.939,0.176,0,0.1,Sunday,2025,0
US,USD,GBP,web,41.93,41.93,1.77,0.8,TRUE,enhanced,367,0.939,0.176,0,0,Sunday,2025,0
US,USD,PHP,mobile,153.25,153.25,3.84,58.823529,FALSE,enhanced,257,0.894,0.257,0,0.1,Sunday,2025,0
UK,GBP,MXN,mobile,134.99,168.74,3.53,21.551724,FALSE,standard,4,0.892,0.407,0,0,Monday,2025,0
US,USD,CAD,mobile,317.81,317.81,5.82,1.351351,FALSE,enhanced,257,0.894,0.257,0,0,Monday,2025,0
UK,GBP,CNY,mobile,58.77,73.46,1.66,8.928571,FALSE,low,704,0.515,0.283,0,0,Monday,2025,0
US,USD,GBP,mobile,-211.64,211.64,9999.99,0.8,FALSE,enhanced,367,-0.1,0.176,0,0,Monday,2025,0
UK,GBP,GBP,mobile,43.05,53.81,1.33,1,FALSE,standard,4,0.892,0.407,0,0,Monday,2025,0
US,USD,CNY,mobile,75.2,75.2,1.44,7.142857,FALSE,standard,298,0.336,0.166,0,0,Monday,2025,0
US,USD,NGN,mobile,172.21,172.21,4.1,1111.111111,FALSE,standard,1018,0.934,0.087,0,0.25,Monday,2025,0
US,USD,CAD,mobile,62.58,62.58,2.38,1.351351,TRUE,standard,1018,0.934,0.087,0,0,Monday,2025,0
CA,CAD,USD,mobile,44.44,32.89,1.34,0.74,FALSE,standard,1041,0.717,0.245,0,0,Monday,2025,0
US,USD,INR,mobile,67.59,67.59,2.58,83.333333,FALSE,standard,298,0.186,0.166,0,0,Monday,2025,0
UK,GBP,GBP,mobile,172.35,215.44,-1,1,FALSE,standard,718,-0.1,0.169,0,0,Monday,2025,0
US,USD,CAD,web,591.78,591.78,9.28,1.351351,FALSE,standard,147,0.551,0.391,0,0,Monday,2025,0
US,USD,USD,mobile,128.81,128.81,2.47,1,FALSE,enhanced,367,0.939,0.176,0,0,Monday,2025,0
CA,CAD,NGN,mobile,76.45,56.57,2.54,822.222222,FALSE,standard,172,0.881,0.199,0,0,Monday,2025,0
UK,GBP,EUR,mobile,9995.09,12493.87,151.39,1.157407,TRUE,standard,4,0.892,0.407,0,0.05,Monday,2025,1
US,USD,INR,mobile,534.57,534.57,9.18,83.333333,FALSE,standard,263,0.522,0.223,0,0,Monday,2025,0
US,USD,PHP,mobile,294.99,294.99,5.42,58.823529,TRUE,standard,298,0.336,0.166,0,0.1,Tuesday,2025,0
US,USD,PHP,web,55.6,55.6,2.39,58.823529,FALSE,standard,298,0.336,0.166,0,0.1,Tuesday,2025,0
 US  ,USD,CNY,mobille,202.19,202.19,3.63,7.142857,FALSE,standard,263,0.522,0.223,0,0,Tuesday,2025,0
US,USD,CAD,mobile,142.11,142.11,3.97,1.351351,FALSE,standard,298,0.336,0.166,0,0,Tuesday,2025,0
US,USD,INR,mobile,164.16,164.16,-1,83.333333,FALSE,standard,298,-0.1,0.166,0,0,Tuesday,2025,0
US,USD,USD,mobile,103.15,103.15,2.68,1,FALSE,enhanced,257,0.894,0.257,0,0,Tuesday,2025,0
US,USD,PHP,mobile,69.24,69.24,1.96,58.823529,FALSE,low,620,0.705,0.038,0,0.1,Tuesday,2025,0
US,USD,EUR,web,90.25,90.25,2.27,0.925926,FALSE,standard,34,0.427,0.068,0,0,Wednesday,2025,0
US,USD,EUR,mobile,244.86,244.86,4.29,0.925926,FALSE,standard,1016,0.944,0.247,0,0,Wednesday,2025,0
US,USD,EUR,mobile,69.4,69.4,2.89,0.925926,FALSE,standard,263,0.522,0.223,0,0,Wednesday,2025,0
UK,GBP,PHP,mobile,194.53,243.17,4.44,73.529412,FALSE,standard,4,0.742,0.407,0,0,Wednesday,2025,0
US,USD,INR,mobile,99.88,99.88,3.03,83.333333,FALSE,standard,298,0.336,0.166,0,0,Wednesday,2025,0
US,USD,USD,web,115.71,115.71,3.53,1,FALSE,standard,1018,0.934,0.087,0,0,Wednesday,2025,0
US,USD,INR,mobile,75.06,75.06,1.89,83.333333,FALSE,standard,263,0.522,0.223,0,0,Wednesday,2025,0
US,USD,MXN,mobile,500.21,500.21,8.98,17.241379,FALSE,enhanced,367,0.939,0.176,0,0.2,Wednesday,2025,0
US,USD,CAD,mobile,68.24,68.24,1.83,1.351351,FALSE,standard,1016,0.944,0.247,0,0,Wednesday,2025,0
US,USD,CNY,web,18.28,18.28,1.45,7.142857,FALSE,standard,298,0.336,0.166,0,0,Thursday,2025,0
US,USD,GBP,mobile,37,37,0.93,0.8,FALSE,standard,1018,0.934,0.087,0,0,Thursday,2025,0
UK,GBP,MXN,mobile,199.31,249.14,4.05,21.551724,FALSE,standard,4,0.892,0.407,0,0,Thursday,2025,0
US,USD,GBP,mobile,108.83,108.83,2.28,0.8,FALSE,standard,147,0.551,0.391,0,0,Thursday,2025,0
US,USD,CAD,web,229.13,229.13,4.12,1.351351,TRUE,enhanced,257,0.894,0.257,1,0,Thursday,2025,0
UK,GBP,GBP,mobile,130.78,163.48,2.36,1,TRUE,standard,4,0.892,0.407,0,0,Thursday,2025,0
UK,GBP,CNY,mobile,79.41,99.26,1.78,8.928571,FALSE,standard,4,0.892,0.407,6,0,Monday,2024,0
US,USD,GBP,mobile,-320.4,320.4,9999.99,0.8,FALSE,standard,1018,-0.1,0.087,0,0,Tuesday,2023,0
US,USD,USD,web,96.37,96.37,2.65,1,TRUE,standard,298,0.336,0.166,0,0,Monday,2025,0
US,USD,GBP,ATM,53.16,53.16,1.66,0.8,FALSE,enhanced,257,0.894,0.257,0,0,Thursday,2025,0
US,USD,USD,web,119.97,119.97,2.76,1,FALSE,standard,263,0.522,0.223,0,0,Monday,2025,0
US,USD,MXN,web,485.27,485.27,8.44,17.241379,FALSE,standard,298,0.186,0.166,0,0.2,Saturday,2025,0
CA,CAD,EUR,ATM,-272.59,201.72,9999.99,0.685185,FALSE,low,824,-0.1,0.282,0,0,Saturday,2024,0
US,USD,CAD,mobile,70.62,70.62,1.88,1.351351,FALSE,enhanced,367,0.939,0.176,0,0,Monday,2024,0
US,USD,NGN,mobile,75.51,75.51,1.91,1111.111111,FALSE,enhanced,367,0.939,0.176,0,0.25,Saturday,2024,0
CA,CAD,INR,ATM,261.23,193.31,4.32,61.666667,FALSE,low,615,0.515,0.355,0,0.12,Saturday,2025,0
US,USD,GBP,mobile,730.39,730.39,12.26,0.8,FALSE,standard,1018,0.934,0.087,0,0,Wednesday,2023,0
US,USD,CAD,web,92.86,92.86,2.61,1.351351,FALSE,enhanced,367,0.939,0.176,0,0,Thursday,2025,0
UK,GBP,NGN,mobile,280.04,350.05,5.71,1388.888889,FALSE,standard,4,0.892,0.407,0,0.22,Friday,2023,0
US,USD,USD,web,105.2,105.2,2.74,1,FALSE,standard,263,0.522,0.223,0,0,Thursday,2025,0
UK,GBP,CNY,mobile,39.95,49.94,2.41,8.928571,TRUE,standard,4,0.892,0.407,0,0,Sunday,2024,0
US,USD,CNY,mobile,434.57,434.57,7.94,7.142857,FALSE,standard,1016,0.944,0.247,0,0,Tuesday,2023,0
US,USD,CAD,mobile,272.27,272.27,5.53,1.351351,FALSE,standard,298,0.336,0.166,0,0,Wednesday,2024,0
US,USD,CAD,mobile,143.89,143.89,2.9,1.351351,FALSE,standard,1018,0.934,0.087,0,0,Saturday,2023,0
US,USD,USD,mobile,1075.6,1075.6,17,1,FALSE,standard,830,0.799,0.102,0,0,Friday,2025,0
US,USD,GBP,web,1229.35,1229.35,19.17,0.8,FALSE,low,616,0.702,0.361,0,0,Friday,2024,0
US,USD,INR,ATM,228.71,228.71,3.91,83.333333,TRUE,standard,1018,0.934,0.087,0,0,Saturday,2025,0
US,USD,INR,mobile,272.13,272.13,5.85,83.333333,FALSE,standard,147,0.401,0.391,0,0,Thursday,2024,0
US,USD,GBP,mobile,118.66,118.66,2.7,0.8,TRUE,standard,263,0.522,0.223,0,0,Wednesday,2025,0
US,USD,GBP,web,387.82,387.82,6.77,0.8,FALSE,standard,147,0.401,0.391,0,0,Sunday,2023,0
US,USD,NGN,web,58.76,58.76,1.8,1111.111111,FALSE,standard,263,0.522,0.223,1,0.25,Monday,2023,0
US,USD,NGN,mobile,9994.36,9994.36,150.75,1111.111111,FALSE,standard,298,0.336,0.166,0,0.25,Thursday,2025,0
US,USD,GBP,mobile,81.23,81.23,1.99,0.8,FALSE,standard,1018,0.934,0.087,0,0,Friday,2025,0
US,USD,GBP,web,96.34,96.34,3.2,0.8,FALSE,standard,1016,0.944,0.247,0,0,Wednesday,2025,0
UK,GBP,CNY,mobile,90.91,113.63,2.91,8.928571,TRUE,standard,4,0.892,0.407,0,0,Tuesday,2024,0
US,USD,USD,mobile,473.22,473.22,8.77,1,TRUE,standard,1018,0.934,0.087,0,0,Thursday,2025,0
US,USD,GBP,mobile,152.75,152.75,3.35,0.8,FALSE,standard,263,0.522,0.223,5,0,Sunday,2022,0
US,USD,INR,web,36.94,36.94,2.38,83.333333,FALSE,standard,298,0.336,0.166,0,0,Tuesday,2024,0
US,USD,CNY,mobile,232.33,232.33,4.15,7.142857,FALSE,enhanced,257,0.744,0.257,0,0,Saturday,2025,0
US,USD,INR,ATM,245.04,245.04,4.61,83.333333,TRUE,standard,147,0.551,0.391,1,0,Thursday,2025,0
CA,CAD,NGN,web,102.29,75.69,2.12,822.222222,FALSE,standard,947,0.625,0.268,0,0,Monday,2024,0
US,USD,CNY,mobile,143.95,143.95,3.03,7.142857,TRUE,enhanced,257,0.894,0.257,0,0,Wednesday,2025,0
US,USD,PHP,mobile,438.81,438.81,6.98,58.823529,FALSE,standard,298,0.336,0.166,0,0.1,Thursday,2024,0
US,USD,GBP,mobile,107.11,107.11,3.07,0.8,TRUE,standard,1018,0.934,0.087,0,0,Friday,2023,0
US,USD,NGN,web,288.34,288.34,4.51,1111.111111,FALSE,standard,263,0.522,0.223,1,0.25,Saturday,2024,0
CA,CAD,INR,mobile,336.49,249,5.06,61.666667,FALSE,standard,947,0.475,0.268,0,0.12,Friday,2024,0
US,USD,CNY,web,181.18,181.18,3.22,7.142857,FALSE,standard,1018,0.934,0.087,0,0,Monday,2023,0
UK,GBP,CNY,mobile,89.01,111.26,1.53,8.928571,FALSE,standard,4,0.892,0.407,0,0,Saturday,2025,0
US,USD,USD,web,9993.76,9993.76,150.38,1,FALSE,standard,147,0.551,0.391,0,0,Tuesday,2024,0
CA,CAD,GBP,ATM,78.36,57.99,2.25,0.592,FALSE,standard,947,0.625,0.268,0,0,Saturday,2024,0
US,USD,NGN,web,588.76,588.76,9.9,1111.111111,FALSE,enhanced,367,0.939,0.176,0,0.25,Friday,2023,0
US,USD,CAD,mobile,101.13,101.13,2.11,1.351351,FALSE,standard,147,0.551,0.391,0,0,Wednesday,2023,0
US,USD,CAD,mobile,9991.08,9991.08,151.3,1.351351,FALSE,standard,263,0.522,0.223,0,0,Wednesday,2024,0
US,USD,USD,mobile,208.62,208.62,3.92,1,FALSE,standard,1018,0.934,0.087,5,0,Thursday,2024,0
UK,GBP,CAD,mobile,294.67,368.33,5.43,1.689189,FALSE,standard,4,0.892,0.407,1,0,Friday,2024,0
UK,GBP,CAD,mobile,108.32,135.4,2.83,1.689189,FALSE,standard,4,0.892,0.407,0,0,Wednesday,2025,0
US,USD,CAD,mobile,169.65,169.65,3.56,1.351351,TRUE,standard,298,0.186,0.166,0,0,Monday,2024,0
UK,GBP,PHP,mobile,121.2,151.5,2.56,73.529412,FALSE,standard,718,0.953,0.169,1,0,Saturday,2022,0
US,USD,EUR,mobile,318.02,318.02,5.93,0.925926,TRUE,enhanced,257,0.894,0.257,0,0,Tuesday,2024,0
US,USD,GBP,mobile,352.99,352.99,5.34,0.8,FALSE,standard,1016,0.944,0.247,0,0,Wednesday,2025,0
US,USD,EUR,mobile,9993.94,410.97,110.92,0.925926,FALSE,unknown,263,0.68,0.223,0,0,Friday,2025,0
US,USD,CNY,mobile,437.24,437.24,6.74,7.142857,FALSE,standard,298,0.336,0.166,0,0,Saturday,2024,0
US,USD,USD,web,283.78,283.78,4.89,1,FALSE,standard,298,0.336,0.166,0,0,Wednesday,2025,0
CA,CAD,CNY,web,240.71,178.12,4.34,5.285714,FALSE,low,615,0.515,0.355,0,0,Tuesday,2024,0
US,USD,CNY,mobile,232.38,232.38,4.62,7.142857,TRUE,standard,1018,0.934,0.087,0,0,Sunday,2023,0
US,USD,PHP,web,290.55,290.55,3.81,58.823529,FALSE,enhanced,257,0.894,0.257,0,0.1,Monday,2023,0
US,USD,INR,web,145.32,145.32,3.3,83.333333,FALSE,enhanced,367,0.939,0.176,0,0,Tuesday,2024,0
US,USD,EUR,mobile,96.64,96.64,2.16,0.925926,FALSE,standard,638,0.839,0.244,0,0,Tuesday,2023,0
US,USD,CAD,ATM,166.32,166.32,3.31,1.351351,FALSE,standard,147,0.551,0.391,0,0,Tuesday,2024,0
UK,GBP,NGN,web,371.49,464.37,6.89,1388.888889,FALSE,standard,4,0.892,0.407,0,0.22,Tuesday,2024,1
CA,CAD,INR,mobile,46.31,34.27,1.53,61.666667,FALSE,standard,947,0.625,0.268,0,0.12,Friday,2025,0
US,USD,MXN,mobile,61.65,61.65,2.1,17.241379,FALSE,standard,34,0.427,0.068,0,0.2,Thursday,2025,0
US,USD,INR,mobile,124.3,124.3,2.93,83.333333,FALSE,standard,1016,0.944,0.247,0,0,Thursday,2024,0
US,USD,USD,ATM,140.01,140.01,3.68,1,FALSE,standard,263,0.522,0.223,0,0,Saturday,2023,0
US,USD,EUR,mobile,334.6,334.6,6.07,0.925926,FALSE,standard,263,0.522,0.223,0,0,Monday,2025,0
US,USD,PHP,ATM,71.65,71.65,2.18,58.823529,FALSE,standard,298,0.336,0.166,0,0.1,Sunday,2024,0
UK,GBP,EUR,ATM,141.08,176.36,3.95,1.157407,TRUE,standard,718,0.803,0.169,0,0.05,Tuesday,2024,0
US,USD,CNY,mobile,138.48,138.48,2.82,7.142857,FALSE,standard,147,0.551,0.391,0,0,Friday,2023,0
US,USD,NGN,ATM,207.1,207.1,3.84,1111.111111,FALSE,standard,263,0.522,0.223,0,0.25,Sunday,2025,0
US,USD,CAD,web,132.95,132.95,3.27,1.351351,FALSE,standard,1018,0.934,0.087,0,0,Wednesday,2025,0
UK,GBP,USD,mobile,23.55,29.44,1.67,1.25,TRUE,standard,4,0.892,0.407,0,0,Thursday,2024,0
US,USD,NGN,mobile,70.57,70.57,2.34,1111.111111,TRUE,standard,263,0.522,0.223,0,0.25,Wednesday,2024,0
US,USD,PHP,web,130.2,130.2,3.93,58.823529,FALSE,standard,298,0.336,0.166,0,0.1,Tuesday,2023,0
US,USD,CNY,mobile,205.83,205.83,3.54,7.142857,FALSE,standard,147,0.551,0.391,0,0,Monday,2023,0
US,USD,CNY,web,9993.54,9993.54,151.14,7.142857,FALSE,enhanced,367,0.789,0.176,0,0,Tuesday,2023,0
US,USD,EUR,mobile,118.4,118.4,2.82,0.925926,FALSE,standard,298,0.336,0.166,0,0,Friday,2024,0
US,USD,GBP,web,125.64,125.64,2.9,0.8,FALSE,standard,298,0.336,0.166,0,0,Wednesday,2024,0
US,USD,CNY,mobile,618.46,618.46,9.74,7.142857,FALSE,standard,263,0.522,0.223,0,0,Tuesday,2024,0
US,USD,USD,mobile,414.29,410.97,110.92,1,FALSE,unknown,147,0.68,0.391,0,0,Monday,2025,1
US,USD,USD,mobile,229.69,229.69,4.52,1,FALSE,enhanced,257,0.894,0.257,0,0,Monday,2023,0
US,USD,PHP,mobile,80.62,80.62,1.99,58.823529,FALSE,enhanced,367,0.939,0.176,1,0.1,Sunday,2023,0
US,USD,MXN,mobile,82.11,82.11,1.95,17.241379,FALSE,standard,1018,0.934,0.087,0,0.2,Sunday,2024,0
US,USD,EUR,mobile,177.36,177.36,4.06,0.925926,FALSE,standard,298,0.336,0.166,0,0,Thursday,2023,0
US,USD,MXN,mobile,15.73,15.73,1.79,17.241379,FALSE,standard,1016,0.944,0.247,0,0.2,Thursday,2025,0
US,USD,NGN,mobile,703.7,703.7,11.71,1111.111111,FALSE,standard,298,0.336,0.166,0,0.25,Friday,2023,0
US,USD,USD,web,64.03,64.03,2.54,1,TRUE,enhanced,367,0.939,0.176,0,0,Monday,2023,0
US,USD,CAD,web,160.91,160.91,3.84,1.351351,FALSE,standard,263,0.522,0.223,6,0,Sunday,2024,0
US,USD,CNY,mobile,60.26,60.26,2.28,7.142857,FALSE,standard,1018,0.934,0.087,0,0,Monday,2023,0
UK,GBP,EUR,web,165.39,206.73,4.07,1.157407,FALSE,standard,281,0.704,0.522,0,0.05,Sunday,2022,0
US,USD,PHP,mobile,125.75,410.97,110.92,58.823529,FALSE,unknown,1018,0.68,0.087,0,0.1,Friday,2024,0
CA,CAD,GBP,mobile,280.72,207.74,4.3,0.592,TRUE,standard,947,0.625,0.268,0,0,Friday,2025,0
US,USD,CNY,mobile,172.14,172.14,4.14,7.142857,FALSE,standard,1016,0.944,0.247,4,0,Saturday,2023,0
US,USD,INR,mobile,122.73,122.73,2.55,83.333333,FALSE,standard,859,0.96,0.363,1,0,Wednesday,2025,0
US,USD,MXN, web  ,124.56,124.56,2.62,17.241379,TRUE,standard,298,0.336,0.166,0,0.2,Saturday,2023,0
US,USD,INR,web,369.1,369.1,7.79,83.333333,TRUE,standard,263,0.372,0.223,1,0,Saturday,2023,0
US,USD,USD,mobile,59.54,59.54,1.63,1,FALSE,standard,263,0.372,0.223,0,0,Sunday,2024,0
US,USD,EUR,mobile,89.2,89.2,2.19,0.925926,FALSE,standard,1016,0.944,0.247,0,0,Friday,2024,0
US,USD,EUR,web,224.65,224.65,4.48,0.925926,FALSE,enhanced,257,0.894,0.257,0,0,Sunday,2024,0
US,USD,USD,web,144.29,144.29,2.83,1,FALSE,standard,1018,0.934,0.087,0,0,Tuesday,2025,0
US,USD,MXN,web,86.6,86.6,1.96,17.241379,FALSE,standard,298,0.336,0.166,0,0.2,Sunday,2022,0
US,USD,CNY,web,85.68,85.68,1.91,7.142857,FALSE,standard,263,0.522,0.223,0,0,Sunday,2022,0
US,USD,MXN,mobile,42.5,42.5,0.58,17.241379,FALSE,standard,1018,0.934,0.087,0,0.2,Monday,2023,0
UK,GBP,CAD,ATM,314.03,392.54,5.86,1.689189,FALSE,standard,4,0.892,0.407,0,0,Monday,2024,0
US,USD,USD,MOBILE,87.95,87.95,2.91,1,FALSE,unknown,147,0.401,0.391,0,0,Tuesday,2024,0
US,USD,USD,mobile,322.33,322.33,5.13,1,FALSE,enhanced,257,0.894,0.257,0,0,Wednesday,2022,0
US,USD,NGN,mobile,138.23,138.23,3.5,1111.111111,FALSE,enhanced,257,0.894,0.257,0,0.25,Friday,2023,0
US,USD,CAD,web,368.38,368.38,6.43,1.351351,FALSE,enhanced,367,0.939,0.176,0,0,Tuesday,2023,0
US,USD,CAD,ATM,136.36,136.36,3.8,1.351351,TRUE,standard,1058,0.923,0.139,0,0,Saturday,2024,0
US,USD,CNY,web,105.51,105.51,2.61,7.142857,FALSE,standard,263,0.522,0.223,0,0,Saturday,2024,0
UK,GBP,USD,web,113.19,141.48,2.52,1.25,TRUE,standard,4,0.892,0.407,0,0,Sunday,2024,0
US,USD,GBP,web,147.31,147.31,3.21,0.8,FALSE,standard,147,0.551,0.391,0,0,Thursday,2025,0
US,USD,USD,mobile,17.7,17.7,1.19,1,FALSE,enhanced,367,0.789,0.176,0,0,Tuesday,2023,0
CA,CAD,CNY,mobile,131.12,97.03,3.57,5.285714,FALSE,standard,947,0.475,0.268,0,0,Friday,2025,0
US,USD,INR,mobile,164.08,164.08,3.16,83.333333,FALSE,standard,263,0.522,0.223,0,0,Tuesday,2025,0
US,USD,USD,web,237.21,237.21,3.55,1,FALSE,enhanced,257,0.894,0.257,0,0,Friday,2022,0
US,USD,USD,mobile,61.49,61.49,1.08,1,FALSE,standard,263,0.522,0.223,0,0,Friday,2023,0
CA,CAD,PHP,web,223.24,165.2,4.14,43.529412,TRUE,standard,947,0.625,0.268,0,0,Thursday,2024,0
US,USD,EUR,mobile,452.27,452.27,7.74,0.925926,FALSE,enhanced,367,0.939,0.176,0,0,Sunday,2023,0
US,USD,PHP,mobile,96.44,96.44,2.66,58.823529,FALSE,enhanced,257,0.894,0.257,0,0.1,Friday,2023,0
US,USD,CNY,mobile,91.78,91.78,2.18,7.142857,FALSE,enhanced,257,0.894,0.257,0,0,Monday,2025,0
UK,GBP,GBP,mobile,430.05,537.57,6.32,1,FALSE,standard,4,0.892,0.407,0,0,Friday,2025,0
US,USD,NGN,mobile,46.82,46.82,1.74,1111.111111,FALSE,enhanced,367,0.939,0.176,0,0.25,Friday,2023,0
US,USD,CNY,mobile,214.19,214.19,3.99,7.142857,FALSE,standard,263,0.522,0.223,0,0,Wednesday,2023,0
US,USD,EUR,web,331.85,331.85,5.2,0.925926,FALSE,standard,147,0.551,0.391,0,0,Sunday,2024,0
US,USD,NGN,mobile,176.56,176.56,3.83,1111.111111,FALSE,standard,1018,0.934,0.087,0,0.25,Thursday,2025,0
UK,GBP,PHP,mobile,174.2,217.75,3.54,73.529412,FALSE,standard,4,0.892,0.407,1,0,Saturday,2023,0
US,USD,PHP,mobile,192.76,192.76,3.94,58.823529,FALSE,standard,147,0.551,0.391,0,0.1,Thursday,2024,0
UK,GBP,INR,mobile,161.8,202.25,-1,104.166667,FALSE,standard,4,-0.1,0.407,0,0,Wednesday,2024,0
US,USD,PHP,web,239.18,239.18,4.39,58.823529,FALSE,standard,638,0.839,0.244,0,0.1,Sunday,2023,0
UK,GBP,MXN,web,111.18,138.97,2.31,21.551724,FALSE,standard,4,0.892,0.407,0,0,Thursday,2024,0
US,USD,NGN,mobile,102.29,102.29,2.81,1111.111111,FALSE,standard,263,0.522,0.223,0,0.25,-1,0,0
US,USD,EUR,mobile,96.54,96.54,2.16,0.925926,FALSE,standard,298,0.336,0.166,0,0,Thursday,2023,0
US,USD,USD,mobille,91.31,91.31,0.96,1,FALSE,standard,298,0.336,0.166,0,0,Friday,2023,0
US,USD,GBP,web,109.46,109.46,2.73,0.8,FALSE,standard,298,0.336,0.166,0,0,Friday,2022,0
US,USD,INR,web,92.67,92.67,2.56,83.333333,FALSE,standard,298,0.336,0.166,0,0,Friday,2023,0
CA,CAD,EUR,web,107.87,79.82,3.28,0.685185,TRUE,standard,947,0.625,0.268,0,0,Sunday,2024,0
US,USD,INR,mobile,289.82,289.82,5.84,83.333333,TRUE,enhanced,367,0.939,0.176,0,0,Sunday,2023,0
US,USD,CNY,ATM,385.27,385.27,7.05,7.142857,FALSE,enhanced,367,0.939,0.176,0,0,Thursday,2022,0
UK,GBP,INR,mobile,83.96,410.97,110.92,104.166667,FALSE,unknown,718,0.68,0.169,0,0,Monday,2024,0
US,USD,USD,web,91.8,91.8,1.8,1,FALSE,standard,263,0.522,0.223,0,0,Wednesday,2023,0
US,USD,GBP,mobile,238.47,238.47,4.48,0.8,FALSE,standard,147,0.551,0.391,1,0,Monday,2023,0
UK,GBP,INR,mobile,24.6,30.75,2.45,104.166667,FALSE,standard,4,0.892,0.407,5,0,Tuesday,2025,0
US,USD,MXN,web,250.19,250.19,4.25,17.241379,FALSE,enhanced,257,0.894,0.257,0,0.2,Tuesday,2024,0
US,USD,NGN,mobile,67.75,67.75,1.98,1111.111111,FALSE,standard,1016,0.944,0.247,0,0.25,Thursday,2025,0
US,USD,PHP,web,76.28,76.28,2.74,58.823529,FALSE,standard,1018,0.934,0.087,0,0.1,Tuesday,2023,0
US,USD,CAD,mobile,82.74,82.74,2.45,1.351351,FALSE,standard,298,0.336,0.166,0,0,Monday,2025,0
US,USD,PHP,mobile,811.38,811.38,12.9,58.823529,FALSE,standard,263,0.372,0.223,0,0.1,Wednesday,2023,0
US,USD,GBP,web,67.95,67.95,2.04,0.8,FALSE,standard,1016,0.944,0.247,0,0,Sunday,2023,0
US,USD,NGN,mobile,281.66,281.66,5.05,1111.111111,FALSE,enhanced,367,0.939,0.176,0,0.25,Tuesday,2022,0
US,USD,GBP,ATM,299.24,299.24,4.7,0.8,FALSE,standard,147,0.551,0.391,0,0,Saturday,2024,0
US,USD,PHP,mobile,93.21,93.21,2.66,58.823529,TRUE,enhanced,257,0.894,0.257,0,0.1,Sunday,2025,0
UK,GBP,CNY,mobile,301.36,376.7,4.99,8.928571,FALSE,standard,4,0.892,0.407,0,0,Saturday,2024,0
UK,GBP,PHP,mobile,21.59,26.98,1.02,73.529412,FALSE,standard,4,0.892,0.407,0,0,Sunday,2023,0
US,USD,EUR,mobile,26.96,26.96,0.94,0.925926,FALSE,enhanced,367,0.939,0.176,0,0,Saturday,2025,0
US,USD,PHP,mobile,83.8,83.8,1.32,58.823529,FALSE,standard,34,0.427,0.068,0,0.1,Wednesday,2023,0
US,USD,PHP,mobile,53.22,53.22,1.97,58.823529,FALSE,standard,298,0.336,0.166,0,0.1,Wednesday,2023,0
US,USD,CNY,mobile,76.13,76.13,1.75,7.142857,TRUE,standard,147,0.551,0.391,0,0,Wednesday,2024,0
UK,GBP,NGN,mobile,312.54,390.67,6.03,1388.888889,FALSE,standard,4,0.892,0.407,0,0.22,Sunday,2025,0
US,USD,EUR,mobile,392.41,410.97,110.92,0.925926,FALSE,unknown,367,0.68,0.176,0,0,Sunday,2023,0
UK,GBP,NGN,mobile,440.31,550.38,6.86,1388.888889,FALSE,standard,4,0.892,0.407,0,0.22,Saturday,2023,0
US,USD,CAD,mobile,172.05,172.05,3.74,1.351351,FALSE,standard,298,0.336,0.166,0,0,Tuesday,2025,0
UK,GBP,NGN,web,54.54,68.17,0.5,1388.888889,FALSE,standard,4,0.892,0.407,0,0.22,Saturday,2025,0
US,USD,NGN,mobile,211.01,211.01,5.07,1111.111111,FALSE,standard,147,0.551,0.391,0,0.25,Tuesday,2024,0
US,USD,INR,web,184.44,184.44,3.49,83.333333,FALSE,standard,263,0.522,0.223,0,0,Thursday,2024,0
US,USD,INR,mobile,202.5,202.5,4.3,83.333333,FALSE,standard,1018,0.934,0.087,0,0,Sunday,2024,0
US,USD,INR,web,253.53,253.53,4.27,83.333333,FALSE,standard,298,0.336,0.166,0,0,Sunday,2023,0
US,USD,PHP,WEB,1407.14,1407.14,22.27,58.823529,FALSE,enhanced,367,0.939,0.176,0,0.1,Thursday,2025,0
CA,CAD,MXN,mobile,207.23,153.35,3.73,12.758621,FALSE,standard,947,0.625,0.268,0,0,Thursday,2022,0
US,USD,CAD,mobile,82.25,82.25,2.25,1.351351,FALSE,standard,298,0.186,0.166,0,0,Friday,2023,0
US,USD,NGN,mobile,447.09,447.09,7.46,1111.111111,FALSE,standard,147,0.401,0.391,2,0.25,Tuesday,2025,0
US,USD,NGN,mobile,310.22,310.22,5.17,1111.111111,TRUE,enhanced,661,0.92,0.259,0,0.25,Saturday,2024,0
US,USD,PHP,mobile,19.21,19.21,1.5,58.823529,FALSE,standard,298,0.336,0.166,0,0.1,Tuesday,2025,0
US,USD,CAD,mobile,65.56,65.56,2.09,1.351351,FALSE,standard,1018,0.934,0.087,0,0,Saturday,2023,0
US,USD,MXN,mobile,90.32,90.32,2.58,17.241379,FALSE,standard,298,0.336,0.166,0,0.2,Friday,2023,0
US,USD,USD,ATM,237.74,237.74,4.98,1,FALSE,standard,298,0.336,0.166,0,0,Saturday,2025,0
US,USD,GBP,mobile,202.11,202.11,3.16,0.8,FALSE,standard,830,0.799,0.102,0,0,Monday,2024,0
CA,CAD,PHP,mobile,311.11,230.22,5.33,43.529412,FALSE,standard,1041,0.867,0.245,0,0,Thursday,2023,0
CA,CAD,EUR,mobile,49.87,36.9,2,0.685185,FALSE,standard,947,0.625,0.268,0,0,Monday,2024,0
US,USD,PHP,web,1013.85,1013.85,16.76,58.823529,FALSE,enhanced,367,0.939,0.176,0,0.1,Wednesday,2025,0
US,USD,CAD,mobile,76.35,76.35,2.67,1.351351,FALSE,standard,298,0.336,0.166,0,0,Friday,2023,0
CA,CAD,NGN,mobile,199.53,147.65,3.65,822.222222,FALSE,low,1066,0.522,0,0,0,Monday,2025,0
US,USD,NGN,ATM,167.4,167.4,4.37,1111.111111,FALSE,standard,1016,0.944,0.247,1,0.25,Wednesday,2024,0
US,USD,NGN,mobile,123.85,123.85,3.03,1111.111111,FALSE,standard,263,0.522,0.223,0,0.25,Friday,2023,0
US,USD,PHP,mobile,247.23,247.23,4.94,58.823529,FALSE,standard,1018,0.934,0.087,0,0.1,Thursday,2025,0
UK,GBP,USD,mobile,267.64,334.55,4.82,1.25,FALSE,standard,718,0.953,0.169,0,0,Monday,2023,0
US,USD,NGN,mobile,9994.53,9994.53,151.23,1111.111111,FALSE,standard,794,0.77,0.22,0,0.25,Monday,2023,0
UK,GBP,CAD,mobile,338.37,422.96,6.47,1.689189,FALSE,standard,4,0.892,0.407,0,0,Sunday,2024,0
US,USD,GBP,web,75.87,75.87,2.82,0.8,FALSE,enhanced,367,0.939,0.176,0,0,Thursday,2024,0
CA,CAD,CAD,mobile,166.7,123.36,3.07,1,FALSE,standard,947,0.625,0.268,0,0,Friday,2023,0
US,USD,CNY,mobile,1274.01,1274.01,19.72,7.142857,FALSE,standard,859,0.96,0.363,0,0,Monday,2024,0
US,USD,INR,ATM,252.65,252.65,4.44,83.333333,FALSE,standard,263,0.522,0.223,1,0,Thursday,2025,0
US,USD,GBP,mobile,127.91,127.91,2.97,0.8,FALSE,standard,1018,0.934,0.087,0,0,Friday,2022,0
US,USD,CNY,ATM,286.59,286.59,5.12,7.142857,FALSE,enhanced,257,0.894,0.257,0,0,Friday,2023,0
US,USD,USD,mobile,230.09,230.09,4.01,1,FALSE,enhanced,367,0.939,0.176,0,0,Wednesday,2025,0
UK,GBP,PHP,mobile,-168.96,211.2,9999.99,73.529412,FALSE,standard,4,-0.1,0.407,0,0,Sunday,2023,0
US,USD,EUR,mobile,65.43,65.43,2.11,0.925926,FALSE,standard,859,0.81,0.363,0,0,Friday,2023,0
